address,year,x,y,exact_date
144 Townsend St.,1904.000000000000000,-88.134440499999997,41.724355699999997, 
Liberty Hall,1902.000000000000000,-87.665550999999994,41.900658999999997, 
728 W. Monroe St.,1909.000000000000000,-87.675586999999993,41.880076000000003, 
6320 Madison (now Dorchester) Ave.,1909.000000000000000,-87.591815999999994,41.779826000000000, 
340 31st St.,1909.000000000000000,-87.627285999999998,41.838251999999997, 
Blackhawk & Ashland Ave.,1909.000000000000000,-87.667609999999996,41.906993000000000, 
370 N Marshfield Ave.,1909.000000000000000,-87.668530000000004,41.897893000000003, 
65 Rees St.,1909.000000000000000,-87.647636000000006,41.906377999999997, 
268 W. Randolph St.,1909.000000000000000,-87.651318000000003,41.884349999999998, 
3138 LaSalle St.,1909.000000000000000,-87.630268000000001,41.836989000000003, 
Humboldt Park,1909.000000000000000,-87.698834000000005,41.904071000000002, 
65 Rees St.,1909.000000000000000,-87.647661999999997,41.906376000000002, 
2725 State St.,1909.000000000000000,-87.626519000000002,41.843822000000003, 
3000 Dearborn St.,1909.000000000000000,-87.628518000000000,41.839323999999998, 
61st & Ada Streets,1909.000000000000000,-87.658259999999999,41.782980999999999, 
2818 Lowe Ave.,1909.000000000000000,-87.642903000000004,41.843120999999996, 
503 Madison,1909.000000000000000,-87.663043999999999,41.881489999999999, 
2208 Dearborn St.,1909.000000000000000,-87.628336000000004,41.852327000000002, 
5609 Prairie Ave.,1909.000000000000000,-87.618869000000004,41.792673999999998, 
200 W. Jackson Blvd.,1909.000000000000000,-87.648628000000002,41.877927999999997, 
690 Osgood St.,1909.000000000000000,-87.655116000000007,41.931266999999998, 
651 Holt Ave.,1909.000000000000000,-87.665115999999998,41.906664999999997, 
388 Harrison St.,1909.000000000000000,-87.653785999999997,41.874316000000000, 
Milwaukee & Ashland Ave.,1909.000000000000000,-87.667477000000005,41.903998000000001, 
3441 E. 95th St.,1909.000000000000000,-87.538256000000004,41.722974999999998, 
15 E. Taylor,1909.000000000000000,-87.628041999999994,41.869917000000001, 
49 and Wabash Ave.,1909.000000000000000,-87.624357000000003,41.805537999999999, 
Chicago Av. & Carpenter St.,1909.000000000000000,-87.653557000000006,41.896287999999998, 
453 W. 60th ST.,1909.000000000000000,-87.633686999999995,41.785271000000002, 
2849 S. Sawyer Ave.,1909.000000000000000,-87.705837000000002,41.840006000000002, 
1438 Wabash Ave.,1909.000000000000000,-87.625938000000005,41.863208999999998, 
856 W. 17th St.,1909.000000000000000,-87.674667999999997,41.858575999999999, 
123rd St. & Michigan Ave.,1909.000000000000000,-87.620226000000002,41.670636999999999, 
26th Place & Dearborn st.,1909.000000000000000,-87.628129999999999,41.845064999999998, 
3254 S. Morgan St.,1909.000000000000000,-87.651131000000007,41.831161000000002, 
8222 Campbell Ave.,1909.000000000000000,-87.685522000000006,41.743572999999998, 
5501 Wentworth Ave.,1909.000000000000000,-87.630340000000004,41.794052999999998, 
106 W. Polk St.,1909.000000000000000,-87.640504000000007,41.871977999999999, 
4459 Honore St.,1909.000000000000000,-87.670801999999995,41.812779999999997, 
13th and Wabash,1909.000000000000000,-87.625811999999996,41.865682000000000, 
313 Elston Ave.,1909.000000000000000,-87.659636000000006,41.905490000000000, 
lagoon at Lincoln Park foot Fullerton Av.,1909.000000000000000,-87.632115999999996,41.925859000000003, 
42 N. Sheldon St.,1909.000000000000000,-87.662431999999995,41.885610999999997, 
56 Miller St.,1909.000000000000000,-87.652241000000004,41.872414999999997, 
31st & Keeley Streets,1909.000000000000000,-87.651278000000005,41.837963000000002, 
2493 Hamilton Ave.,1909.000000000000000,-87.682232999999997,41.961705000000002, 
9885 S. Troy,1909.000000000000000,-87.700368999999995,41.714697000000001, 
753 Clybourn Ave.,1909.000000000000000,-87.665008000000000,41.922074000000002, 
3414 State St.,1909.000000000000000,-87.626974000000004,41.832447999999999, 
2404 Wabash Ave.,1909.000000000000000,-87.625670999999997,41.848765999999998, 
621 Madison St.,1909.000000000000000,-87.667957999999999,41.881416999999999, 
15 Emma St.,1909.000000000000000,-87.662695999999997,41.900193000000002, 
1437 E. 63rd St.,1909.000000000000000,-87.590913999999998,41.780521999999998, 
Dearborn between 15th and 16th,1909.000000000000000,-87.628809000000004,41.860892999999997, 
Chicago Ave. & Morgan St.,1909.000000000000000,-87.652635000000004,41.896313999999997, 
Ohio & Halsted Streets,1909.000000000000000,-87.647676000000004,41.892240999999999, 
3901 Armour Ave.,1909.000000000000000,-87.628422000000000,41.823335999999998, 
3703 Wentworth Ave.,1909.000000000000000,-87.631105000000005,41.826861000000001, 
2338 LaSalle st.,1909.000000000000000,-87.631050999999999,41.850065999999998, 
2909 Dearborn,1909.000000000000000,-87.627626000000006,41.841397999999998, 
4833 Throop St.,1909.000000000000000,-87.657304999999994,41.805942999999999, 
106 W. Division St.,1909.000000000000000,-87.650531999999998,41.903578000000003, 
1708 W. 19th St.,1909.000000000000000,-87.668959000000001,41.855972000000001, 
7730 Greenwood Ave.,1909.000000000000000,-87.598360999999997,41.754035000000002, 
1169 W. North Ave.,1909.000000000000000,-87.709048999999993,41.910038999999998, 
373 S Clark St.,1909.000000000000000,-87.630330999999998,41.873356999999999, 
3759 Hermitage Ave.,1909.000000000000000,-87.673377000000002,41.995106000000000, 
1169 W. North Ave.,1909.000000000000000,-87.709028000000004,41.910079000000003, 
4223 Emerald Ave.,1909.000000000000000,-87.644214000000005,41.817010000000003, 
Wood & Huron St.,1909.000000000000000,-87.672163999999995,41.894053999999997, 
174 N. Halsted St.,1909.000000000000000,-87.647615999999999,41.890503000000002, 
"N. Elizabeth St., near W. Madison St.",1909.000000000000000,-87.658771999999999,41.881822000000000, 
6050 Langley Ave.,1909.000000000000000,-87.608660000000000,41.784666000000001, 
4421 S. Wood St.,1909.000000000000000,-87.669567000000001,41.813291999999997, 
"N. Elizabeth St., near W. Madison St.",1909.000000000000000,-87.658758000000006,41.881860000000003, 
Ravenswood Park Hospital,1909.000000000000000,-87.675008000000005,41.965418999999997, 
4577 Laflin St.,1909.000000000000000,-87.662313999999995,41.810778999999997, 
285 Wabash Ave.,1909.000000000000000,-87.626028000000005,41.876311999999999, 
38th Pl. and S. Halsted St.,1909.000000000000000,-87.646017999999998,41.824471000000003, 
4188 Wayne Ave.,1909.000000000000000,-87.664900000000003,42.005867000000002, 
85th & Superior (now Burley) Ave.,1909.000000000000000,-87.545379999999994,41.741076999999997, 
42nd & Robey,1909.000000000000000,-87.674350000000004,41.816834999999998, 
3701 State St.,1909.000000000000000,-87.626304000000005,41.827199000000000, 
1836 N. Claremont Av.,1909.000000000000000,-87.687087000000005,41.943921000000003, 
525 S. Albany Ave.,1909.000000000000000,-87.703228999999993,41.867333000000002, 
Ashland and Fullerton Ave.,1909.000000000000000,-87.668194000000000,41.925134999999997, 
Elizabeth St. between Austin & Grand Ave.,1909.000000000000000,-87.659021999999993,41.890355000000000, 
11730 Indiana Ave.,1909.000000000000000,-87.618058000000005,41.680501000000000, 
134 Gault Ct.,1909.000000000000000,-87.641919000000001,41.900585000000000, 
143 Larrabee St.,1909.000000000000000,-87.643117000000004,41.901547999999998, 
2115 W. 21st St.,1909.000000000000000,-87.728153000000006,41.853340000000003, 
32nd St. & Wall (now May) St.,1909.000000000000000,-87.654782999999995,41.836086999999999, 
1158 W. 47th Pl.,1909.000000000000000,-87.651549000000003,41.807734000000004, 
31st and Armour Ave.,1909.000000000000000,-87.628978000000004,41.838244000000003, 
14th St. and Jefferson,1909.000000000000000,-87.642065000000002,41.863581000000003, 
8934 W. 16th St.,1909.000000000000000,-87.646506000000002,41.934790000000000, 
118th st. and Emerald Ave.,1908.000000000000000,-87.640709999999999,41.679676999999998, 
28 St. & Wabash Ave.,1908.000000000000000,-87.625300999999993,41.843328000000000, 
Oak & Milton,1909.000000000000000,-87.640721999999997,41.900438000000001, 
333 S. Clark St.,1909.000000000000000,-87.630700000000004,41.875515000000000, 
147 W. Chicago Ave.,1908.000000000000000,-87.651027999999997,41.896304999999998, 
120 DeKoven St.,1908.000000000000000,-87.640502999999995,41.868977999999998, 
721 W. 25th Pl.,1909.000000000000000,-87.644172999999995,41.846358000000002, 
Southwest corner of Harrison St. and Ogden Ave.,1908.000000000000000,-87.675554000000005,41.873795999999999, 
48th St. & Archer,1909.000000000000000,-87.717228000000006,41.806097999999999, 
44 E 12th St.,1908.000000000000000,-87.625279000000006,41.867261999999997, 
5 W. 15th St.,1908.000000000000000,-87.638615000000001,41.861212000000002, 
Locust & Townsend Streets,1909.000000000000000,-87.639989000000000,41.898845000000001, 
3816 Ellis Ave.,1908.000000000000000,-87.606482000000000,41.826107999999998, 
22d & State St.,1908.000000000000000,-87.627208999999993,41.852817000000002, 
629 W. Madison St.,1909.000000000000000,-87.643462999999997,41.881825999999997, 
Goethe and Wells Streets,1908.000000000000000,-87.634508999999994,41.905726999999999, 
305 N Clark St.,1909.000000000000000,-87.632842999999994,41.898408000000003, 
28th & Ashland Ave. near Ill. & Mich. Canal,1909.000000000000000,-87.665938999999995,41.841256000000001, 
95 st and Calumet River,1908.000000000000000,-87.548327000000000,41.722731000000003, 
3034 Wentworth,1909.000000000000000,-87.631781000000004,41.839306999999998, 
1914 Dearborn St.,1909.000000000000000,-87.628679000000005,41.856194000000002, 
252 E 55th St.,1908.000000000000000,-87.590947000000000,41.795313000000000, 
LaSalle near 23rd St.,1909.000000000000000,-87.630889999999994,41.851063000000003, 
6121 Honore St.,1909.000000000000000,-87.670174000000003,41.782054000000002, 
4632 Ashland Ave.,1908.000000000000000,-87.665104999999997,41.809148999999998, 
"Central Park Ave., 75 ft. south of Armitage Ave.",1909.000000000000000,-87.716689000000002,41.917020000000001, 
4400 W. Madison St.,1909.000000000000000,-87.735411999999997,41.880682000000000, 
1438 W 59th St.,1908.000000000000000,-87.658831000000006,41.786724999999997, 
23rd St. & Indiana Ave.,1909.000000000000000,-87.622275000000002,41.851039000000000, 
pier foot of 16th St.,1909.000000000000000,-87.612414000000001,41.860365999999999, 
Taylor and Halsted St.,1908.000000000000000,-87.646951000000001,41.869562999999999, 
569 Noble St.,1909.000000000000000,-87.662643000000003,41.903194999999997, 
2602 Ogden Ave.,1909.000000000000000,-87.691091999999998,41.863083000000003, 
4554 Justine St.,1908.000000000000000,-87.663774000000004,41.811069000000003, 
44th Ave. and 35th St.,1909.000000000000000,-87.735506999999998,41.830098000000000, 
9383 Ewing Ave.,1909.000000000000000,-87.538571000000005,41.725464000000002, 
82 N. Campbell Ave.,1908.000000000000000,-87.689052000000004,41.887551000000002, 
26th and Illinois Central Railroad,1909.000000000000000,-87.614743000000004,41.845084999999997, 
2459 State St.,1909.000000000000000,-87.626874000000001,41.848441000000001, 
44 E.12th St.,1908.000000000000000,-87.624977999999999,41.867235999999998, 
Wentworth Ave. and 21st St.,1909.000000000000000,-87.631805000000000,41.854266000000003, 
2410 Dearborn St.,1909.000000000000000,-87.628344999999996,41.848579999999998, 
Lake St. between Morgan & Carpenter Streets,1908.000000000000000,-87.652766000000000,41.885314999999999, 
38th Pl. & Washtenaw,1908.000000000000000,-87.692176000000003,41.823732000000000, 
764 Boston Ave.,1909.000000000000000,-87.646848000000006,41.877327000000001, 
5410 Woodlawn Ave.,1909.000000000000000,-87.596648999999999,41.797404000000000, 
243 Larrabee St.,1908.000000000000000,-87.643325000000004,41.905360000000002, 
Wood & Huron Streets,1908.000000000000000,-87.672185999999996,41.894140000000000, 
519 Rush St.,1909.000000000000000,-87.625230999999999,41.891426000000003, 
Madison and Sangamon Streets,1908.000000000000000,-87.650865999999994,41.881732000000000, 
5030 Princeton Ave.,1908.000000000000000,-87.633196999999996,41.802914999999999, 
"Vernan Av., 35th St., and Grand Blvd.",1908.000000000000000,-87.616003000000006,41.831060000000001, 
297 Austin Av.,1908.000000000000000,-87.658203000000000,41.889958999999998, 
2002 Armour Ave.,1908.000000000000000,-87.629307999999995,41.855195000000002, 
27th St. near Armour Ave.,1908.000000000000000,-87.629146000000006,41.844270000000002, 
Taylor & Jefferson Streets,1908.000000000000000,-87.642278000000005,41.869720999999998, 
1242 Michigan Ave.,1908.000000000000000,-87.624291999999997,41.867013000000000, 
3816 Ellis Ave.,1908.000000000000000,-87.606403000000000,41.826179000000003, 
Plymouth Ct. near Polk St.,1908.000000000000000,-87.628656000000007,41.872269000000003, 
2024 Chicago Ave.,1908.000000000000000,-87.728498999999999,41.895228000000003, 
7758 Coles Av.,1908.000000000000000,-87.553404999999998,41.754970999999998, 
522 Larrabee St.,1908.000000000000000,-87.643525999999994,41.914608999999999, 
178 W Polk St.,1908.000000000000000,-87.645872999999995,41.871957999999999, 
8012 Saginaw Ave.,1908.000000000000000,-87.560100000000006,41.749448000000001, 
203 Blue Island Ave.,1908.000000000000000,-87.651621000000006,41.869033999999999, 
862 N Winchester Ave.,1908.000000000000000,-87.676298000000003,41.913164000000002, 
Sangamon & Van Buren Streets,1908.000000000000000,-87.650672000000000,41.876632999999998, 
Wright St. & Grand Ave.,1908.000000000000000,-87.692772000000005,41.892800000000001, 
1397 S State,1908.000000000000000,-87.627628999999999,41.873604000000000, 
419 Armitage Av.,1908.000000000000000,-87.683994999999996,41.917619000000002, 
2312 N. 64 Av.,1908.000000000000000,-87.796177000000000,41.948624000000002, 
55 N. Clark St.,1908.000000000000000,-87.631094000000004,41.889456000000003, 
5136 State St.,1908.000000000000000,-87.626018000000002,41.801040000000000, 
579 Holt Ave.,1908.000000000000000,-87.665048999999996,41.904290000000003, 
53 Alexander St.,1908.000000000000000,-87.634426000000005,41.851387000000003, 
39th st. & Cottage Grove Av.,1908.000000000000000,-87.607048000000006,41.824244999999998, 
128 S. Halsted,1909.000000000000000,-87.647334000000001,41.879567000000002, 
3656 Forest Ave.,1908.000000000000000,-87.619281999999998,41.827812000000002, 
267 W. Madison St.,1908.000000000000000,-87.651647999999994,41.881608999999997, 
2800 Union Ave.,1908.000000000000000,-87.644046000000003,41.843401999999998, 
Franklin Blvd and Monticello Ave.,1908.000000000000000,-87.717237999999995,41.889853000000002, 
9457 Cottage Grove Av,1908.000000000000000,-87.604375000000005,41.722416000000003, 
76 West 23rd Pl.,1908.000000000000000,-87.621495999999993,41.850591000000001, 
27th st. & Armour Ave.,1908.000000000000000,-87.629116999999994,41.844290000000001, 
3008 5th Ave.,1908.000000000000000,-87.632924000000003,41.838858999999999, 
Hoyne & Washington Blvd,1908.000000000000000,-87.679080999999996,41.883102000000001, 
7617 Greenwood Ave.,1908.000000000000000,-87.597290000000001,41.756559000000003, 
852 School St.,1908.000000000000000,-87.667518999999999,41.941490000000002, 
92 Wells St.,1908.000000000000000,-87.634062999999998,41.891157000000000, 
Jefferson & Ewing Streets,1908.000000000000000,-87.642302999999998,41.871248999999999, 
4007 Grand Blvd,1908.000000000000000,-87.616594000000006,41.820878999999998, 
8908 The Strand,1908.000000000000000,-87.540299000000005,41.733618999999997, 
Crossing & Elston Ave.,1908.000000000000000,-87.667045000000002,41.917208000000002, 
5412 Cornell Ave.,1908.000000000000000,-87.585644000000002,41.797829999999998, 
31st and St. Louis Ave.,1908.000000000000000,-87.712042999999994,41.837000000000003, 
210 W. Division,1908.000000000000000,-87.668099999999995,41.903339000000003, 
47th & Wabash Ave.,1908.000000000000000,-87.624566999999999,41.809260999999999, 
2819 LaSalle St.,1908.000000000000000,-87.630024000000006,41.843094999999998, 
327 N. Albany Av.,1908.000000000000000,-87.704015999999996,41.894413000000000, 
on Paulina st. between 45th & 46th Streets,1908.000000000000000,-87.667382000000003,41.811101000000001, 
196 W. Monroe St.,1908.000000000000000,-87.647828000000004,41.880482999999998, 
Jefferson & Mather Streets,1908.000000000000000,-87.642335000000003,41.872810000000001, 
2517 Dearborn St.,1908.000000000000000,-87.628133000000005,41.846271999999999, 
Ashland & 41st St.,1908.000000000000000,-87.645910000000001,41.820241000000003, 
642 W. 12th St.,1908.000000000000000,-87.665981000000002,41.866779999999999, 
25 St. and Trumbull Av.,1908.000000000000000,-87.711029999999994,41.846122000000001, 
3819 LaSalle,1908.000000000000000,-87.629608000000005,41.824992999999999, 
68th & Halsted Streets,1908.000000000000000,-87.644537000000000,41.770504000000003, 
1081 N. 44th Ave,1908.000000000000000,-87.736215999999999,41.916072999999997, 
Halsted & 66 Pl.,1908.000000000000000,-87.644536000000002,41.773279000000002, 
42 N. California Ave.,1908.000000000000000,-87.696404999999999,41.886006000000002, 
Riverview Park,1908.000000000000000,-87.694586999999999,41.942898000000000, 
812 S. Halsted St.,1908.000000000000000,-87.646518999999998,41.854283000000002, 
51 W. 15th St.,1908.000000000000000,-87.640426000000005,41.861201000000001, 
112 Gault Ct.,1908.000000000000000,-87.641863999999998,41.899577999999998, 
Mogan St. and Chicago Ave.,1908.000000000000000,-87.652655999999993,41.896301999999999, 
18th St. & Calumet Av.,1908.000000000000000,-87.619668000000004,41.857869999999998, 
2312 Dearborn St.,1908.000000000000000,-87.628187999999994,41.850589999999997, 
727 W. 47th St.,1908.000000000000000,-87.641772000000003,41.808801000000003, 
4122 Wentworth Ave.,1908.000000000000000,-87.631298000000001,41.819583999999999, 
4953 Dearborn St.,1908.000000000000000,-87.627129999999994,41.804347000000000, 
19th & State St.,1908.000000000000000,-87.627195999999998,41.856622000000002, 
1170 Lake St.,1908.000000000000000,-87.692014999999998,41.884402999999999, 
Washington Blvd. & Hoyne Ave.,1908.000000000000000,-87.679085999999998,41.883105000000000, 
260 W. Adams st.,1908.000000000000000,-87.651334000000006,41.879131000000001, 
3808 Armour Ave.,1908.000000000000000,-87.629065999999995,41.824733000000002, 
92 Wells St.,1908.000000000000000,-87.634129999999999,41.891025999999997, 
41 E. Chicago Ave.,1908.000000000000000,-87.641622999999996,41.896512999999999, 
Blackhawk St. & Holt Ave.,1908.000000000000000,-87.665167999999994,41.906970000000001, 
rear of 37 Gault Ct.,1908.000000000000000,-87.641828000000004,41.897146999999997, 
2900 State St.,1908.000000000000000,-87.626992999999999,41.841825999999998, 
Halsted & 43rd Streets,1908.000000000000000,-87.645769999999999,41.816057000000001, 
173 W. Polk St.,1908.000000000000000,-87.644266999999999,41.871954000000002, 
71 McHenry St.,1908.000000000000000,-87.660396000000006,41.911212999999996, 
33 Cedar St.,1908.000000000000000,-87.626372000000003,41.902338999999998, 
4027 S. Ashland Ave.,1908.000000000000000,-87.665188999999998,41.819786000000001, 
1344 Wabash Ave.,1907.000000000000000,-87.625766999999996,41.864860999999998, 
203 S. Water St.,1908.000000000000000,-87.633616000000004,41.886747999999997, 
Bryn Mawr Ave. near N. Clark St.,1908.000000000000000,-87.668698000000006,41.983362000000000, 
313 Milwaukee Ave.,1908.000000000000000,-87.651205000000004,41.893504999999998, 
3552 Armour Ave.,1908.000000000000000,-87.629013000000000,41.830193999999999, 
1555 Wabash Ave.,1908.000000000000000,-87.625680000000003,41.860850999999997, 
234 Illinois St.,1908.000000000000000,-87.627742999999995,41.890880000000003, 
81st & Wallace Streets,1908.000000000000000,-87.638975000000002,41.746943999999999, 
"226 Illinois St., 3rd flat",1908.000000000000000,-87.628566000000006,41.890860000000004, 
43 Harmon Ct.,1908.000000000000000,-87.625527000000005,41.869258000000002, 
16th & 42nd Av.,1908.000000000000000,-87.729721999999995,41.858702999999998, 
406 Clark St.,1908.000000000000000,-87.630634000000001,41.873283999999998, 
4048 Indiana Ave.,1908.000000000000000,-87.621499999999997,41.820771000000001, 
Hoyne and Austin,1907.000000000000000,-87.679353000000006,41.889722999999996, 
2301 Wabash Ave.,1907.000000000000000,-87.625328999999994,41.850180999999999, 
5850 State,1907.000000000000000,-87.625562000000002,41.789132000000002, 
305-7 S Clark St.,1907.000000000000000,-87.630740000000003,41.876455000000000, 
3641 Armour Ave.,1907.000000000000000,-87.628951999999998,41.828572999999999, 
Wabansia and McHenry St.,1907.000000000000000,-87.661529999999999,41.914000000000001, 
272 W Harrison,1907.000000000000000,-87.650105999999994,41.874386000000001, 
Noble & Bradley Streets,1907.000000000000000,-87.662685999999994,41.905208000000002, 
719 W. 22nd St.,1907.000000000000000,-87.668897999999999,41.852269999999997, 
3157 S. Halsted St.,1907.000000000000000,-87.646286000000003,41.837195999999999, 
3145 Emerald Ave.,1907.000000000000000,-87.645037000000002,41.837133999999999, 
150 E. 17th St.,1907.000000000000000,-87.628771999999998,41.858969999999999, 
94 Law Ave.,1907.000000000000000,-87.643174999999999,41.872915999999996, 
2734 Armour Ave.,1907.000000000000000,-87.629208000000006,41.843727000000001, 
10 Quincy St.,1907.000000000000000,-87.628535999999997,41.878889999999998, 
Elston Av. and Addison St. car-barn yards,1907.000000000000000,-87.708943000000005,41.946627999999997, 
43 S. Curtis,1907.000000000000000,-87.654371999999995,41.882339000000002, 
650 South Fairfield Ave.,1907.000000000000000,-87.694545000000005,41.864415000000001, 
478 W. 14th St.,1907.000000000000000,-87.657711000000006,41.863397999999997, 
48 St. and Oakley Av.,1907.000000000000000,-87.681832000000000,41.806488000000002, 
64 Oak St.,1907.000000000000000,-87.642551999999995,41.900426000000003, 
Union Stock Yards,1907.000000000000000,-87.646855000000002,41.818579000000000, 
816 W 17th,1907.000000000000000,-87.672476000000003,41.858615000000000, 
North Av and Noble St.,1907.000000000000000,-87.662852000000001,41.910696999999999, 
19th St. between Paulina and Wood,1907.000000000000000,-87.669760999999994,41.855905000000000, 
Washington Blvd. & Washtenaw Ave.,1907.000000000000000,-87.693937000000005,41.882907000000003, 
German American Hospital,1907.000000000000000,-87.642307000000002,41.924095999999999, 
1223 S 41st Ave.,1907.000000000000000,-87.727485999999999,41.865009000000001, 
552 Haddon Pl.,1907.000000000000000,-87.688370000000006,41.902050000000003, 
63rd St. & Wentworth Av.,1907.000000000000000,-87.630161000000001,41.779947999999997, 
313 Milwaukee Ave.,1907.000000000000000,-87.651163999999994,41.893526999999999, 
134 W Harrison St.,1907.000000000000000,-87.641700999999998,41.874321000000002, 
531 Wells St.,1907.000000000000000,-87.634635000000003,41.908408999999999, 
397 S. State St.,1907.000000000000000,-87.627667000000002,41.873767999999998, 
California & Chicago Ave.,1907.000000000000000,-87.696680000000001,41.895668000000001, 
1818 88th St.,1907.000000000000000,-87.608306999999996,41.734693999999998, 
2730 Armour Ave.,1907.000000000000000,-87.629189999999994,41.843710000000002, 
County Hospital,1907.000000000000000,-87.673185000000004,41.874119999999998, 
232 Illinois St.,1907.000000000000000,-87.628075999999993,41.890766999999997, 
1048 N Spaulding,1907.000000000000000,-87.710295000000002,41.916393999999997, 
214 E. 22nd St.,1907.000000000000000,-87.627717000000004,41.852941999999999, 
307 S Jefferson,1907.000000000000000,-87.642382999999995,41.873181000000002, 
4544 Indiana Ave.,1907.000000000000000,-87.621245000000002,41.811947000000004, 
48th & Ada Streets,1907.000000000000000,-87.658788999999999,41.806755000000003, 
232 Orleans,1907.000000000000000,-87.637235000000004,41.897736000000002, 
151 E. Indiana,1907.000000000000000,-87.633519000000007,41.891511999999999, 
1521 State St.,1907.000000000000000,-87.627308999999997,41.861224999999997, 
38th and Wood st,1907.000000000000000,-87.670258000000004,41.824894999999998, 
9 N May St.,1907.000000000000000,-87.655620999999996,41.884835000000002, 
5317 S Halsted,1907.000000000000000,-87.645172000000002,41.797241000000000, 
Clinton & Lake Streets.,1907.000000000000000,-87.641298000000006,41.885728000000000, 
167 Howe St.,1907.000000000000000,-87.644851000000003,41.916482999999999, 
3736 Wallace St.,1907.000000000000000,-87.641116999999994,41.826137000000003, 
Aberdeen & Tilden Ave.,1907.000000000000000,-87.654466999999997,41.876120000000000, 
2190 W. North Ave.,1907.000000000000000,-87.746061999999995,41.909652999999999, 
3621 S Halsted St.,1907.000000000000000,-87.646013999999994,41.828364999999998, 
Weed & Dayton sts.,1907.000000000000000,-87.649494000000004,41.909830999999997, 
337 S. Morgan St.,1907.000000000000000,-87.651214999999993,41.871381000000000, 
964 Winona St.,1907.000000000000000,-87.667057999999997,41.975296000000000, 
408 W. North Ave.,1907.000000000000000,-87.675676999999993,41.910513000000002, 
4620 S. Ashland Av.,1907.000000000000000,-87.664991999999998,41.809581999999999, 
vicinity of Center Av. May & Lake sts.,1907.000000000000000,-87.655651000000006,41.885511999999999, 
Elston Av & Clybourn Place,1906.000000000000000,-87.666380000000004,41.916307000000003, 
Home of Henry Morris,1907.000000000000000,-87.653267999999997,41.872433999999998, 
715 Throop St.,1907.000000000000000,-87.658717999999993,41.854591999999997, 
123 Canalport Av.,1907.000000000000000,-87.644371000000007,41.855657999999998, 
2607 S. Halsted St.,1907.000000000000000,-87.646438000000003,41.844920000000002, 
Armitage & Hoyne Av.,1907.000000000000000,-87.680071999999996,41.917689000000003, 
95 S. Halsted St.,1907.000000000000000,-87.647326000000007,41.881056999999998, 
6248 Normal Av.,1907.000000000000000,-87.637478000000002,41.781990999999998, 
Front & Carpenter St.,1907.000000000000000,-87.653735999999995,41.897328999999999, 
486 LaSalle Av.,1907.000000000000000,-87.633009000000001,41.904777000000003, 
2946 Groveland Av.,1907.000000000000000,-87.613421000000002,41.840952999999999, 
Grand Av. & Peoria St.,1907.000000000000000,-87.649987999999993,41.891148999999999, 
3401 S. State St.,1907.000000000000000,-87.626485000000002,41.824623000000003, 
6248 Normal Ave.,1907.000000000000000,-87.637445000000000,41.777112000000002, 
105 N. Clark St.,1907.000000000000000,-87.631130999999996,41.891202999999997, 
Halsted & Harrison Streets,1907.000000000000000,-87.647144999999995,41.874203000000001, 
55 Norton St.,1907.000000000000000,-87.656081000000000,41.872332000000000, 
9 Dayton St.,1907.000000000000000,-87.649383999999998,41.906956999999998, 
4336 Champlain Av.,1907.000000000000000,-87.610358000000005,41.815973999999997, 
669 Austin Ave.,1906.000000000000000,-87.676641000000004,41.889705999999997, 
Chase Av.,1907.000000000000000,-87.661877000000004,42.013903999999997, 
327 Blue Island Av.,1907.000000000000000,-87.655077000000006,41.864970000000000, 
478 W. 14th St.,1907.000000000000000,-87.657809000000000,41.863394000000000, 
1336 W. 20th St.,1907.000000000000000,-87.697038000000006,41.854647999999997, 
St. Elizabeth's Hospital,1907.000000000000000,-87.685730000000007,41.908347999999997, 
22nd St. and State St.,1907.000000000000000,-87.627122999999997,41.852691999999998, 
22nd & State St.,1907.000000000000000,-87.627076000000002,41.852924999999999, 
111 Sedgewick St.,1907.000000000000000,-87.638728999999998,41.897824000000000, 
433 W. 17th St.,1907.000000000000000,-87.654792999999998,41.858809999999998, 
Clybourn & Wrightwood Av.,1907.000000000000000,-87.673963000000001,41.928680000000000, 
3204 Wentworth Av.,1907.000000000000000,-87.631641999999999,41.836126000000000, 
County hospital,1907.000000000000000,-87.672040999999993,41.874205000000003, 
18th St. & State St.,1907.000000000000000,-87.627182000000005,41.857809000000003, 
3604 Wentworth Av.,1907.000000000000000,-87.631485999999995,41.829310999999997, 
near State st. & 16th st.,1907.000000000000000,-87.627221000000006,41.860120999999999, 
3110 State St.,1907.000000000000000,-87.626723999999996,41.837265000000002, 
2852 Archer Av.,1907.000000000000000,-87.655857999999995,41.842619999999997, 
297 W. Ohio St.,1907.000000000000000,-87.660212999999999,41.892510000000001, 
1566 W. 22nd St.,1904.000000000000000,-87.704178999999996,41.851669999999999, 
State St.,1904.000000000000000,-87.627714999999995,41.878915999999997, 
3600 Wallace St.,1904.000000000000000,-87.641298000000006,41.828882000000000, 
928 Wolfram St.,1904.000000000000000,-87.665190999999993,41.933452000000003, 
Lake St. & Oakley Ave.,1904.000000000000000,-87.684040999999993,41.884723000000001, 
211 W. Lake St.,1904.000000000000000,-87.648003000000003,41.885562000000000, 
218 W. North Ave.,1904.000000000000000,-87.666639000000004,41.910564999999998, 
207 W. Lake St.,1904.000000000000000,-87.648025000000004,41.885570000000001, 
35th St. & Archer Ave.,1904.000000000000000,-87.677733000000003,41.830376999999999, 
1625 Armour Ave.,1904.000000000000000,-87.629420999999994,41.859676999999998, 
2927 Keeley St.,1905.000000000000000,-87.654397000000003,41.841728000000003, 
21st St. & Loomis St.,1904.000000000000000,-87.661209999999997,41.854258999999999, 
44th St. & Indiana Ave.,1903.000000000000000,-87.621352999999999,41.814762000000002, 
61st St. & Halsted St.,1904.000000000000000,-87.644795000000002,41.783273000000001, 
1808 State St.,1904.000000000000000,-87.627381999999997,41.857616000000000, 
Dunning Asylum,1904.000000000000000,-87.793937000000000,41.954863000000003, 
Adams St. & DesPlaines St.,1904.000000000000000,-87.644032999999993,41.879243000000002, 
34 Norton St.,1904.000000000000000,-87.656059999999997,41.873100000000001, 
555 W. 15th St.,1904.000000000000000,-87.665082999999996,41.861562999999997, 
24 Fleetwood St.,1904.000000000000000,-87.659547000000003,41.908265999999998, 
3108 State St.,1903.000000000000000,-87.626867000000004,41.837586999999999, 
61 Austin Ave.,1903.000000000000000,-87.645062999999993,41.890202000000002, 
2011 S. Clark St.,1904.000000000000000,-87.630043000000001,41.855241999999997, 
Archer Ave. & Ashland Ave.,1904.000000000000000,-87.665758999999994,41.837651000000001, 
2101 State St.,1903.000000000000000,-87.626964000000001,41.854131000000002, 
Randolph St. & Dearborn St.,1903.000000000000000,-87.629463999999999,41.884442999999997, 
85 Wells St.,1904.000000000000000,-87.634195000000005,41.891137000000001, 
29th St. & Stewart Ave.,1904.000000000000000,-87.636459000000002,41.841096000000000, 
812 W. 13th St.,1903.000000000000000,-87.667518999999999,41.866013000000002, 
142 W. Madison St.,1904.000000000000000,-87.644987999999998,41.881720000000001, 
329 Ohio St.,1904.000000000000000,-87.625096999999997,41.892614000000002, 
237 E. Erie St.,1903.000000000000000,-87.630397000000002,41.894108000000003, 
1427 State St.,1904.000000000000000,-87.627510999999998,41.862977000000001, 
2830 State St.,1904.000000000000000,-87.627016999999995,41.842471000000003, 
183 Gault Ct.,1903.000000000000000,-87.642015999999998,41.902380999999998, 
Lake St. & Hermitage Ave.,1904.000000000000000,-87.670630000000003,41.885210000000001, 
604 W. 81st St.,1904.000000000000000,-87.636824000000004,41.747157999999999, 
154 Chicago Ave.,1903.000000000000000,-87.636234000000002,41.896424000000003, 
175 19th St.,1904.000000000000000,-87.629581999999999,41.856504999999999, 
312 W. Monroe St.,1904.000000000000000,-87.653206999999995,41.880496999999998, 
107 DeKoven St.,1903.000000000000000,-87.639989000000000,41.869104999999998, 
Western Ave.,1904.000000000000000,-87.687914000000006,41.932175000000001, 
3430 Dearborn St.,1904.000000000000000,-87.627950999999996,41.831752000000002, 
131 W. 19th St.,1903.000000000000000,-87.651983000000001,41.856569000000000, 
Division St. & Milwaukee Ave.,1904.000000000000000,-87.666499999999999,41.903354999999998, 
1309 State St.,1904.000000000000000,-87.627156999999997,41.865454000000000, 
4429 State St.,1903.000000000000000,-87.625988000000007,41.813626999999997, 
168 Clinton St.,1904.000000000000000,-87.641019000000000,41.878971999999997, 
100 N. Hoyne Ave.,1904.000000000000000,-87.679181000000000,41.889012000000001, 
302 1/2 W. Randolph St.,1903.000000000000000,-87.653109999999998,41.884076000000000, 
232 22nd St.,1904.000000000000000,-87.627617999999998,41.853045000000002, 
32nd St. & Benson St.,1904.000000000000000,-87.660630999999995,41.836029000000003, 
3522 Vincennes Ave.,1903.000000000000000,-87.610923999999997,41.829369000000000, 
8950 Strand St.,1904.000000000000000,-87.539299000000000,41.741202000000001, 
59th St. & Halsted St.,1904.000000000000000,-87.644902000000002,41.786904999999997, 
North Ave. & Wells St.,1903.000000000000000,-87.634709999999998,41.911155999999998, 
217 Washington St.,1904.000000000000000,-87.636030000000005,41.883293000000002, 
Monroe St. & Clinton St.,1904.000000000000000,-87.641137000000001,41.880577000000002, 
2108 Armour Ave.,1903.000000000000000,-87.629581999999999,41.854115000000000, 
5350 Laflin st.,1904.000000000000000,-87.662003999999996,41.796224000000002, 
464 State St.,1904.000000000000000,-87.627703999999994,41.871175000000001, 
933 W. Lake St.,1903.000000000000000,-87.683408000000000,41.884642999999997, 
1341 State St.,1904.000000000000000,-87.627532000000002,41.864542999999998, 
179 S. Morgan St.,1904.000000000000000,-87.651758000000001,41.877270000000003, 
Ogden Ave. & Campbell Ave.,1903.000000000000000,-87.688064999999995,41.864015999999999, 
19 S. Peoria St.,1904.000000000000000,-87.649848000000006,41.883620999999998, 
3506 State St.,1904.000000000000000,-87.626384000000002,41.830672999999997, 
12th St. & Wabash Ave.,1903.000000000000000,-87.625837000000004,41.867420000000003, 
36th St. & Kedzie Ave.,1904.000000000000000,-87.704554999999999,41.828090000000003, 
1128 S. Lawndale Ave.,1904.000000000000000,-87.717150000000004,41.848416999999998, 
Leland Ave. & Lincoln Ave.,1903.000000000000000,-87.687291999999999,41.966653999999998, 
310 Sedgwick St.,1903.000000000000000,-87.638508000000002,41.905797999999997, 
2461 Cottage Grove Ave.,1903.000000000000000,-87.616471000000004,41.848537000000000, 
478 Crystal St.,1903.000000000000000,-87.692634999999996,41.904010000000000, 
986 Clybourn Ave.,1903.000000000000000,-87.672067999999996,41.927210000000002, 
4745 Ada St.,1903.000000000000000,-87.658924999999996,41.807108999999997, 
56 Chicago Ave.,1903.000000000000000,-87.641189999999995,41.896352000000000, 
296 W. Madison St.,1903.000000000000000,-87.652991999999998,41.881568000000001, 
2251 Princeton Ave.,1903.000000000000000,-87.634656000000007,41.851534000000001, 
257 E. Kinzie St.,1903.000000000000000,-87.627339000000006,41.889316000000001, 
408 S. Clark St.,1903.000000000000000,-87.630762000000004,41.872996000000001, 
567 State St.,1903.000000000000000,-87.627243000000007,41.867762999999997, 
203 Plymouth Pl.,1903.000000000000000,-87.629452999999998,41.871262999999999, 
31 Better St.,1903.000000000000000,-87.654697999999996,41.870638999999997, 
Ada St. & Lake St.,1903.000000000000000,-87.660759999999996,41.885441999999998, 
748 Allport St.,1903.000000000000000,-87.657520000000005,41.856952000000000, 
Harrison St. & Center Ave.,1903.000000000000000,-87.656844000000007,41.874265999999999, 
3228 Dearborn St.,1903.000000000000000,-87.627961999999997,41.835365000000003, 
110 McHenry St.,1903.000000000000000,-87.660556000000000,41.912018000000003, 
Van Buren St. & Canal St.,1903.000000000000000,-87.639688000000007,41.876734999999996, 
Bradley St. & Elson Ave.,1903.000000000000000,-87.659611999999996,41.905383000000000, 
2012 Armour Ave.,1903.000000000000000,-87.629474000000002,41.855074000000002, 
3020 Lloyd Ave.,1903.000000000000000,-87.659075000000001,41.838825999999997, 
7035 Halsted St.,1903.000000000000000,-87.644204999999999,41.765878000000001, 
Monroe St. & Halsted St.,1903.000000000000000,-87.647327000000004,41.880488999999997, 
100 W. Monroe St.,1903.000000000000000,-87.643304000000001,41.880633000000003, 
Addison Ave. & Robey St.,1903.000000000000000,-87.678537000000006,41.946843000000001, 
61st St. & State St.,1903.000000000000000,-87.625429999999994,41.783400999999998, 
569 Loomis St.,1903.000000000000000,-87.661489000000003,41.859909000000002, 
6851 Halsted St.,1903.000000000000000,-87.644290999999996,41.769311000000002, 
358 W. 18th St.,1903.000000000000000,-87.652820000000006,41.858046999999999, 
Grand Ave. & N. 63rd Ave.,1903.000000000000000,-87.782983000000002,41.921909999999997, 
128 Ontario St.,1903.000000000000000,-87.635987000000000,41.893028999999999, 
14th Pl. & Sangamon St.,1903.000000000000000,-87.649602000000002,41.862290000000002, 
345 S. Jefferson St.,1903.000000000000000,-87.642446000000007,41.871574000000003, 
Polk St. & State St.,1903.000000000000000,-87.627532000000002,41.872253000000001, 
567 State St.,1903.000000000000000,-87.627232000000006,41.867739000000000, 
182 Van Buren St.,1903.000000000000000,-87.634174000000002,41.876775000000002, 
Indiana St. & Wells St.,1903.000000000000000,-87.634077000000005,41.891599999999997, 
2957 Archer Ave.,1903.000000000000000,-87.659600999999995,41.840769000000002, 
125 Milwaukee Ave.,1903.000000000000000,-87.644548000000000,41.889339999999997, 
2036 Archer Ave.,1903.000000000000000,-87.631116000000006,41.854747000000003, 
3832 State St.,1903.000000000000000,-87.626631000000003,41.824604999999998, 
777 Noble St.,1903.000000000000000,-87.662101000000007,41.909328000000002, 
3020 Cottage Grove Ave.,1903.000000000000000,-87.613864000000007,41.839098000000000, 
1061 Elston Ave.,1903.000000000000000,-87.675704999999994,41.923706000000003, 
Grand Ave. & Marshfield Ave.,1903.000000000000000,-87.668356000000003,41.890968999999998, 
685 W. Lake St.,1903.000000000000000,-87.672915000000003,41.885041999999999, 
2921 Farrell St.,1903.000000000000000,-87.651651000000001,41.839322000000003, 
3121 State St.,1903.000000000000000,-87.626437999999993,41.837626999999998, 
326 S. Clark St.,1903.000000000000000,-87.630869000000004,41.875624000000002, 
St. Mary?s Hospital,1903.000000000000000,-87.670641000000003,41.903371000000000, 
392 W. 12th St.,1903.000000000000000,-87.653035000000003,41.866883999999999, 
66 Milton Ave.,1903.000000000000000,-87.640728999999993,41.898747000000000, 
559 E. Division St.,1903.000000000000000,-87.627725999999996,41.904018000000001, 
311 Michigan St.,1903.000000000000000,-87.622844000000001,41.890129999999999, 
618 W. 40th Pl.,1903.000000000000000,-87.639077000000000,41.820726999999998, 
15 N. Clark St.,1903.000000000000000,-87.631158999999997,41.888868000000002, 
Taylor St. & Sherman St.,1903.000000000000000,-87.632553999999999,41.869807999999999, 
Halsted St.,1903.000000000000000,-87.647004999999993,41.871318000000002, 
23rd St. & Wentworth Ave.,1903.000000000000000,-87.631996000000001,41.850974999999998, 
127 W. 23rd St.,1903.000000000000000,-87.677678999999998,41.850414999999998, 
5134 LaSalle St.,1903.000000000000000,-87.630762000000004,41.801175000000001, 
39 Fry St.,1903.000000000000000,-87.659632999999999,41.897069999999999, 
1101 S. Kedzie Ave.,1903.000000000000000,-87.705305999999993,41.849024999999997, 
2004 State St.,1903.000000000000000,-87.627243000000007,41.855105999999999, 
200 Blackhawk St.,1903.000000000000000,-87.647220000000004,41.908560999999999, 
3300 Union Ave.,1903.000000000000000,-87.643894000000003,41.834294000000000, 
3013 Lock St.,1903.000000000000000,-87.661199999999994,41.840823999999998, 
Ogden St. & Campbell Ave.,1903.000000000000000,-87.688064999999995,41.863999999999997, 
Madison St. & Halsted St.,1903.000000000000000,-87.647349000000006,41.881774999999998, 
Madison St. & Union St.,1903.000000000000000,-87.646201000000005,41.881799000000001, 
258 Orleans St.,1903.000000000000000,-87.637360000000001,41.898811000000002, 
730 W. 18th St.,1903.000000000000000,-87.668988999999996,41.857838999999998, 
1834 Dearborn St.,1903.000000000000000,-87.628604999999993,41.857024000000003, 
609 Lincoln Ave.,1903.000000000000000,-87.655674000000005,41.930306999999999, 
2120 W. North Ave.,1903.000000000000000,-87.744980999999996,41.909503000000001, 
Great Northern Theater,1903.000000000000000,-87.628293999999997,41.878819999999997, 
55 E. Chicago Ave.,1903.000000000000000,-87.641189999999995,41.896607000000003, 
222 W. Lake St.,1903.000000000000000,-87.648926000000003,41.885736999999999, 
291 W. Polk St.,1903.000000000000000,-87.650557000000006,41.871989999999997, 
Jackson Blvd. & State St.,1903.000000000000000,-87.627683000000005,41.878228999999997, 
Marshfield Ave.,1903.000000000000000,-87.666167000000002,41.810291999999997, 
5658 Indiana Ave.,1903.000000000000000,-87.620547999999999,41.791240999999999, 
2120 W. North Ave.,1903.000000000000000,-87.744969999999995,41.909511000000002, 
54th St. & Greenwood Ave.,1903.000000000000000,-87.599722999999997,41.797927999999999, 
Randolph St. & Peoria St.,1903.000000000000000,-87.649772999999996,41.884354999999999, 
61st St. & State St.,1903.000000000000000,-87.625439999999998,41.783721000000000, 
768 Austin Ave.,1903.000000000000000,-87.681229999999999,41.889563000000003, 
6520 Vincennes Ave.,1903.000000000000000,-87.613134000000002,41.775576000000001, 
6940 Lincoln St.,1903.000000000000000,-87.671210000000002,41.766967000000001, 
162 W. Taylor St.,1903.000000000000000,-87.642842999999999,41.869593000000002, 
459 State St.,1903.000000000000000,-87.627714999999995,41.871175000000001, 
115 Plymouth Pl.,1903.000000000000000,-87.628733999999994,41.873420000000003, 
42nd St. & Wabash Ave.,1903.000000000000000,-87.624700000000004,41.818303999999998, 
N. Clark St.,1903.000000000000000,-87.670544000000007,41.997925000000002, 
Halsted St.,1903.000000000000000,-87.647476999999995,41.885672999999997, 
30 Bradley St.,1903.000000000000000,-87.661874999999995,41.905071999999997, 
183 Gault Ave.,1903.000000000000000,-87.642005999999995,41.902436999999999, 
565 W. Chicago Ave.,1902.000000000000000,-87.671907000000004,41.895896000000000, 
21st St. & Wabash Ave.,1902.000000000000000,-87.625536999999994,41.854242999999997, 
131 Ward St.,1903.000000000000000,-87.662208000000007,41.924152999999997, 
214 Wells St.,1902.000000000000000,-87.634088000000006,41.896096000000000, 
Taylor St. & Beach St.,1902.000000000000000,-87.635632999999999,41.869672999999999, 
546 W. Lake St.,1903.000000000000000,-87.665082999999996,41.885449999999999, 
2 Wells St.,1902.000000000000000,-87.633852000000005,41.887909999999998, 
172 Madison St.,1902.000000000000000,-87.633004000000000,41.881870999999997, 
2126 Armour Ave.,1903.000000000000000,-87.629614000000004,41.853492000000003, 
213 W. Lake St.,1902.000000000000000,-87.648270999999994,41.885562000000000, 
100 W. Madison St.,1903.000000000000000,-87.643347000000006,41.881751000000001, 
3130 Union Ave.,1903.000000000000000,-87.643936999999994,41.836652000000001, 
662 W. Monroe St.,1902.000000000000000,-87.671124000000006,41.880217999999999, 
Morgan Ave. & Vincennes Rd.,1903.000000000000000,-87.664568000000003,41.690002999999997, 
Lake St. & 40th Ave.,1903.000000000000000,-87.725637000000006,41.885410000000000, 
2957 State St.,1902.000000000000000,-87.626459999999994,41.840065000000003, 
294 Division St.,1903.000000000000000,-87.640159999999995,41.903674000000002, 
479 Wabash Ave.,1903.000000000000000,-87.626041000000001,41.870894999999997, 
305 W. Madison St.,1902.000000000000000,-87.653442999999996,41.881799000000001, 
154 Kinzie St.,1903.000000000000000,-87.631685000000004,41.889131999999996, 
459 State St.,1903.000000000000000,-87.627339000000006,41.871183000000002, 
2813 Dearborn St.,1902.000000000000000,-87.627692999999994,41.842678999999997, 
Lexington Hotel,1903.000000000000000,-87.623638000000000,41.853045000000002, 
203 Plymouth Pl.,1903.000000000000000,-87.628497999999993,41.870863000000000, 
763 W. 63rd St.,1902.000000000000000,-87.641630000000006,41.779601000000000, 
45th St. & Halsted St.,1903.000000000000000,-87.645643000000007,41.812491000000001, 
2810 Dearborn St.,1903.000000000000000,-87.628241000000003,41.843046000000001, 
124 Lincoln Ave.,1902.000000000000000,-87.640041999999994,41.919322999999999, 
Blue Island & Western Ave.,1903.000000000000000,-87.685446999999996,41.844853000000001, 
558 Armitage Ave.,1903.000000000000000,-87.688879999999997,41.917454999999997, 
859 Clybourn Ave.,1902.000000000000000,-87.668914000000001,41.924712000000000, 
1112 Clybourne Ave.,1903.000000000000000,-87.674127999999996,41.928933999999998, 
973 S. California Ave.,1903.000000000000000,-87.695639000000000,41.854210999999999, 
387 S. Sacramento Ave.,1902.000000000000000,-87.700800000000001,41.871670000000002, 
Chicago Ave. & Larrabee St.,1902.000000000000000,-87.642993000000004,41.896478999999999, 
4216 Wallace St.,1903.000000000000000,-87.641007999999999,41.817649000000003, 
Jackson Park,1903.000000000000000,-87.579918000000006,41.782192999999999, 
12th St. & Campbell Ave.,1902.000000000000000,-87.688503999999995,41.866605000000000, 
262 W. Polk St.,1902.000000000000000,-87.649193999999994,41.871966000000000, 
485 Dearborn Ave.,1903.000000000000000,-87.629903999999996,41.906222000000000, 
18th St. & Wood St.,1902.000000000000000,-87.671092000000002,41.857719000000003, 
313 Fulton St.,1902.000000000000000,-87.655792000000005,41.886600000000001, 
2128 State St.,1903.000000000000000,-87.627232000000006,41.853428000000001, 
22nd St.,1902.000000000000000,-87.627114000000006,41.852860999999997, 
Wellington Hotel,1902.000000000000000,-87.625901999999996,41.878349000000000, 
1820 N. Ashland Ave.,1903.000000000000000,-87.668537999999998,41.942191000000001, 
517 Fulton St.,1902.000000000000000,-87.666178000000002,41.886431999999999, 
22nd St. & Archer Ave.,1902.000000000000000,-87.634806999999995,41.852804999999996, 
602 W. 44th St.,1903.000000000000000,-87.637531999999993,41.814473999999997, 
74th St. & State St.,1902.000000000000000,-87.624742999999995,41.759931999999999, 
33rd St. & Stewart Ave.,1902.000000000000000,-87.635901000000004,41.834518000000003, 
Polk St. & Jefferson St.,1902.000000000000000,-87.642359999999996,41.871974000000002, 
469 5th Ave.,1902.000000000000000,-87.633443999999997,41.870759000000000, 
204 W. Lake St.,1902.000000000000000,-87.647703000000007,41.885753000000001, 
21st St. & Sangamon St.,1902.000000000000000,-87.649720000000002,41.853884000000001, 
4431 State St.,1902.000000000000000,-87.626008999999996,41.813403000000001, 
25th St. & Loomis St.,1902.000000000000000,-87.660105000000001,41.844661000000002, 
Root St. & Wentworth Ave.,1902.000000000000000,-87.631276999999997,41.819104000000003, 
310 W. 21st St.,1902.000000000000000,-87.653549999999996,41.853740000000002, 
27 W. 21st Pl.,1902.000000000000000,-87.646039999999999,41.853515999999999, 
873 Blue Island Ave.,1902.000000000000000,-87.670447999999993,41.850703000000003, 
Diversey Blvd. & Lincoln St.,1902.000000000000000,-87.675415000000001,41.932335000000002, 
941 W. Division St.,1902.000000000000000,-87.698879000000005,41.902788000000001, 
229 Division St.,1902.000000000000000,-87.639816999999994,41.903818000000001, 
171 Calhoun Pl.,1902.000000000000000,-87.633154000000005,41.882542000000001, 
Kinzie St. & Elizabeth St.,1902.000000000000000,-87.658946999999998,41.888924000000003, 
937 Winona St.,1902.000000000000000,-87.666317000000006,41.975413000000003, 
249 W. Kinzie St.,1902.000000000000000,-87.652359000000004,41.889068000000002, 
33 Chapin St.,1902.000000000000000,-87.662121999999997,41.902652000000003, 
12 S. Water St.,1902.000000000000000,-87.621319999999997,41.888157000000000, 
8555 Mackinaw Ave.,1902.000000000000000,-87.542732000000001,41.739961000000001, 
13 Polk St.,1902.000000000000000,-87.628390999999993,41.872276999999997, 
3358 S. Leavitt St.,1902.000000000000000,-87.680351000000002,41.832574999999999, 
2957 State St.,1902.000000000000000,-87.626491999999999,41.840080999999998, 
148 Chicago Ave.,1902.000000000000000,-87.636362000000005,41.896455000000003, 
Clybourn Pl. & Girard St.,1902.000000000000000,-87.673945000000003,41.915993999999998, 
19th St. & State St.,1902.000000000000000,-87.627200000000002,41.856625000000001, 
Jackson Blvd.,1902.000000000000000,-87.667991000000001,41.877574000000003, 
"214 14th Ave., Maywood",1902.000000000000000,-87.850295000000003,41.885953000000001, 
8 S. Clark St.,1902.000000000000000,-87.631094000000004,41.886544000000001, 
129 Ontario St.,1902.000000000000000,-87.635761000000002,41.893053000000002, 
84 Front St.,1902.000000000000000,-87.652434000000000,41.897454000000003, 
1610 Wabash Ave.,1902.000000000000000,-87.625793999999999,41.860069000000003, 
196 W. Adams St.,1902.000000000000000,-87.647830999999996,41.879098999999997, 
631 Ashland Blvd.,1902.000000000000000,-87.666532000000004,41.863712000000000, 
4736 S. Halsted St.,1902.000000000000000,-87.645632000000006,41.807876999999998, 
Lake St. & Green St.,1902.000000000000000,-87.648635999999996,41.885672999999997, 
Monroe St. & Peoria St.,1902.000000000000000,-87.649665999999996,41.880457000000000, 
14 N. Green St.,1902.000000000000000,-87.648711000000006,41.885066000000002, 
McCormick Reaper Works,1902.000000000000000,-87.685479000000001,41.844821000000003, 
172 LaSalle St.,1902.000000000000000,-87.632435999999998,41.880840999999997, 
35th St. & Stewart Ave.,1902.000000000000000,-87.636212000000000,41.830824000000000, 
Oak St.,1902.000000000000000,-87.624153000000007,41.900799999999997, 
327 S. Morgan St.,1902.000000000000000,-87.650996000000006,41.871454000000000, 
752 W. 66th St.,1902.000000000000000,-87.641425999999996,41.774312000000002, 
567 Noble St.,1901.000000000000000,-87.662541000000004,41.903004000000003, 
Auditorium Annex Hotel,1902.000000000000000,-87.624485000000007,41.875624000000002, 
328 Wells St.,1902.000000000000000,-87.634281000000001,41.901015000000001, 
98 LaSalle Ave.,1902.000000000000000,-87.632833000000005,41.891759999999998, 
468 W. 12th St.,1902.000000000000000,-87.656844000000007,41.866819999999997, 
550 W. 56th St.,1902.000000000000000,-87.636555000000001,41.793081000000001, 
1841 Michigan Ave.,1902.000000000000000,-87.623756000000000,41.856943999999999, 
157 Fry St.,1902.000000000000000,-87.665351999999999,41.896895000000001, 
150 Townsend St.,1902.000000000000000,-87.640117000000004,41.899794000000000, 
3209 Ashland Ave.,1902.000000000000000,-87.665480000000002,41.835372999999997, 
337 S. May St.,1902.000000000000000,-87.655298999999999,41.870646999999998, 
46 Bradley St.,1902.000000000000000,-87.662315000000007,41.905104000000001, 
2812 State St.,1902.000000000000000,-87.627060000000000,41.842975000000003, 
Johnson St.,1902.000000000000000,-87.648163999999994,41.853955999999997, 
Randolph St.,1902.000000000000000,-87.637832000000003,41.884442999999997, 
941 W. Division St.,1902.000000000000000,-87.698740000000001,41.902819999999998, 
205 W. Madison St.,1902.000000000000000,-87.648657999999998,41.881847000000000, 
3004 State St.,1902.000000000000000,-87.626909999999995,41.839337999999998, 
3729 Morgan St.,1902.000000000000000,-87.650782000000007,41.826635000000003, 
231 W. Randolph St.,1902.000000000000000,-87.649162000000004,41.884579000000002, 
157 Center Ave.,1902.000000000000000,-87.651983000000001,41.918030000000002, 
144th St. & Western Ave.,1902.000000000000000,-87.677109999999999,41.631827000000001, 
55 E. Chicago Ave.,1902.000000000000000,-87.641255000000001,41.896591000000001, 
3525 Armour Ave.,1902.000000000000000,-87.628851999999995,41.830201000000002, 
65 E. Polk St.,1902.000000000000000,-87.631084000000001,41.872301000000000, 
957 S. Ashland Ave.,1902.000000000000000,-87.666296000000003,41.853124999999999, 
22nd St. & Western Ave.,1902.000000000000000,-87.685671999999997,41.852038000000000, 
266 S. May St.,1902.000000000000000,-87.655405999999999,41.873674999999999, 
1724 Wabash Ave.,1902.000000000000000,-87.625741000000005,41.858431000000003, 
13 Polk St.,1902.000000000000000,-87.628380000000007,41.872365000000002, 
1425 State St.,1902.000000000000000,-87.627145999999996,41.863008999999998, 
21st St.,1901.000000000000000,-87.619078000000002,41.854331000000002, 
5539 Jefferson St.,1902.000000000000000,-87.588329000000002,41.794496000000002, 
Boston Oyster House,1902.000000000000000,-87.630869000000004,41.881990999999999, 
46th St. & Emerald Ave.,1902.000000000000000,-87.644311999999999,41.810620000000000, 
445 W. Lake St.,1902.000000000000000,-87.661049000000006,41.885337999999997, 
4310 Calumet Ave.,1902.000000000000000,-87.618444999999994,41.816009000000001, 
721 Loomis St.,1902.000000000000000,-87.661167000000006,41.855626000000001, 
636 Noble St.,1902.000000000000000,-87.662777000000006,41.904975999999998, 
655 Grand Ave.,1902.000000000000000,-87.675673000000003,41.890937000000001, 
Jackson Blvd.,1902.000000000000000,-87.667980000000000,41.877606000000000, 
744 Carroll Ave.,1902.000000000000000,-87.674739000000002,41.887782000000001, 
1729 State St.,1902.000000000000000,-87.626931999999996,41.858134999999997, 
5012 Cottage Grove Ave.,1902.000000000000000,-87.606558000000007,41.803750000000001, 
1443 Diversey Blvd.,1902.000000000000000,-87.652230000000003,41.932501999999999, 
2412 Dearborn St.,1902.000000000000000,-87.628304999999997,41.848528999999999, 
Kinzie St. & California Ave.,1902.000000000000000,-87.696487000000005,41.888685000000002, 
Polk St. & Jefferson St.,1902.000000000000000,-87.642359999999996,41.871997999999998, 
724 W. Harrison St.,1902.000000000000000,-87.668785000000000,41.874059000000003, 
364 Warren Ave.,1902.000000000000000,-87.680993999999998,41.882047000000000, 
502 Dearborn Ave.,1902.000000000000000,-87.630161000000001,41.906756999999999, 
757 Allport Ave.,1902.000000000000000,-87.657702000000000,41.856760999999999, 
165 Maxwell St.,1902.000000000000000,-87.640782999999999,41.864775000000002, 
334 Root St.,1902.000000000000000,-87.632800000000003,41.819184000000000, 
Hammond Packing Company,1901.000000000000000,-87.522411000000005,41.624488999999997, 
10 N. Jefferson St.,1901.000000000000000,-87.642864000000003,41.884779000000002, 
2823 Dearborn St.,1901.000000000000000,-87.627683000000005,41.842703000000000, 
79 W. 16th St.,1902.000000000000000,-87.640535999999997,41.859924999999997, 
253 S. Clark St.,1901.000000000000000,-87.630537000000004,41.874369999999999, 
4944 Armour Ave.,1901.000000000000000,-87.628175999999996,41.804470000000002, 
66 Emma St.,1902.000000000000000,-87.665640999999994,41.900696000000003, 
5818 Hermitage Ave.,1901.000000000000000,-87.668183999999997,41.788113000000003, 
Ellen St. & Lull Pl.,1901.000000000000000,-87.671133999999995,41.905566999999998, 
384 Clark St.,1902.000000000000000,-87.630782999999994,41.873323999999997, 
"22nd St. & Wallace St., Chicago Heights",1901.000000000000000,-87.630655000000004,41.495238999999998, 
Polk St. & California Ave.,1901.000000000000000,-87.696015000000003,41.871054999999998, 
128 N. Union St.,1902.000000000000000,-87.645696000000001,41.889482999999998, 
1404 N. Rockwell St.,1901.000000000000000,-87.692463000000004,41.927377999999997, 
Great Northern Hotel,1901.000000000000000,-87.629570999999999,41.878253000000001, 
3418 State St.,1902.000000000000000,-87.626739000000001,41.831983999999999, 
2210 State St.,1901.000000000000000,-87.627200000000002,41.852190000000000, 
3630 Lowe Ave.,1901.000000000000000,-87.642531000000005,41.827683000000000, 
2173 N. Troy St.,1901.000000000000000,-87.706785999999994,41.949348999999998, 
65th St. & Archer Ave.,1901.000000000000000,-87.816231000000002,41.773688000000000, 
Aurora Hall,1901.000000000000000,-87.652831000000006,41.894570999999999, 
24 S. Sangamon St.,1901.000000000000000,-87.650824999999998,41.883557000000003, 
331 W. Randolph St.,1901.000000000000000,-87.655137999999994,41.884467000000001, 
1519 State St.,1901.000000000000000,-87.627082000000001,41.861012000000002, 
52 S. Jefferson St.,1901.000000000000000,-87.641103999999999,41.882781999999999, 
1427 State St.,1901.000000000000000,-87.627135999999993,41.862993000000003, 
2829 Princeton Ave.,1900.000000000000000,-87.634012999999996,41.841400000000000, 
3048 Poplar Ave.,1901.000000000000000,-87.648368000000005,41.839672999999998, 
276 W. 25th St.,1901.000000000000000,-87.686368999999999,41.846435000000000, 
2300 State St.,1901.000000000000000,-87.627189000000001,41.850966999999997, 
4819 Throop St.,1901.000000000000000,-87.657391000000004,41.805902000000003, 
55 W. 21st St.,1901.000000000000000,-87.642488000000000,41.847203000000000, 
43rd St. & Western Ave.,1901.000000000000000,-87.684331000000000,41.815666000000000, 
120th St. & Peoria St.,1901.000000000000000,-87.644237000000004,41.675924999999999, 
253 W. 12th St.,1901.000000000000000,-87.645341999999999,41.867324000000004, 
4732 State St.,1901.000000000000000,-87.626266000000001,41.807845000000000, 
66 Rush St.,1901.000000000000000,-87.625483000000003,41.892119000000001, 
458 W. Madison St.,1901.000000000000000,-87.660363000000004,41.881464000000001, 
240 Orleans St.,1901.000000000000000,-87.637338999999997,41.898085000000002, 
6226 Ada St.,1901.000000000000000,-87.658259999999999,41.780344999999997, 
9316 Marquette Ave.,1901.000000000000000,-87.558160000000001,41.725574000000002, 
210 E. 22nd St.,1901.000000000000000,-87.627478999999994,41.853053000000003, 
1024 W. 119th St.,1901.000000000000000,-87.645180999999994,41.677832000000002, 
Robbins Pier,1901.000000000000000,-87.641683999999998,41.962147000000002, 
262 Division St.,1901.000000000000000,-87.641683999999998,41.903643000000002, 
33 W. Carmen Ave.,1901.000000000000000,-87.689791999999997,41.974192000000002, 
Washington St. & Michigan Ave.,1901.000000000000000,-87.624399999999994,41.883229000000000, 
10422 Hoxie Ave.,1901.000000000000000,-87.560981999999996,41.704976000000002, 
203 Wells St.,1901.000000000000000,-87.634281000000001,41.895792999999998, 
18th St. & Laflin St.,1901.000000000000000,-87.663774000000004,41.857830999999997, 
106th St. & Avenue M,1901.000000000000000,-87.537689000000000,41.702717000000000, 
Oak St. & Sedgwick St.,1901.000000000000000,-87.638873000000004,41.900432000000002, 
138 N. Curtis St.,1901.000000000000000,-87.654482999999999,41.889619000000003, 
54 Locust St.,1901.000000000000000,-87.637906999999998,41.898819000000003, 
90 Wells St.,1901.000000000000000,-87.633981000000006,41.891153000000003, 
3544 Lowe Ave.,1901.000000000000000,-87.642563999999993,41.829433000000002, 
540 Belmont Ave.,1901.000000000000000,-87.674105999999995,41.939684999999997, 
Alexian Brothers Hospital,1901.000000000000000,-87.658410000000003,41.923498000000002, 
County Hospital,1901.000000000000000,-87.671574000000007,41.874107000000002, 
102 Randolph St.,1901.000000000000000,-87.630419000000003,41.884379000000003, 
26th St. & Rockwell St.,1901.000000000000000,-87.690327999999994,41.844749000000000, 
Harrison Street Station,1901.000000000000000,-87.631867000000000,41.874586000000001, 
2948 State St.,1901.000000000000000,-87.626975000000002,41.840232999999998, 
297 W. Jackson Blvd.,1901.000000000000000,-87.652648999999997,41.877965000000003, 
100 Halsted St.,1901.000000000000000,-87.647487999999996,41.880609000000000, 
349 N. Clark St.,1901.000000000000000,-87.631223000000006,41.900320999999998, 
423 S. Clark St.,1901.000000000000000,-87.630740000000003,41.872469000000002, 
166 Forquer St.,1901.000000000000000,-87.644355000000004,41.870503999999997, 
9103 State St.,1901.000000000000000,-87.623788000000005,41.728856999999998, 
35th St. & Cottage Grove Ave.,1901.000000000000000,-87.610645000000005,41.831192000000001, 
2634 State St.,1901.000000000000000,-87.627049999999997,41.844580999999998, 
36 Fleetwood St.,1901.000000000000000,-87.659396999999998,41.908752999999997, 
697 31st St.,1901.000000000000000,-87.644012000000004,41.837978999999997, 
177 Lake St.,1901.000000000000000,-87.633218999999997,41.885601999999999, 
716 W. 18th St.,1901.000000000000000,-87.668323999999998,41.857855000000001, 
1810 State St.,1901.000000000000000,-87.627381999999997,41.857183999999997, 
3022 Cottage Grove Ave.,1901.000000000000000,-87.613777999999996,41.838858000000002, 
90th St. & Green Bay Ave.,1901.000000000000000,-87.541551999999996,41.732019000000001, 
Kinzie St. & Wells St.,1901.000000000000000,-87.634045000000000,41.889187999999997, 
61st St. & Halsted St.,1901.000000000000000,-87.644773999999998,41.783296999999997, 
6231 S. Hermitage Ave.,1901.000000000000000,-87.667636999999999,41.779857000000000, 
3515 Armour Ave.,1901.000000000000000,-87.628840999999994,41.830401000000002, 
3546 State St.,1901.000000000000000,-87.626728000000000,41.829985000000001, 
136 Racine Ave.,1901.000000000000000,-87.658174000000002,41.921222999999998, 
27th St. & Halsted St.,1901.000000000000000,-87.646426000000005,41.844493000000000, 
431 S. Clark St.,1901.000000000000000,-87.630450999999994,41.871653999999999, 
126 Milwaukee Ave.,1901.000000000000000,-87.644526999999997,41.889291999999998, 
Grand Ave. & Milwaukee Ave.,1901.000000000000000,-87.647605999999996,41.891168999999998, 
55 W. 21st St.,1901.000000000000000,-87.642875000000004,41.854315000000000, 
4833 Throop St.,1901.000000000000000,-87.657315999999994,41.805301999999998, 
141 Ontario St.,1901.000000000000000,-87.634795999999994,41.893261000000003, 
101 St. & Union Ave.,1901.000000000000000,-87.640493000000006,41.710614000000000, 
Bradley St. & Noble St.,1901.000000000000000,-87.662701999999996,41.905200000000001, 
423 W. Van Buren St.,1901.000000000000000,-87.659000000000006,41.876590999999998, 
Ogden Ave. & Turner Ave.,1901.000000000000000,-87.709050000000005,41.856665000000000, 
506 W. 63rd St.,1901.000000000000000,-87.635171000000000,41.779857000000000, 
106 Cleaver St.,1901.000000000000000,-87.663731999999996,41.904975999999998, 
W. 14th St. & Jefferson St.,1901.000000000000000,-87.642081000000005,41.863632000000003, 
Great Northern Hotel,1901.000000000000000,-87.629507000000004,41.878301000000000, 
Chicago Ave & Wood St.,1900.000000000000000,-87.672174999999996,41.895992000000000, 
150 E. 22nd St.,1900.000000000000000,-87.624958000000007,41.853053000000003, 
85 E. Madison St.,1900.000000000000000,-87.628604999999993,41.882126999999997, 
112 Monroe St.,1901.000000000000000,-87.630106999999995,41.880609000000000, 
2817 Calumet Ave.,1900.000000000000000,-87.618638000000004,41.842399000000000, 
1626 N. Clark St.,1900.000000000000000,-87.649558999999996,41.938775000000000, 
3508 Armour Ave.,1900.000000000000000,-87.629131000000001,41.830528999999999, 
Park Ave. & Fall St.,1901.000000000000000,-87.692249000000004,41.883707999999999, 
1859 W. Madison St.,1900.000000000000000,-87.721012999999999,41.880848999999998, 
Root St.,1900.000000000000000,-87.645149000000004,41.818904000000003, 
2 Blucher St.,1900.000000000000000,-87.671081000000001,41.904488999999998, 
3855 Cottage Grove Ave.,1901.000000000000000,-87.607566000000006,41.825443999999997, 
18th St. Viaduct,1900.000000000000000,-87.639398999999997,41.857655999999999, 
Lincoln Ave. & Crawford Ave.,1900.000000000000000,-87.728780999999998,42.003554000000001, 
Leland Hotel,1900.000000000000000,-87.624582000000004,41.878117000000003, 
59 W. 15th St.,1900.000000000000000,-87.639999000000003,41.861306999999996, 
80th St. & Halsted St.,1900.000000000000000,-87.643905000000004,41.748742999999997, 
147 E. 31st St.,1900.000000000000000,-87.617801000000000,41.838315000000001, 
1335 Wabash Ave.,1900.000000000000000,-87.625601000000003,41.864638999999997, 
North Ave. & Holt St.,1900.000000000000000,-87.665651999999994,41.910629000000000, 
Fowler's Packing House,1900.000000000000000,-87.655620999999996,41.821765999999997, 
164 E. Ontario St.,1900.000000000000000,-87.635193000000001,41.893084999999999, 
369 North Ave.,1900.000000000000000,-87.637981999999994,41.911244000000003, 
2 Blucher St.,1900.000000000000000,-87.671092000000002,41.904496999999999, 
2250 Milwaukee Ave.,1900.000000000000000,-87.705444999999997,41.927905000000003, 
1204 Wabash Ave.,1900.000000000000000,-87.625945000000002,41.867171999999997, 
445 Clark St.,1900.000000000000000,-87.630429000000007,41.871006999999999, 
Jefferson St.,1900.000000000000000,-87.642660000000006,41.881855000000002, 
128 Market St.,1900.000000000000000,-87.637102999999996,41.881279999999997, 
514 Winchester Ave.,1900.000000000000000,-87.675909000000004,41.902253000000002, 
114 E. 18th St.,1900.000000000000000,-87.626384000000002,41.857919000000003, 
108 E. 33rd St.,1900.000000000000000,-87.614711999999997,41.834614000000002, 
480 Cleveland Ave.,1900.000000000000000,-87.641126000000000,41.918996000000000, 
52nd St. & Archer Ave.,1900.000000000000000,-87.747781000000003,41.798175999999998, 
125 Dearborn St.,1900.000000000000000,-87.629281000000006,41.882319000000003, 
4435 Princeton Ave.,1900.000000000000000,-87.633294000000006,41.813307000000002, 
1238 N. Marshefield Ave.,1900.000000000000000,-87.669320999999997,41.928887000000003, 
603 Main St.,1900.000000000000000,-87.678419000000005,42.033859000000000, 
"1359 W, Madison St.",1900.000000000000000,-87.700648999999999,41.881104000000001, 
5901 Halsted St.,1900.000000000000000,-87.644730999999993,41.786752999999997, 
Kinzie St. & Kingsbury St.,1900.000000000000000,-87.638090000000005,41.889139999999998, 
Clybourn Ave. & Southport Ave.,1900.000000000000000,-87.663173999999998,41.920681000000002, 
Front St. & N. Sangamon St.,1900.000000000000000,-87.651876000000001,41.897390000000001, 
63rd Ave. & Western Ave.,1900.000000000000000,-87.683600999999996,41.779128999999998, 
240 S. Green St.,1900.000000000000000,-87.647938999999994,41.874913999999997, 
5423 Lake Ave.,1900.000000000000000,-87.587041999999997,41.796751999999998, 
Van Buren St. & California Ave.,1901.000000000000000,-87.696154000000007,41.875999999999998, 
175 W. Lake St.,1900.000000000000000,-87.646050000000002,41.885586000000004, 
379 S. Jefferson St.,1900.000000000000000,-87.640944000000005,41.870927000000002, 
32nd St. & Hoyne Ave.,1901.000000000000000,-87.677903999999998,41.835828999999997, 
26th St. & Canal St.,1900.000000000000000,-87.638357999999997,41.845412000000003, 
195 W. Van Buren St.,1900.000000000000000,-87.647445000000005,41.876759000000000, 
2005 State St.,1900.000000000000000,-87.626953000000000,41.855066000000001, 
1765 W. 22nd St.,1900.000000000000000,-87.714113999999995,41.851686000000001, 
91 S. Desplaines St.,1900.000000000000000,-87.644227000000001,41.881224000000003, 
508 Belden Ave.,1900.000000000000000,-87.640052999999995,41.923873999999998, 
109 Ewing St.,1900.000000000000000,-87.641576999999998,41.871366000000002, 
71 Gault St.,1900.000000000000000,-87.641758999999993,41.898620000000001, 
370 W. Lake St.,1900.000000000000000,-87.657787999999996,41.885562000000000, 
4414 Ashland Ave.,1900.000000000000000,-87.665287000000006,41.813474999999997, 
Oakdale Ave. & Racine Ave.,1900.000000000000000,-87.658806999999996,41.935296000000001, 
5758 Lasalle St.,1900.000000000000000,-87.629281000000006,41.787880999999999, 
2351 State St.,1900.000000000000000,-87.626878000000005,41.849584000000000, 
3528 Armour Ave.,1900.000000000000000,-87.629120000000000,41.830081000000000, 
Polk St. & Aberdeen St.,1900.000000000000000,-87.654236999999995,41.871805999999999, 
61st St. & Ada St.,1900.000000000000000,-87.658216999999993,41.783048999999998, 
187 W. North Ave.,1900.000000000000000,-87.664986999999996,41.910756999999997, 
Calumet River,1900.000000000000000,-87.538751000000005,41.730378000000002, 
494 N. Lawndale Ave.,1900.000000000000000,-87.718598999999998,41.899929000000000, 
56th St. & Lake Ave.,1900.000000000000000,-87.587889000000004,41.793399999999998, 
878 31st St.,1900.000000000000000,-87.651222000000004,41.837978999999997, 
710 N. Irving Ave.,1900.000000000000000,-87.683580000000006,41.906325000000002, 
231 W. Madison St.,1900.000000000000000,-87.649966000000006,41.881855000000002, 
824 Allport St.,1900.000000000000000,-87.657465999999999,41.854787000000002, 
1846 Wabash Ave.,1900.000000000000000,-87.625719000000004,41.856440999999997, 
146 N. Halsted St.,1900.000000000000000,-87.647476999999995,41.889530999999998, 
Augusta St. & Wood St.,1900.000000000000000,-87.672272000000007,41.899642000000000, 
329 Center St.,1900.000000000000000,-87.641823000000002,41.918174000000000, 
5506 S. Halsted St.,1900.000000000000000,-87.645202999999995,41.793559999999999, 
Adams St. & Morgan St.,1900.000000000000000,-87.651919000000007,41.879131000000001, 
1390 38th Ct.,1900.000000000000000,-87.666595999999998,41.824117000000001, 
384 Clark St.,1900.000000000000000,-87.630773000000005,41.873404000000001, 
988 W. Madison St.,1900.000000000000000,-87.685113999999999,41.881041000000003, 
506 W. Madison St.,1900.000000000000000,-87.663431000000003,41.881424000000003, 
Ogden Ave. & Rockwell St.,1900.000000000000000,-87.690854000000002,41.863048999999997, 
145 W. Madison St.,1900.000000000000000,-87.644837999999993,41.881886999999999, 
175 S. Halsted St.,1900.000000000000000,-87.647358999999994,41.877549999999999, 
4414 Ashland Ave.,1900.000000000000000,-87.665308999999993,41.813474999999997, 
1426 Wabash Ave.,1900.000000000000000,-87.625848000000005,41.862706000000003, 
54th St.,1900.000000000000000,-87.582278000000002,41.798271999999997, 
Hirsch St. & Monticello Ave.,1900.000000000000000,-87.717664999999997,41.906332999999997, 
Taylor St. & Central Ave.,1900.000000000000000,-87.764410999999996,41.868219000000003, 
626 25th St.,1900.000000000000000,-87.642477999999997,41.847178999999997, 
451 38th St.,1900.000000000000000,-87.625514999999993,41.825436000000003, 
197 Ewing St.,1900.000000000000000,-87.644998999999999,41.871366000000002, 
1919 W. 47th St.,1900.000000000000000,-87.670361999999997,41.808301000000000, 
Bohemian Cemetery,1900.000000000000000,-87.732224000000002,41.975715999999998, 
Wentworth Ave.,1900.000000000000000,-87.631362999999993,41.825164000000001, 
4228 Western Ave.,1900.000000000000000,-87.684792000000002,41.816144999999999, 
22nd St. & Morgan St.,1900.000000000000000,-87.651382999999996,41.852564999999998, 
394 S. Clark St.,1899.000000000000000,-87.630782999999994,41.873491000000001, 
Huron St. & Milwaukee Ave.,1899.000000000000000,-87.652991999999998,41.894658999999997, 
52nd St. & Wentworth Ave.,1900.000000000000000,-87.630664999999993,41.800046999999999, 
47th St. & Peoria St.,1899.000000000000000,-87.647948999999997,41.808757000000000, 
15th St. & Wabash Ave.,1899.000000000000000,-87.625709000000001,41.861961999999998, 
3436 Rhodes Ave.,1900.000000000000000,-87.613499000000004,41.831623999999998, 
1297 Wabansia Ave.,1899.000000000000000,-87.718373999999997,41.911835000000004, 
60th St. & State St.,1899.000000000000000,-87.625483000000003,41.785561000000001, 
12th St. & Washtenaw Ave.,1900.000000000000000,-87.693408000000005,41.866525000000003, 
35th St. & Cottage Grove Ave.,1899.000000000000000,-87.610645000000005,41.831207999999997, 
50 12th St.,1900.000000000000000,-87.624958000000007,41.867555000000003, 
178 E. 79th St.,1900.000000000000000,-87.550510000000003,41.751865000000002, 
268 W. Randolph St.,1899.000000000000000,-87.651222000000004,41.884163999999998, 
69th St.,1900.000000000000000,-87.589606000000003,41.769638999999998, 
Madison St. & Canal St.,1900.000000000000000,-87.639688000000007,41.881878999999998, 
19th St. & Leavitt St.,1899.000000000000000,-87.680823000000004,41.855786000000002, 
9318 Cottage Grove Ave.,1900.000000000000000,-87.604798000000002,41.724820999999999, 
4545 Wallace St.,1900.000000000000000,-87.640535999999997,41.811180000000000, 
478 W. 20th St.,1899.000000000000000,-87.659847999999997,41.855018000000001, 
3748 Wentworth Ave.,1900.000000000000000,-87.631523999999999,41.826099999999997, 
210 W. Monroe St.,1900.000000000000000,-87.648668000000001,41.880378000000000, 
Chicago Ave. & Hoyne St.,1899.000000000000000,-87.679491999999996,41.895848999999998, 
Kinzie St. & Elizabeth St.,1900.000000000000000,-87.658935999999997,41.888939999999998, 
Archer Ave.,1900.000000000000000,-87.665749000000005,41.837707000000002, 
21st St. & Lincoln St.,1899.000000000000000,-87.673462999999998,41.854970999999999, 
Milwaukee Ave. & Ashland Ave.,1900.000000000000000,-87.667540000000002,41.904010000000000, 
30 W. Madison St.,1900.000000000000000,-87.640428999999997,41.881782999999999, 
145 LaSalle St.,1899.000000000000000,-87.632253000000006,41.881608000000000, 
4759 Justine St.,1900.000000000000000,-87.663484999999994,41.807124999999999, 
253 Ohio St.,1900.000000000000000,-87.628917000000001,41.892558000000001, 
1447 W. 69th St.,1899.000000000000000,-87.657166000000004,41.768422999999999, 
625 W. Madison St.,1900.000000000000000,-87.668012000000004,41.881551999999999, 
1306 Homan Ave.,1900.000000000000000,-87.709639999999993,41.843533999999998, 
Madison St. & Market St.,1899.000000000000000,-87.636920000000003,41.881926999999997, 
383 W. Van Buren St.,1900.000000000000000,-87.657197999999994,41.876615000000001, 
2220 State St.,1900.000000000000000,-87.627221000000006,41.852668999999999, 
30 LaSalle St.,1899.000000000000000,-87.632617999999994,41.885322000000002, 
Hotel Anthony,1899.000000000000000,-87.625193999999993,41.844070000000002, 
354 W. Ohio St.,1900.000000000000000,-87.663088000000002,41.892342999999997, 
49th St. & Loomis St.,1900.000000000000000,-87.659943999999996,41.804926000000002, 
1839 Indiana Ave.,1899.000000000000000,-87.622082000000006,41.854539000000003, 
179 S. Green St.,1899.000000000000000,-87.648517999999996,41.877302000000000, 
141 W. Ohio St.,1900.000000000000000,-87.651587000000006,41.892287000000003, 
706 Noble St.,1900.000000000000000,-87.662808999999996,41.907283999999997, 
183 E. North Ave.,1899.000000000000000,-87.647476999999995,41.910853000000003, 
262 N. Clark St.,1899.000000000000000,-87.631136999999995,41.897596999999998, 
824 Allport St.,1900.000000000000000,-87.657443999999998,41.854779000000001, 
2128 State St.,1899.000000000000000,-87.627232000000006,41.853355999999998, 
1329 N. Francisco St.,1899.000000000000000,-87.700016000000005,41.925718000000003, 
140 N. Sangamon St.,1900.000000000000000,-87.651190000000000,41.889930999999997, 
5334 Aberdeen St.,1899.000000000000000,-87.652304999999998,41.796495999999998, 
110 Dearborn Ave.,1899.000000000000000,-87.629517000000007,41.882510000000003, 
Elston Ave. & Blackhawk St.,1899.000000000000000,-87.659869000000000,41.906987999999998, 
213 80th St.,1899.000000000000000,-87.550445999999994,41.750224000000003, 
225 W. Randolph St.,1899.000000000000000,-87.649162000000004,41.884554999999999, 
3023 Archer Ave.,1899.000000000000000,-87.661660999999995,41.839697000000001, 
55 W. Erie St.,1899.000000000000000,-87.648206999999999,41.893461000000002, 
Clybourn Ave. & Halsted St.,1899.000000000000000,-87.648261000000005,41.910038000000000, 
146 Gladys Ave.,1899.000000000000000,-87.691969999999998,41.876686999999997, 
24th St. & Butler St.,1899.000000000000000,-87.640052999999995,41.849009000000002, 
5136 S. Halsted St.,1899.000000000000000,-87.645375000000001,41.800279000000003, 
5215 Peoria St.,1899.000000000000000,-87.647498999999996,41.798727999999997, 
625 Noble St.,1899.000000000000000,-87.662541000000004,41.904713000000001, 
172 Austin Ave.,1899.000000000000000,-87.651662000000002,41.889963000000002, 
95 E. Chicago Ave.,1899.000000000000000,-87.639280999999997,41.896647000000002, 
822 Grand Ave.,1899.000000000000000,-87.683858999999998,41.890600999999997, 
3105 Center Ave.,1899.000000000000000,-87.766330999999994,41.916736999999998, 
253 W. Kinzie St.,1899.000000000000000,-87.652810000000002,41.889035999999997, 
8526 Green Bay Ave.,1899.000000000000000,-87.541831000000002,41.739936999999998, 
158 S. Desplaines St.,1899.000000000000000,-87.643915000000007,41.878900000000002, 
829 E. 50th St.,1899.000000000000000,-87.618702999999996,41.803870000000003, 
880 1/2 Fulton St.,1899.000000000000000,-87.684352000000004,41.886752000000001, 
St. Luke's Hospital,1899.000000000000000,-87.622575999999995,41.863008999999998, 
Harrison St. & Plymouth Pl.,1899.000000000000000,-87.628670000000000,41.874513999999998, 
115 N. Green St.,1899.000000000000000,-87.648624999999996,41.889243999999998, 
1550 W. 57th St.,1899.000000000000000,-87.661360999999999,41.790401000000003, 
671 Holt Ave.,1899.000000000000000,-87.665298000000007,41.907530999999999, 
543 S. Laffin St.,1899.000000000000000,-87.663903000000005,41.858327000000003, 
1210 Wabash Ave.,1899.000000000000000,-87.625934000000001,41.866517000000002, 
33rd St. & Butler St.,1898.000000000000000,-87.638893999999993,41.834470000000003, 
4829 Justine St.,1899.000000000000000,-87.663495999999995,41.805382000000002, 
1245 W. 47th St.,1899.000000000000000,-87.653914999999998,41.808532999999997, 
1825 N. Clark St.,1899.000000000000000,-87.653604000000001,41.943371999999997, 
Augusta St. & Paulina St.,1899.000000000000000,-87.669847000000004,41.899642000000000, 
3850 Kedzie Ave.,1899.000000000000000,-87.704566000000000,41.823030000000003, 
490 Wabash Ave.,1899.000000000000000,-87.625783999999996,41.870215999999999, 
314 Grand Ave.,1899.000000000000000,-87.659086000000002,41.891008999999997, 
130 Lake St.,1899.000000000000000,-87.631158999999997,41.885824999999997, 
S. Water St. & Clark St.,1899.000000000000000,-87.631029999999996,41.886848000000001, 
9609 Avenue L,1899.000000000000000,-87.536327000000000,41.720784999999999, 
195 W. Polk St.,1899.000000000000000,-87.644109000000000,41.872005999999999, 
173 Plymouth Place,1899.000000000000000,-87.628487000000007,41.871502000000000, 
50th St. & Union Ave.,1899.000000000000000,-87.642906999999994,41.803350000000002, 
2208 Wabash Ave.,1899.000000000000000,-87.625601000000003,41.852429000000001, 
547 Clark St.,1898.000000000000000,-87.630290000000002,41.868082999999999, 
14th St. & Canal St.,1899.000000000000000,-87.639151999999996,41.863647999999998, 
1303 W. 47th St.,1899.000000000000000,-87.655417000000000,41.808532999999997, 
1117 N. Clark St.,1898.000000000000000,-87.641158000000004,41.926532000000002, 
3408 Leavitt St.,1899.000000000000000,-87.680307999999997,41.831640000000000, 
Division St. & Astor St.,1899.000000000000000,-87.626889000000006,41.903986000000003, 
161 18th St.,1898.000000000000000,-87.628390999999993,41.857734999999998, 
9225 Commercial Ave.,1899.000000000000000,-87.551090000000002,41.727480000000000, 
358 W. Belmont Ave.,1899.000000000000000,-87.701722000000004,41.939270000000000, 
1019 Milwaukee Ave.,1898.000000000000000,-87.670779999999993,41.906238000000002, 
1013 W. Lake St.,1899.000000000000000,-87.686207999999993,41.884490999999997, 
358 W. Belmont Ave.,1899.000000000000000,-87.701733000000004,41.939261999999999, 
215 Wabash Ave.,1898.000000000000000,-87.626213000000007,41.878852000000002, 
4528 S. Ashland Ave.,1899.000000000000000,-87.665287000000006,41.811275999999999, 
1416 Indiana Ave.,1899.000000000000000,-87.622619000000000,41.863345000000002, 
150 N. State St.,1898.000000000000000,-87.628251000000006,41.894483000000001, 
2160 Gladys Ave.,1899.000000000000000,-87.732159999999993,41.875920000000001, 
28th St. & Maplewood Ave.,1899.000000000000000,-87.689651999999995,41.841223999999997, 
3158 Cottage Grove Ave.,1898.000000000000000,-87.612941000000006,41.837347000000001, 
4172 Wallace St.,1899.000000000000000,-87.641051000000004,41.818455999999998, 
1399 W. Madison St.,1899.000000000000000,-87.702236999999997,41.881104000000001, 
Adams St. & Green St.,1899.000000000000000,-87.648454000000001,41.879195000000003, 
45 Fay St.,1899.000000000000000,-87.650212999999994,41.894938000000003, 
1608 Indiana Ave.,1899.000000000000000,-87.622575999999995,41.859484999999999, 
361 Austin Ave.,1899.000000000000000,-87.661028000000002,41.890050000000002, 
2910 State St.,1899.000000000000000,-87.627007000000006,41.841431999999998, 
Chicago Beach Hotel,1899.000000000000000,-87.583575999999994,41.802574999999997, 
156 N. Sangamon St.,1899.000000000000000,-87.651211000000004,41.890313999999996, 
71 Grand Ave.,1899.000000000000000,-87.646533000000005,41.891280000000002, 
12 N. Green St.,1899.000000000000000,-87.648711000000006,41.885033999999997, 
2118 Armour Ave.,1899.000000000000000,-87.629581999999999,41.853988000000001, 
5401 Dearborn St.,1899.000000000000000,-87.626739000000001,41.796199999999999, 
4921 5th Ave.,1899.000000000000000,-87.632531999999998,41.804125999999997, 
94 E. Huron St.,1899.000000000000000,-87.638175000000004,41.894651000000003, 
304 State St.,1899.000000000000000,-87.627832999999995,41.876280000000001, 
31st St.& Dearborn St.,1899.000000000000000,-87.627939999999995,41.838275000000003, 
98 Sedgwick St.,1899.000000000000000,-87.638884000000004,41.897725000000001, 
1834 Dearborn St.,1899.000000000000000,-87.628733999999994,41.857047999999999, 
3626 State St.,1899.000000000000000,-87.626739000000001,41.828242000000003, 
15th St. & Blue Island Ave.,1898.000000000000000,-87.657991999999993,41.861595000000001, 
Van Buren St. & State St.,1899.000000000000000,-87.627650000000003,41.876927000000002, 
1834 Dearborn St.,1899.000000000000000,-87.628755999999996,41.857064000000001, 
1355 W. Madison St.,1899.000000000000000,-87.700778000000000,41.881104000000001, 
111 W. Adams St.,1898.000000000000000,-87.643647000000001,41.879347000000003, 
Wabansia Ave. & Elston Ave.,1899.000000000000000,-87.663914000000005,41.913088000000002, 
159 Division St.,1899.000000000000000,-87.646962000000002,41.903834000000003, 
244 Ogden Ave.,1899.000000000000000,-87.670330000000007,41.877741000000000, 
291 Clybourn Ave.,1898.000000000000000,-87.648840000000007,41.910333999999999, 
5017 Rockwell St.,1899.000000000000000,-87.689245000000000,41.801879000000000, 
LaSalle Ave.,1899.000000000000000,-87.632596000000007,41.891607999999998, 
126 Sherman St.,1898.000000000000000,-87.632724999999994,41.873987000000000, 
219 3rd Ave.,1898.000000000000000,-87.628477000000004,41.870719000000001, 
357 5th Ave.,1898.000000000000000,-87.633519000000007,41.873762999999997, 
180 Fulton St.,1898.000000000000000,-87.648066999999998,41.886902999999997, 
5327 Armour Ave.,1898.000000000000000,-87.627703999999994,41.797288000000002, 
14th St. & Canal St.,1898.000000000000000,-87.639140999999995,41.863616000000000, 
4147 Halsted St.,1898.000000000000000,-87.645643000000007,41.819208000000003, 
21st St. & Grove St.,1898.000000000000000,-87.654741000000001,41.853819999999999, 
Fuller St. & Short St.,1898.000000000000000,-87.659901000000005,41.842159000000002, 
292 N. Curtis St.,1898.000000000000000,-87.655019999999993,41.895249999999997, 
86 Lasalle Ave.,1898.000000000000000,-87.632542999999998,41.883581000000000, 
4500 S. Paulina St.,1898.000000000000000,-87.667551000000003,41.811971000000000, 
1159 Armitage Ave.,1898.000000000000000,-87.715423000000001,41.917335999999999, 
2030 Indiana Ave.,1898.000000000000000,-87.622533000000004,41.854635000000002, 
230 Dekoven St.,1898.000000000000000,-87.646501000000001,41.868746000000002, 
132 Augusta St.,1898.000000000000000,-87.662884000000005,41.899881000000001, 
3148 S. Ashland Ave.,1898.000000000000000,-87.665920000000000,41.836779999999997, 
St. Clair St. & Michigan Ave.,1898.000000000000000,-87.622671999999994,41.890194000000001, 
23rd Place & Wentworth Ave.,1898.000000000000000,-87.631952999999996,41.850071999999997, 
Taylor St. & Halsted St.,1898.000000000000000,-87.646962000000002,41.869593000000002, 
Division St. & Grand Ave.,1898.000000000000000,-87.717644000000007,41.902628000000000, 
Milwaukee Ave. & Wood St.,1898.000000000000000,-87.672594000000004,41.907331999999997, 
43 Jackson Blvd.,1898.000000000000000,-87.626513000000003,41.878317000000003, 
186 Racine Ave.,1898.000000000000000,-87.658227999999994,41.922635999999997, 
543 Larrabee St.,1898.000000000000000,-87.643690000000007,41.915619000000000, 
1917 Wentworth Ave.,1898.000000000000000,-87.631716999999995,41.855753999999997, 
Kinzie St. & Orleans St.,1898.000000000000000,-87.636931000000004,41.889131999999996, 
465 N. Clark St.,1898.000000000000000,-87.631576999999993,41.904336999999998, 
237 W. Monroe St.,1898.000000000000000,-87.650266999999999,41.880544999999998, 
1529 Wilson Ave.,1898.000000000000000,-87.650299000000004,41.965378000000001, 
2042 W. 26th St.,1898.000000000000000,-87.725110999999998,41.844045999999999, 
117 N. Clark St.,1898.000000000000000,-87.631245000000007,41.892015000000001, 
Armitage Ave. & Robey St.,1898.000000000000000,-87.677615000000003,41.917735000000000, 
146 W. Blackhawk St.,1898.000000000000000,-87.664150000000006,41.906948000000000, 
Chicago Ave. & Milwaukee Ave.,1898.000000000000000,-87.655460000000005,41.896256000000001, 
86 LaSalle St.,1898.000000000000000,-87.632531999999998,41.883564999999997, 
43rd St. & Halsted St.,1898.000000000000000,-87.645707000000002,41.816128999999997, 
70 Liberty St.,1898.000000000000000,-87.640760999999998,41.863928000000001, 
1823 Clark St.,1898.000000000000000,-87.630097000000006,41.856839999999998, 
70 Liberty St.,1898.000000000000000,-87.640782999999999,41.863928000000001, 
2185 W. 38th St.,1898.000000000000000,-87.696647999999996,41.824469000000001, 
256 W. Lake St.,1898.000000000000000,-87.650362999999999,41.885688999999999, 
145 W. Erie St.,1898.000000000000000,-87.652713000000006,41.893852000000003, 
150 E. 18th St.,1898.000000000000000,-87.643540000000002,41.857711000000002, 
14th St. & Clark St.,1898.000000000000000,-87.630322000000007,41.863920000000000, 
1706 State St.,1898.000000000000000,-87.627414000000002,41.858677999999998, 
3304 Irving Ave.,1898.000000000000000,-87.683633999999998,41.833550000000002, 
90 Uhland St.,1898.000000000000000,-87.647091000000003,41.904625000000003, 
8901 Union Ave.,1898.000000000000000,-87.640944000000005,41.732388000000000, 
339 34th St.,1898.000000000000000,-87.624656999999999,41.832951000000001, 
33rd St. & Rockwell St.,1898.000000000000000,-87.690736000000001,41.835012999999996, 
508 State St.,1898.000000000000000,-87.627672000000004,41.869689000000001, 
North Water St.,1898.000000000000000,-87.613552999999996,41.889530999999998, 
Jackson St. & Desplaines St.,1898.000000000000000,-87.643991000000000,41.877965000000003, 
555 Clark St.,1897.000000000000000,-87.630235999999996,41.867803000000002, 
4567 Wentworth Ave.,1898.000000000000000,-87.631009000000006,41.812131000000001, 
656 Austin Ave.,1898.000000000000000,-87.675865999999999,41.889659000000002, 
95 E. 43rd St.,1897.000000000000000,-87.600346000000002,41.816977000000001, 
178 Milton Ave.,1898.000000000000000,-87.641329999999996,41.902819999999998, 
Flournoy St. & Robey St.,1898.000000000000000,-87.676401999999996,41.873108000000002, 
874 W. North Ave.,1897.000000000000000,-87.695134999999993,41.910069999999997, 
154 Mather St.,1898.000000000000000,-87.646135999999998,41.867930999999999, 
535 State St.,1898.000000000000000,-87.627221000000006,41.868018999999997, 
Monroe St. & Peoria St.,1897.000000000000000,-87.649676999999997,41.880448999999999, 
255 Dayton St.,1897.000000000000000,-87.649772999999996,41.916186000000003, 
185 Halsted St.,1898.000000000000000,-87.647091000000003,41.877709000000003, 
62nd St. & Woodlawn Ave.,1898.000000000000000,-87.596140000000005,41.782209000000002, 
10318 Indianapolis Ave.,1897.000000000000000,-87.529427999999996,41.707146000000002, 
717 37th St.,1898.000000000000000,-87.638024999999999,41.827114999999999, 
9216 Harbor Ave.,1898.000000000000000,-87.544330000000002,41.727607999999996, 
1622 Armour Ave.,1897.000000000000000,-87.629592000000002,41.859532999999999, 
1929 Wentworth Ave.,1898.000000000000000,-87.631726999999998,41.855905000000000, 
146 E. Chicago Ave.,1898.000000000000000,-87.636695000000003,41.896470999999998, 
945 W. 21st St.,1897.000000000000000,-87.679546000000002,41.853836000000001, 
5008 Cottage Grove Ave.,1898.000000000000000,-87.606567999999996,41.803614000000003, 
24th Precinct Station,1898.000000000000000,-87.683537000000001,41.864863000000000, 
572 Milwaukee Ave.,1897.000000000000000,-87.658034999999998,41.897869000000000, 
Dunning Infirmary,1897.000000000000000,-87.793593000000001,41.957144000000000, 
413 W. 42nd St.,1898.000000000000000,-87.634292000000002,41.818088000000003, 
2716 Wallace St.,1898.000000000000000,-87.641630000000006,41.843902000000000, 
76 LaSalle St.,1897.000000000000000,-87.632767999999999,41.890929000000000, 
Desplaines River (Turner Park),1897.000000000000000,-87.845123999999998,41.929254000000000, 
193 Washington St.,1898.000000000000000,-87.634591999999998,41.883301000000003, 
36th St. Pier,1898.000000000000000,-87.602673999999993,41.831080000000000, 
221 26th St.,1897.000000000000000,-87.628584000000004,41.845492000000000, 
184 Huron St.,1897.000000000000000,-87.633314999999996,41.894706999999997, 
462 State St.,1898.000000000000000,-87.627714999999995,41.871295000000003, 
95 Seward St.,1897.000000000000000,-87.640010000000004,41.856385000000003, 
1076 W. 22nd St.,1897.000000000000000,-87.684127000000004,41.851950000000002, 
111 1/2 N. Clark St.,1898.000000000000000,-87.631234000000006,41.892023000000002, 
131 Ewing St.,1897.000000000000000,-87.641329999999996,41.871341999999999, 
1927 W. 22 St.,1897.000000000000000,-87.721463000000000,41.851621999999999, 
37th St.,1898.000000000000000,-87.635943999999995,41.827250999999997, 
371 Clark St.,1897.000000000000000,-87.630526000000003,41.873691000000001, 
Lexington St. & Sacramento Ave.,1898.000000000000000,-87.700950000000006,41.871926000000002, 
14 State St.,1898.000000000000000,-87.629667999999995,41.886319999999998, 
299 Wells St.,1897.000000000000000,-87.634420000000006,41.899872999999999, 
4911 Dearborn St.,1898.000000000000000,-87.626909999999995,41.804718000000001, 
18th St. & Johnson St.,1898.000000000000000,-87.648722000000006,41.858055000000000, 
197 Wells St.,1897.000000000000000,-87.634270000000001,41.895440999999998, 
61st St. & Halsted St.,1897.000000000000000,-87.644773999999998,41.783281000000002, 
Hermitage Ave.,1897.000000000000000,-87.672379000000006,41.932917000000003, 
15th St. & Dearborn St.,1897.000000000000000,-87.628873999999996,41.861899000000001, 
Farwell House,1897.000000000000000,-87.647231000000005,41.877965000000003, 
Madison St. & Market St.,1897.000000000000000,-87.636684000000002,41.881926999999997, 
1323 47th St.,1897.000000000000000,-87.656039000000007,41.808532999999997, 
247 5th Ave.,1897.000000000000000,-87.633594000000002,41.877916999999997, 
353 Milwaukee Ave.,1897.000000000000000,-87.652165999999994,41.894266999999999, 
Madison St. & Clark St.,1897.000000000000000,-87.630869000000004,41.881982999999998, 
2901 Cottage Grove Ave.,1897.000000000000000,-87.614593999999997,41.841934999999999, 
317 W. Van Buren St.,1897.000000000000000,-87.654161000000002,41.876646999999998, 
292 Aberdeen St.,1897.000000000000000,-87.654150999999999,41.870151999999997, 
3029 Emerald Ave.,1897.000000000000000,-87.644935000000004,41.838698000000001, 
725 Root St.,1897.000000000000000,-87.641748000000007,41.818880000000000, 
North Ave. & Sedgwick St.,1897.000000000000000,-87.638615000000001,41.911107999999999, 
1418 Wabash Ave.,1897.000000000000000,-87.625848000000005,41.863177000000000, 
78 S. Sangamon St.,1897.000000000000000,-87.650706999999997,41.880977000000001, 
412 26th St.,1897.000000000000000,-87.637445999999997,41.845523999999997, 
1173 W. Taylor St.,1897.000000000000000,-87.687989000000002,41.869441000000002, 
3352 Laurel St.,1897.000000000000000,-87.651060999999999,41.834358000000002, 
"Lemont, Illinois",1897.000000000000000,-87.997344999999996,41.674995000000003, 
5028 S. Ashland Ave.,1897.000000000000000,-87.664879999999997,41.801639000000002, 
302 Rush St.,1897.000000000000000,-87.627532000000002,41.900551999999998, 
38th St. & Morgan St.,1897.000000000000000,-87.650802999999996,41.825516000000000, 
Grand Ave. & Kedzie Ave.,1897.000000000000000,-87.706636000000003,41.898339999999997, 
5th Ave. & Charles Pl.,1897.000000000000000,-87.633636999999993,41.875103000000003, 
3352 S. Morgan St.,1897.000000000000000,-87.651178999999999,41.833534000000000, 
2320 State St.,1897.000000000000000,-87.627145999999996,41.850079999999998, 
87th St.,1897.000000000000000,-87.681702000000001,41.736078999999997, 
Irving Park Blvd.,1897.000000000000000,-87.853888999999995,41.953195000000001, 
Van Buren St. & Peoria St.,1897.000000000000000,-87.649536999999995,41.876655000000000, 
18th St. & Arthur Ave.,1897.000000000000000,-87.637788999999998,41.857678999999997, 
418 State St.,1897.000000000000000,-87.627714999999995,41.872661000000001, 
200 Frankfort St.,1897.000000000000000,-87.687946999999994,41.919874000000000, 
84 Wells St.,1897.000000000000000,-87.633959000000004,41.891064999999998, 
W. Van Buren St.,1897.000000000000000,-87.648957999999993,41.876671000000002, 
120 Dearborn St.,1897.000000000000000,-87.629517000000007,41.882351000000000, 
563 State St.,1897.000000000000000,-87.627640000000000,41.867834999999999, 
4036 State St.,1897.000000000000000,-87.626566999999994,41.820526999999998, 
Harrison St. & Aberdeen St.,1897.000000000000000,-87.654354999999995,41.874346000000003, 
3542 Princeton Ave.,1897.000000000000000,-87.634152000000000,41.829752999999997, 
80 1/2 S. Halsted St.,1897.000000000000000,-87.647498999999996,41.881081000000002, 
25 Fox Pl.,1897.000000000000000,-87.661135000000002,41.907978000000000, 
191 Plymouth Pl.,1897.000000000000000,-87.628551999999999,41.875289000000002, 
65 Clark St.,1897.000000000000000,-87.631084000000001,41.884594999999997, 
504 Colorado Ave.,1897.000000000000000,-87.713995999999995,41.875943999999997, 
Belden Ave. & Sheffield Ave.,1897.000000000000000,-87.653518000000005,41.923546000000002, 
922 W. 18th St.,1897.000000000000000,-87.677121000000000,41.856816000000002, 
376 Washburn Ave.,1897.000000000000000,-87.670897999999994,41.866036999999999, 
3545 Lowe Ave.,1897.000000000000000,-87.642219999999995,41.829313999999997, 
Chicago Ave. & Sedgewick St.,1897.000000000000000,-87.638593999999998,41.896510999999997, 
Canal St. & Barber St.,1896.000000000000000,-87.639109000000005,41.863097000000003, 
2458 Dearborn St.,1896.000000000000000,-87.628272999999993,41.847906000000002, 
136 W. Randolph St.,1897.000000000000000,-87.644677000000001,41.884332000000001, 
378 W. Madison St.,1896.000000000000000,-87.655974999999998,41.881743999999998, 
13th St. & State St.,1896.000000000000000,-87.627381999999997,41.865701999999999, 
90 Tilden St.,1896.000000000000000,-87.655512999999999,41.876327000000003, 
Leavitt St. & Kinzie St.,1897.000000000000000,-87.681713000000002,41.888525000000001, 
Dexter Park,1896.000000000000000,-87.648088999999999,41.816032999999997, 
565 State St.,1896.000000000000000,-87.627232000000006,41.867899000000001, 
577 Wells St.,1897.000000000000000,-87.634742000000003,41.909503000000001, 
515 Clark St.,1896.000000000000000,-87.630375999999998,41.869121000000000, 
45 Lowell Place,1896.000000000000000,-87.664815000000004,41.870911000000000, 
8701 Commercial Ave.,1897.000000000000000,-87.551271999999997,41.737198999999997, 
2906 Wallace St.,1896.000000000000000,-87.641619000000006,41.841391999999999, 
1496 State St.,1896.000000000000000,-87.627114000000006,41.862800999999997, 
138 Colorado Ave.,1897.000000000000000,-87.701346999999998,41.879753999999998, 
2414 Wallace St.,1896.000000000000000,-87.641983999999994,41.848505000000003, 
51 Market St.,1896.000000000000000,-87.636673000000002,41.883836000000002, 
994 Milwaukee Ave.,1896.000000000000000,-87.671059000000000,41.906198000000003, 
553 S. Clark St.,1896.000000000000000,-87.630311000000006,41.868099000000001, 
5711 Ingleside Ave.,1896.000000000000000,-87.602427000000006,41.790401000000003, 
Kinzie St. & Wells St.,1896.000000000000000,-87.634034000000000,41.889172000000002, 
243 Illinois St.,1896.000000000000000,-87.627381999999997,41.890953000000003, 
14th St. & Wabash Ave.,1896.000000000000000,-87.625741000000005,41.863959999999999, 
207 Benteau Ave.,1896.000000000000000,-87.678881000000004,41.957807000000003, 
821 W. Division St.,1896.000000000000000,-87.693997999999993,41.902844000000002, 
155 W. Division St.,1896.000000000000000,-87.665298000000007,41.903291000000003, 
17th St. & Clark St.,1896.000000000000000,-87.630235999999996,41.858941999999999, 
Green Bay Ave. & 85th St.,1896.000000000000000,-87.541702000000001,41.741154000000002, 
2 N. Centre Ave.,1896.000000000000000,-87.657422999999994,41.889091999999998, 
1568 Clybourn Ave.,1896.000000000000000,-87.688064999999995,41.939501999999997, 
918 N. Washtenaw Ave.,1896.000000000000000,-87.694447999999994,41.912728999999999, 
50th St.,1896.000000000000000,-87.581581000000000,41.804734000000003, 
233 W. 23rd St.,1896.000000000000000,-87.633187000000007,41.851039000000000, 
1986 N. Ashland Ave.,1896.000000000000000,-87.668678000000000,41.946468000000003, 
1215 Wabash Ave.,1896.000000000000000,-87.625643999999994,41.866509000000001, 
29th St. & Halsted,1896.000000000000000,-87.646350999999996,41.841664000000002, 
22nd St. & Canal St.,1896.000000000000000,-87.638551000000007,41.852797000000002, 
Bronson St. & Centre Ave.,1896.000000000000000,-87.655062999999998,41.804102000000000, 
111 W. 16th St.,1896.000000000000000,-87.642274000000000,41.859876999999997, 
101 S. Sangamon St.,1896.000000000000000,-87.650942999999998,41.880265999999999, 
1330 Michigan Ave.,1896.000000000000000,-87.623948999999996,41.864919000000000, 
2119 Dearborn St.,1896.000000000000000,-87.628359000000003,41.854059999999997, 
275 State St.,1896.000000000000000,-87.627521999999999,41.877302000000000, 
Lake Street Bridge,1896.000000000000000,-87.637736000000004,41.885713000000003, 
16 S. Green St.,1896.000000000000000,-87.648506999999995,41.883668999999998, 
115 Locust St.,1896.000000000000000,-87.635064000000000,41.899051000000000, 
108 S. California Ave.,1896.000000000000000,-87.696133000000003,41.880752999999999, 
207 Berteau Ave.,1896.000000000000000,-87.678881000000004,41.957814999999997, 
Fort Sheridan,1896.000000000000000,-87.815781000000001,42.225974999999998, 
2354 Oakley Ave.,1896.000000000000000,-87.682924999999997,41.848928999999998, 
89 Church St.,1896.000000000000000,-87.639527000000001,41.907707000000002, 
350 W. 14th St.,1896.000000000000000,-87.649022000000002,41.863545000000002, 
Henry St. & Halsted St.,1896.000000000000000,-87.646748000000002,41.862369999999999, 
10647 Avenue N,1896.000000000000000,-87.538901999999993,41.701650999999998, 
238 Swann St.,1896.000000000000000,-87.632756999999998,41.809843999999998, 
3838 Dearborn St.,1896.000000000000000,-87.627769000000001,41.824165000000001, 
951 W. Madison St.,1896.000000000000000,-87.684610000000006,41.881033000000002, 
175 S. Halsted St.,1896.000000000000000,-87.647349000000006,41.877597999999999, 
Grand Ave. & Halsted St.,1896.000000000000000,-87.647616999999997,41.891191999999997, 
471 S. Union St.,1896.000000000000000,-87.644935000000004,41.865110999999999, 
235 N. Clark St.,1896.000000000000000,-87.631352000000007,41.896287999999998, 
166 W. Adams St.,1896.000000000000000,-87.647660000000002,41.879306999999997, 
9244 S. Chicago Ave.,1896.000000000000000,-87.552001000000004,41.727342999999998, 
Clark St. & Adams St.,1896.000000000000000,-87.630825999999999,41.879427000000000, 
217 W. Madison St.,1896.000000000000000,-87.649355000000000,41.881847000000000, 
1801 State St.,1896.000000000000000,-87.626985000000005,41.857591999999997, 
461 W. Madison St.,1896.000000000000000,-87.661382000000003,41.881664000000001, 
731 61st St.,1896.000000000000000,-87.602683999999996,41.783960999999998, 
885 W. Madison St.,1895.000000000000000,-87.681842000000003,41.881383999999997, 
1874 N. Ashland Ave.,1889.000000000000000,-87.668643000000003,41.943423000000003, 
1076 W. 12th St.,1895.000000000000000,-87.683312000000001,41.866509000000001, 
2105 Armour Ave.,1895.000000000000000,-87.629463999999999,41.854171000000001, 
31 S. Market St.,1889.000000000000000,-87.636662999999999,41.884787000000003, 
186 Southport Ave.,1895.000000000000000,-87.663088000000002,41.922333000000002, 
506 Wabash Ave.,1895.000000000000000,-87.625783999999996,41.869712999999997, 
3735 California Ave.,1889.000000000000000,-87.694770000000005,41.824972000000002, 
Lake St. & Ashland Ave.,1895.000000000000000,-87.666928999999996,41.885314000000001, 
Deplaines St. & Monroe St.,1895.000000000000000,-87.644075999999998,41.880544999999998, 
10 Pleasant St.,1889.000000000000000,-87.645278000000005,41.904240999999999, 
Van Buren St. & Jefferson St.,1895.000000000000000,-87.642488000000000,41.876734999999996, 
144 Sherman St.,1895.000000000000000,-87.632671999999999,41.873092000000000, 
335 Blue Island Ave.,1889.000000000000000,-87.655578000000006,41.864542999999998, 
641 N. Wood St.,1895.000000000000000,-87.671982000000000,41.906022000000000, 
4811 Archer Ave.,1895.000000000000000,-87.718309000000005,41.805270000000000, 
49 S. Union St.,1889.000000000000000,-87.646179000000004,41.882502000000002, 
2820 Short St.,1895.000000000000000,-87.660459000000003,41.842599000000000, 
5104 State St.,1895.000000000000000,-87.626105999999993,41.801558999999997, 
Schniedewende Lee's Printing Press Factory,1890.000000000000000,-87.648486000000005,41.845069000000002, 
93 N. Lincoln St.,1895.000000000000000,-87.674546000000007,41.888348999999998, 
80 Wesson St.,1895.000000000000000,-87.641897999999998,41.898738999999999, 
91st St. and Buffalo Ave.,1890.000000000000000,-87.544308999999998,41.730178000000002, 
640 W. Lake St.,1895.000000000000000,-87.670018999999996,41.885322000000002, 
Spring St. & Dearborn St.,1895.000000000000000,-87.628090000000000,41.845092999999999, 
224 Stephenson St.,1890.000000000000000,-87.636769999999999,41.863177000000000, 
18 Aberdeen St.,1895.000000000000000,-87.654054000000002,41.880881000000002, 
1640 W. Madison St.,1895.000000000000000,-87.711443000000003,41.880769000000001, 
3201 Wahl St.,1891.000000000000000,-87.654880000000006,41.835948999999999, 
481 W. Ohio St.,1895.000000000000000,-87.669342999999998,41.892462000000002, 
2108 Armour St.,1895.000000000000000,-87.629527999999993,41.853940000000001, 
Near Paulina St. and Harrison St.,1892.000000000000000,-87.669867999999994,41.874178999999998, 
2125 Wentworth Ave.,1895.000000000000000,-87.631674000000004,41.853563999999999, 
487 State St.,1895.000000000000000,-87.627339000000006,41.870448000000003, 
Desplaines Street Police Station,1892.000000000000000,-87.644419999999997,41.883740000000003, 
867 32nd St.,1895.000000000000000,-87.651349999999994,41.836075999999998, 
1414 Wabash Ave.,1895.000000000000000,-87.625879999999995,41.863289000000002, 
5420 Shields Ave.,1893.000000000000000,-87.634270000000001,41.795735999999998, 
243 S. Halsted St.,1895.000000000000000,-87.647349000000006,41.875585000000001, 
Polk St. & Laflin St.,1895.000000000000000,-87.664139000000006,41.871637999999997, 
Greenwood Ave.,1893.000000000000000,-87.597984999999994,41.757187000000002, 
274 S. Water St.,1895.000000000000000,-87.636716000000007,41.886263999999997, 
39th St. and Langley Ave.,1893.000000000000000,-87.609841000000003,41.823917000000002, 
12 Meridian St.,1895.000000000000000,-87.644345000000001,41.882413999999997, 
3807 Armour Ave.,1895.000000000000000,-87.629153000000002,41.825099999999999, 
297 Division St.,1895.000000000000000,-87.639892000000003,41.903826000000002, 
2524 Armour Ave.,1894.000000000000000,-87.629056000000006,41.845979999999997, 
300 S. Clark St.,1895.000000000000000,-87.630804999999995,41.876024000000001, 
43rd St. & Cottage Grove Ave.,1894.000000000000000,-87.606718999999998,41.816817000000000, 
1810 State St.,1895.000000000000000,-87.627392999999998,41.857287999999997, 
76 S. Green St.,1895.000000000000000,-87.648379000000006,41.881328000000003, 
9 Sheldon Ave.,1894.000000000000000,-87.662357999999998,41.884259999999998, 
1810 State St.,1895.000000000000000,-87.627403999999999,41.857287999999997, 
Southern Hotel,1895.000000000000000,-87.625623000000004,41.853028999999999, 
474 Clybourn Ave.,1894.000000000000000,-87.655351999999993,41.915252000000002, 
3228 Armour Ave.,1895.000000000000000,-87.628788000000000,41.835245000000000, 
22nd St. & Wabash Ave.,1895.000000000000000,-87.625483000000003,41.852837000000001, 
Hawthorne Race Track,1894.000000000000000,-87.748607000000007,41.827146999999997, 
Dunning Infirmary,1895.000000000000000,-87.795931999999993,41.957040999999997, 
157 W. Lake St.,1895.000000000000000,-87.645696000000001,41.885586000000004, 
271 W. Madison St.,1894.000000000000000,-87.649044000000004,41.881855000000002, 
Ridgeland Ave.,1889.000000000000000,-87.786759000000004,41.957208000000001, 
64 Adams St.,1895.000000000000000,-87.628208000000001,41.879314999999998, 
West 28th street yards,1894.000000000000000,-87.689266000000003,41.804454000000000, 
555 Clark St.,1889.000000000000000,-87.630268000000001,41.868074999999997, 
Dearborn Station,1895.000000000000000,-87.629185000000007,41.872180999999998, 
Clinton St. and Mather St.,1894.000000000000000,-87.640749999999997,41.868178999999998, 
2007 State St.,1895.000000000000000,-87.626985000000005,41.854787000000002, 
95th St. & Western Ave.,1895.000000000000000,-87.682056000000003,41.720968999999997, 
Clybourn St. and Cleveland St.,1894.000000000000000,-87.641062000000005,41.904848000000001, 
591 State St.,1895.000000000000000,-87.627263999999997,41.867778999999999, 
Exchange Building,1895.000000000000000,-87.631608999999997,41.876767000000001, 
125 Clark St.,1894.000000000000000,-87.630762000000004,41.882438000000000, 
394 Austin Ave.,1895.000000000000000,-87.662690999999995,41.889867000000002, 
153 Custom House Place,1895.000000000000000,-87.629828000000003,41.876263999999999, 
Grand Blvd. & Oakwood Blvd.,1894.000000000000000,-87.616974999999996,41.822629999999997, 
112 Siegel St.,1895.000000000000000,-87.636813000000004,41.906588999999997, 
152 Custom House Place,1895.000000000000000,-87.629592000000002,41.876272000000000, 
22nd St. & Wabash Ave.,1894.000000000000000,-87.625514999999993,41.852845000000002, 
Campbell Ave. & 16th St.,1895.000000000000000,-87.687753000000001,41.859413000000004, 
356 State St.,1895.000000000000000,-87.627746999999999,41.874450000000003, 
56 Superior St.,1894.000000000000000,-87.640288999999996,41.895409000000001, 
67 W. Erie St.,1895.000000000000000,-87.649236999999999,41.893436999999999, 
505 State St.,1895.000000000000000,-87.627285999999998,41.870072000000000, 
Grand Ave. & Noble St.,1895.000000000000000,-87.662283000000002,41.891008999999997, 
297 Division St.,1895.000000000000000,-87.639914000000005,41.903834000000003, 
661 S. Sangamon St.,1895.000000000000000,-87.648206999999999,41.774087999999999, 
231 Rush St.,1894.000000000000000,-87.626095000000007,41.898093000000003, 
1222 Blue Island Ave.,1895.000000000000000,-87.683902000000003,41.845292000000001, 
20 Polk St.,1895.000000000000000,-87.628788000000000,41.872228999999997, 
633 W. North Ave.,1895.000000000000000,-87.684460000000001,41.910468999999999, 
State St. & Madison St.,1894.000000000000000,-87.627801000000005,41.882047000000000, 
18 S. Clark St.,1895.000000000000000,-87.631062000000000,41.886217000000002, 
4857 S. Paulina St.,1895.000000000000000,-87.667164999999997,41.805534000000002, 
523 S. Clark St.,1895.000000000000000,-87.630332999999993,41.869177000000001, 
Cherry Ave. & Blackhawk St.,1894.000000000000000,-87.655417000000000,41.907179999999997, 
556 S. Jefferson St.,1895.000000000000000,-87.641963000000004,41.863703999999998, 
3767 S. Halsted St.,1895.000000000000000,-87.646125999999995,41.825836000000002, 
396 State St.,1894.000000000000000,-87.627769000000001,41.873283999999998, 
1231 N. Milwaukee Ave.,1894.000000000000000,-87.677582999999998,41.910468999999999, 
Kinzie St. Bridge,1894.000000000000000,-87.639345000000006,41.889091999999998, 
4119 Ashland Ave.,1894.000000000000000,-87.665395000000004,41.818151999999998, 
1604 N. Ashland Ave.,1894.000000000000000,-87.668710000000004,41.936540999999998, 
34th St. & State St.,1894.000000000000000,-87.626524000000003,41.832830999999999, 
3217 Archer Ave.,1894.000000000000000,-87.669300000000007,41.835365000000003, 
68th St. & Euclid Ave.,1894.000000000000000,-87.577642999999995,41.771608000000001, 
467 1/2 Clark St.,1894.000000000000000,-87.630471999999997,41.870544000000002, 
173 W. 23rd St.,1894.000000000000000,-87.626191000000006,41.850991000000000, 
New Marquette Building,1894.000000000000000,-87.629356000000001,41.879387000000001, 
957 50th St.,1894.000000000000000,-87.645320999999996,41.803317999999997, 
12th St. and Halsted St.,1894.000000000000000,-87.646887000000007,41.867164000000002, 
173 W. Polk St.,1894.000000000000000,-87.644216000000000,41.872030000000002, 
161 W. 20th St.,1894.000000000000000,-87.647037999999995,41.855409999999999, 
Deefield Station,1894.000000000000000,-87.848417999999995,42.163690000000003, 
Wood St. & Polk St.,1894.000000000000000,-87.671488999999994,41.871549999999999, 
395 W. Taylor St.,1894.000000000000000,-87.653947000000002,41.869545000000002, 
133 N. Curtis St.,1894.000000000000000,-87.654472999999996,41.889651000000001, 
63rd St. & Wentworth Ave.,1894.000000000000000,-87.630064000000004,41.779961000000000, 
416 W. 18th St.,1894.000000000000000,-87.655019999999993,41.858046999999999, 
39 Boston Ave.,1894.000000000000000,-87.646769000000006,41.877381999999997, 
38 N. Clark St.,1894.000000000000000,-87.630922999999996,41.889043999999998, 
2804 State St.,1894.000000000000000,-87.627038999999996,41.843054000000002, 
4838 Dreyer St.,1894.000000000000000,-87.666038000000000,41.805422000000000, 
48th St. & Wood St.,1894.000000000000000,-87.669708000000000,41.806621000000000, 
140 N. Sangamon St.,1894.000000000000000,-87.651178999999999,41.889938999999998, 
305 Sedgewick St.,1894.000000000000000,-87.638272000000001,41.905470999999999, 
48th St. & Wood St.,1894.000000000000000,-87.669696999999999,41.806629000000001, 
78 Custom House Place,1894.000000000000000,-87.629732000000004,41.877206000000001, 
69th St. and Page St.,1894.000000000000000,-87.667475999999994,41.768431000000000, 
62nd St. & Elizabeth St.,1894.000000000000000,-87.655771000000001,41.781328999999999, 
444 S. Clark St.,1894.000000000000000,-87.630696999999998,41.871333999999997, 
75 E. Clark St.,1894.000000000000000,-87.631512999999998,41.872253000000001, 
49 River St.,1894.000000000000000,-87.621438999999995,41.887853999999997, 
37th St. & Vernon Ave.,1894.000000000000000,-87.615570000000005,41.827427000000000, 
2026 N. Paulina St.,1894.000000000000000,-87.670715999999999,41.928973999999997, 
12th St. & Halsted St.,1894.000000000000000,-87.646887000000007,41.867131999999998, 
228 Clark St.,1894.000000000000000,-87.630911999999995,41.878940000000000, 
29 E. Kinzie St.,1894.000000000000000,-87.637854000000004,41.889228000000003, 
356 Indiana St.,1894.000000000000000,-87.623347999999993,41.891624000000000, 
2115 State St.,1894.000000000000000,-87.626953000000000,41.853876000000000, 
Lake St. and Clark St.,1894.000000000000000,-87.630955000000000,41.885745000000000, 
178 S. Sangamon St.,1894.000000000000000,-87.650621000000001,41.877333999999998, 
LaSalle St. Tunnel,1894.000000000000000,-87.632520999999997,41.887782000000001, 
2000 State St.,1894.000000000000000,-87.627135999999993,41.855409999999999, 
Rookery Building,1894.000000000000000,-87.632146000000006,41.879291000000002, 
1502 Wabash Ave.,1894.000000000000000,-87.625772999999995,41.861595000000001, 
114 Oak St.,1894.000000000000000,-87.639376999999996,41.900384000000003, 
57 E. Huron St.,1894.000000000000000,-87.640192999999996,41.894801999999999, 
Fort Sheridan,1893.000000000000000,-87.815866000000000,42.226325000000003, 
2228 Dearborn St.,1893.000000000000000,-87.628304999999997,41.851349999999996, 
World's Fair Grounds,1893.000000000000000,-87.580046999999993,41.785072999999997, 
Dearborn Station,1893.000000000000000,-87.629142000000002,41.872180999999998, 
435 Root St.,1893.000000000000000,-87.632960999999995,41.819023999999999, 
226 N. Halsted St.,1894.000000000000000,-87.647734999999997,41.892614000000002, 
2620 Wabash Ave.,1893.000000000000000,-87.625439999999998,41.844869000000003, 
44 W. 13th St.,1893.000000000000000,-87.657218999999998,41.865341999999998, 
Kensington Ave.,1894.000000000000000,-87.612126000000004,41.684058000000000, 
Clark and Harrison,1893.000000000000000,-87.630675999999994,41.874530000000000, 
129 S. Halsted St.,1893.000000000000000,-87.647445000000005,41.879427000000000, 
211 26th St.,1894.000000000000000,-87.628390999999993,41.845475999999998, 
203 W. Taylor St.,1893.000000000000000,-87.644537999999997,41.869832000000002, 
"25th Street, near Armour Ave.",1893.000000000000000,-87.629163000000005,41.846674999999998, 
500 S. Jefferson St.,1894.000000000000000,-87.641994999999994,41.865926000000002, 
6021 State St.,1893.000000000000000,-87.625623000000004,41.783912999999998, 
Poplar Ave. & 31st St.,1893.000000000000000,-87.647327000000004,41.838067000000002, 
61st St. & Western Ave.,1894.000000000000000,-87.683762000000002,41.782777000000003, 
1427 State St.,1893.000000000000000,-87.627135999999993,41.862290000000002, 
65 Polk St.,1893.000000000000000,-87.631062000000000,41.872309000000001, 
49th St. and Loomis St.,1894.000000000000000,-87.659943999999996,41.804934000000003, 
3614 State St.,1893.000000000000000,-87.626673999999994,41.828938000000001, 
Harrison St. and Throop St.,1893.000000000000000,-87.659783000000004,41.874257999999998, 
53 Alexander St.,1894.000000000000000,-87.634292000000002,41.851334000000001, 
Near Wentworth St. and 26th St.,1893.000000000000000,-87.631834999999995,41.845548000000001, 
394 Clark St.,1893.000000000000000,-87.630751000000004,41.872892000000000, 
49 Kinzie St.,1893.000000000000000,-87.637102999999996,41.889195999999998, 
172 S. Des Plaines St.,1894.000000000000000,-87.643915000000007,41.878459999999997, 
204 Brown St.,1893.000000000000000,-87.649741000000006,41.861635000000000, 
41st St. & Loomis St.,1893.000000000000000,-87.660921000000002,41.819631999999999, 
180 Mather St.,1893.000000000000000,-87.646114999999995,41.872740999999998, 
2804 State St.,1894.000000000000000,-87.627007000000006,41.842879000000003, 
367 N. Wells St.,1893.000000000000000,-87.634528000000003,41.902715999999998, 
456 Dearborn St.,1893.000000000000000,-87.629271000000003,41.873019999999997, 
161 W. 20th St.,1894.000000000000000,-87.647026999999994,41.855441999999996, 
24th St. and Homan Ave.,1893.000000000000000,-87.709866000000005,41.847985999999999, 
63rd St. & South Park Ave.,1893.000000000000000,-87.615527000000000,41.780113000000000, 
416 W. Huron St.,1893.000000000000000,-87.674020999999996,41.894219000000000, 
3156 Fox St.,1893.000000000000000,-87.658539000000005,41.836468000000004, 
3908 S. Western Ave.,1893.000000000000000,-87.684342000000001,41.821902000000001, 
805 Dudley St.,1893.000000000000000,-87.676401999999996,41.911875000000002, 
643 S. Halsted St.,1893.000000000000000,-87.646855000000002,41.861387000000001, 
150 Johnson St.,1893.000000000000000,-87.649300999999994,41.864103999999998, 
182 Sherman St.,1893.000000000000000,-87.632671999999999,41.871630000000003, 
Halsted St. & 15th St.,1893.000000000000000,-87.646726000000001,41.861722999999998, 
Canal St. & 15th St.,1893.000000000000000,-87.639054999999999,41.861258999999997, 
114 W. 18th Pl.,1893.000000000000000,-87.652379999999994,41.857424000000002, 
231 S. Ashland Ave.,1893.000000000000000,-87.666477999999998,41.877277999999997, 
33rd St. and Wabash St.,1893.000000000000000,-87.625076000000007,41.834702000000000, 
761 S. Halsted St.,1893.000000000000000,-87.646693999999997,41.856177000000002, 
111 Plymouth Pl.,1892.000000000000000,-87.628540999999998,41.873947000000001, 
344 Washburne Av,1892.000000000000000,-87.669847000000004,41.866013000000002, 
124 S. Halsted St.,1893.000000000000000,-87.647165999999999,41.879626999999999, 
2933 Cottage Grove Ave.,1892.000000000000000,-87.614497000000000,41.841439999999999, 
Garfield Park Race Track,1892.000000000000000,-87.716999999999999,41.881295999999999, 
156 Maxwell St.,1893.000000000000000,-87.640268000000006,41.865501999999999, 
102nd st. & Ewing Ave.,1892.000000000000000,-87.535297000000000,41.710085999999997, 
43rd st. and Western Ave,1893.000000000000000,-87.684363000000005,41.815697999999998, 
328 Clark st.,1893.000000000000000,-87.630782999999994,41.875208999999998, 
75 Custom House Place,1892.000000000000000,-87.629721000000004,41.877549999999999, 
1140 N. Leavitt st.,1893.000000000000000,-87.682474999999997,41.920194000000002, 
88th Place near Calumet Av.,1893.000000000000000,-87.615708999999995,41.733708999999998, 
1223 State st.,1892.000000000000000,-87.627189000000001,41.866987999999999, 
135 Ewing st,1893.000000000000000,-87.643293000000000,41.871326000000003, 
2806 State st.,1893.000000000000000,-87.626964000000001,41.843031000000003, 
254 N. Halsted st.,1892.000000000000000,-87.647756000000001,41.893619999999999, 
May St. & Walsh Ct.,1893.000000000000000,-87.654762000000005,41.854354999999998, 
2106 State st.,1893.000000000000000,-87.627211000000003,41.854004000000003, 
Lake and Ann sts.,1892.000000000000000,-87.656811000000005,41.885537999999997, 
Commercial Hotel (114 and 116 W. Madison),1892.000000000000000,-87.644323000000000,41.881743999999998, 
Union and Henry sts.,1893.000000000000000,-87.644902000000002,41.862394000000002, 
576 Holt Ave.,1893.000000000000000,-87.664933000000005,41.904792000000000, 
2229 Cottage Grove ave.,1891.000000000000000,-87.621438999999995,41.851965999999997, 
297 W. 12th st.,1892.000000000000000,-87.647649000000001,41.867283999999998, 
126 Cleaver st,1893.000000000000000,-87.663741999999999,41.905662999999997, 
131 Van Buren St.,1893.000000000000000,-87.631545000000003,41.876967000000000, 
Western ave. near Berlin st.,1892.000000000000000,-87.687624999999997,41.924121000000000, 
204 Custom House Place,1892.000000000000000,-87.629721000000004,41.875368999999999, 
457 Laflin st.,1893.000000000000000,-87.663860000000000,41.861507000000003, 
140 W. Monroe st.,1892.000000000000000,-87.644644999999997,41.880440999999998, 
147 W. Kenzie st.,1892.000000000000000,-87.647133999999994,41.889147999999999, 
404 Clark st,1893.000000000000000,-87.630773000000005,41.872931999999999, 
105 Canalport Ave.,1892.000000000000000,-87.643293000000000,41.856048999999999, 
Lock & Fuller sts.,1892.000000000000000,-87.663505999999998,41.842607000000001, 
10 Metropolitan Pl.,1893.000000000000000,-87.725185999999994,41.892279000000002, 
68 Polk st.,1892.000000000000000,-87.631073000000001,41.872140999999999, 
Jefferson & Henry sts.,1892.000000000000000,-87.642005999999995,41.862450000000003, 
1091 W. Lake St.,1893.000000000000000,-87.688772999999998,41.884419000000001, 
12 Mark st.,1892.000000000000000,-87.645320999999996,41.856839999999998, 
4822 Dreyer st.,1892.000000000000000,-87.666060000000002,41.805886000000001, 
153 W. Jackson St.,1893.000000000000000,-87.645031000000003,41.878036999999999, 
109 Larrabee st.,1892.000000000000000,-87.643197000000001,41.900168999999998, 
499 Clark st.,1892.000000000000000,-87.630375999999998,41.869729000000000, 
3803 Archer Ave.,1893.000000000000000,-87.686959999999999,41.824612999999999, 
453 State st.,1892.000000000000000,-87.627307000000002,41.871470000000002, 
2719 South Park Avenue,1892.000000000000000,-87.617040000000003,41.844029999999997, 
Taylor St. / Plymouth Pl.,1893.000000000000000,-87.628551999999999,41.869911999999999, 
334 W. Van Buren st.,1892.000000000000000,-87.655029999999996,41.876471000000002, 
19 N Green st,1892.000000000000000,-87.648506999999995,41.885345999999998, 
817 Milwaukee Ave.,1893.000000000000000,-87.665716000000003,41.902940000000001, 
Willow Springs,1891.000000000000000,-87.878479999999996,41.733341000000003, 
2445 116th St.,1892.000000000000000,-87.630611999999999,41.683337000000002, 
74 1/2 E. Van Buren st.,1891.000000000000000,-87.628337000000002,41.876863000000000, 
String & 21st st.,1891.000000000000000,-87.642735000000002,41.854219000000001, 
56 Tilden Ave.,1892.000000000000000,-87.654021999999998,41.876143999999996, 
232 Custom House Place,1891.000000000000000,-87.629721000000004,41.876288000000002, 
311 S. Clark st.,1891.000000000000000,-87.630611999999999,41.876072000000001, 
Emerald Ave. and 31st,1892.000000000000000,-87.645062999999993,41.838075000000003, 
313 W. 16th st.,1891.000000000000000,-87.651822999999993,41.859780999999998, 
215 Plymouth Pl.,1891.000000000000000,-87.628433999999999,41.870376000000000, 
172 S. Green St.,1892.000000000000000,-87.648303999999996,41.877478000000004, 
491 N. Clark st.,1891.000000000000000,-87.631576999999993,41.905374999999999, 
502 State st.,1891.000000000000000,-87.627661000000003,41.870111999999999, 
foot of St. Clair st.,1891.000000000000000,-87.622662000000005,41.891072999999999, 
152 Taylor st.,1892.000000000000000,-87.634119999999996,41.869768999999998, 
151 92nd st.,1891.000000000000000,-87.545832000000004,41.728375999999997, 
295 S Clark,1891.000000000000000,-87.630633000000003,41.876080000000002, 
"49th st., Near Loomis",1892.000000000000000,-87.659954999999997,41.804974000000001, 
336 State st.,1890.000000000000000,-87.627779000000004,41.875289000000002, 
71 N. Desplaines,1891.000000000000000,-87.644193999999999,41.886664000000003, 
Division St. bridge,1891.000000000000000,-87.657304999999994,41.903491000000002, 
578 State st,1890.000000000000000,-87.626555999999994,41.867516000000002, 
278 W. Lake st.,1891.000000000000000,-87.651843999999997,41.885672999999997, 
214 W Taylor,1891.000000000000000,-87.645771999999994,41.869529000000000, 
316 S Clark,1890.000000000000000,-87.630773000000005,41.875337000000002, 
86 S. Green st.,1891.000000000000000,-87.648410999999996,41.881112000000002, 
3644 LaSalle st.,1891.000000000000000,-87.629870999999994,41.828234000000002, 
271 31st st,1890.000000000000000,-87.624184999999997,41.838251000000000, 
35th & Halsted st.,1891.000000000000000,-87.646114999999995,41.830776999999998, 
674 Austin Ave.,1891.000000000000000,-87.677143000000001,41.889667000000003, 
210 W Adams,1890.000000000000000,-87.648947000000007,41.879131000000001, 
43rd & School st.,1891.000000000000000,-87.633529999999993,41.816313000000001, 
245 Ogden Ave,1891.000000000000000,-87.670394000000002,41.877949000000001, 
Beach St. and Taylor St.,1890.000000000000000,-87.635794000000004,41.869712999999997, 
346 W. 12th st.,1891.000000000000000,-87.650278000000000,41.866956000000002, 
315 W Madison,1891.000000000000000,-87.653818000000001,41.881799000000001, 
555 Clark st,1889.000000000000000,-87.630408000000003,41.868977999999998, 
Clark st. and Arcade Ct.,1891.000000000000000,-87.630933999999996,41.881343999999999, 
402 27th St.,1891.000000000000000,-87.630493999999999,41.844301000000002, 
193 N. Halsted st.,1891.000000000000000,-87.647445000000005,41.891544000000003, 
77 S. Halsted st.,1891.000000000000000,-87.647487999999996,41.881464000000001, 
11 N. Peoria st.,1891.000000000000000,-87.649709000000001,41.884875000000001, 
Washington Park Racetrack (61st and Cottage Grove),1891.000000000000000,-87.605891999999997,41.783937000000002, 
265 W. Randolph,1891.000000000000000,-87.651211000000004,41.884523000000002, 
Garfield Park Racetrack,1892.000000000000000,-87.717032000000003,41.881304000000000, 
488 State st.,1891.000000000000000,-87.627683000000005,41.870392000000002, 
2623 Hickory st.,1891.000000000000000,-87.657037000000003,41.845077000000003, 
11 Henry St.,1892.000000000000000,-87.646017999999998,41.862313999999998, 
Union st and Wisconsin Central R.R. tracks,1891.000000000000000,-87.644848999999994,41.860467999999997, 
38 Law Av.,1890.000000000000000,-87.643197000000001,41.874777999999999, 
1324 Lexington st.,1890.000000000000000,-87.693965000000006,41.871941999999997, 
Lake & Mogan sts.,1890.000000000000000,-87.652134000000004,41.885618000000001, 
62nd and Morgan sts.,1890.000000000000000,-87.649623000000005,41.781408999999996, 
Ashland Ave & 43rd st.,1890.000000000000000,-87.665190999999993,41.815913000000002, 
539 Root st.,1890.000000000000000,-87.637285000000006,41.818984000000000, 
Des Plaines and Jackson sts.,1890.000000000000000,-87.644001000000003,41.878013000000003, 
536 Sedgewick st.,1890.000000000000000,-87.638722999999999,41.913997999999999, 
977 Seminary,1890.000000000000000,-87.656650999999997,41.940905999999998, 
166 W. Madison st.,1890.000000000000000,-87.646286000000003,41.881822999999997, 
Corwith,1890.000000000000000,-87.704404999999994,41.822622000000003, 
725 W 14th st,1890.000000000000000,-87.669867999999994,41.863304999999997, 
41st and State st.,1889.000000000000000,-87.626299000000003,41.820103000000003, 
1112 stone Av.,1890.000000000000000,-87.651458000000005,41.807772999999997, 
444 26th st.,1890.000000000000000,-87.639087000000004,41.845500000000001, 
84th st and Commercial,1890.000000000000000,-87.551540000000003,41.742778999999999, 
34 29th st.,1889.000000000000000,-87.614315000000005,41.842295000000000, 
329 W. Polk st.,1890.000000000000000,-87.652283999999995,41.871934000000003, 
219 N. Centre Ave.,1890.000000000000000,-87.657465999999999,41.896911000000003, 
Mohawk and Eugene sts.,1889.000000000000000,-87.642295000000004,41.912849000000001, 
7109 Drexel Ave.,1890.000000000000000,-87.604271999999995,41.809516000000002, 
129 N. Clark st.,1890.000000000000000,-87.631245000000007,41.892637999999998, 
1887 W. 12th st.,1888.000000000000000,-87.715755999999999,41.866284999999998, 
923 W. Division st.,1890.000000000000000,-87.697839000000002,41.902867999999998, 
Keeney Ave. & Cortland st.,1890.000000000000000,-87.731323000000003,41.915211999999997, 
277 N. Carpenter st.,1889.000000000000000,-87.653507000000005,41.894889999999997, 
92 Ewing st.,1890.000000000000000,-87.641126000000000,41.871381999999997, 
83 Tilden Ave.,1890.000000000000000,-87.655062999999998,41.876136000000002, 
Peoria & Jackson sts.,1889.000000000000000,-87.649569999999997,41.877941000000000, 
241 S. Water st.,1890.000000000000000,-87.635247000000007,41.886839999999999, 
7046 Stony Island Av.,1890.000000000000000,-87.586409000000003,41.767223000000001, 
145 E. Chicago Av.,1889.000000000000000,-87.636769999999999,41.896639000000000, 
155 E. Randolph st.,1889.000000000000000,-87.632114000000001,41.884531000000003, 
63rd and Wabash Ave.,1890.000000000000000,-87.623733999999999,41.780040999999997, 
462 S Clark st.,1889.000000000000000,-87.630633000000003,41.870719000000001, 
2552 S. Halsted st.,1890.000000000000000,-87.646372000000000,41.846131999999997, 
518 State st.,1890.000000000000000,-87.627617999999998,41.868425999999999, 
387 S Clark st.,1889.000000000000000,-87.630557999999994,41.873843000000001, 
122-124 Clark st.,1890.000000000000000,-87.630976000000004,41.882694000000001, 
1607 Wabash Av.,1890.000000000000000,-87.625557999999998,41.859861000000002, 
12th and Jefferson sts.,1889.000000000000000,-87.642156000000000,41.867243999999999, 
404 W. Chicago Ave.,1890.000000000000000,-87.663580999999994,41.896183999999998, 
408 27th st.,1890.000000000000000,-87.631276999999997,41.844405000000002, 
604 Milwaukee Av.,1889.000000000000000,-87.658795999999995,41.898572000000001, 
Sholdto & Gurley sts.,1890.000000000000000,-87.653195999999994,41.872908000000002, 
16th & Brown,1890.000000000000000,-87.649772999999996,41.859893000000000, 
C.B. & Q.R.R. tracks near Morgan st,1889.000000000000000,-87.651565000000005,41.860627999999998, 
517 Clark st.,1890.000000000000000,-87.630375999999998,41.869216999999999, 
4628 Laflin st.,1890.000000000000000,-87.662368999999998,41.809868000000002, 
939 W. 19th st.,1889.000000000000000,-87.678719999999998,41.855738000000002, 
1519 State st.,1889.000000000000000,-87.627167999999998,41.861499000000002, 
Adams st. near Michigan Av.,1889.000000000000000,-87.624731999999995,41.879626999999999, 
Harrison and Clinton sts.,1889.000000000000000,-87.640953999999994,41.874409999999997, 
3759 Laurel st.,1889.000000000000000,-87.650792999999993,41.826067999999999, 
1511 State st.,1889.000000000000000,-87.627145999999996,41.861778999999999, 
Green and Randolph sts.,1889.000000000000000,-87.648539999999997,41.884427000000002, 
5623 Atlantic st.,1889.000000000000000,-87.632468000000003,41.822662000000001, 
3155 Archer Ave.,1889.000000000000000,-87.667068000000000,41.836700000000000, 
750 W. Harrison St .,1889.000000000000000,-87.670586999999998,41.874091000000000, 
3452 Auburn Ave.,1889.000000000000000,-87.648539999999997,41.831319999999998, 
241 Washburn Ave.,1889.000000000000000,-87.664568000000003,41.866021000000003, 
39 Milwaukee Ave.,1889.000000000000000,-87.641233000000000,41.886767999999996, 
24 Bishop Court,1889.000000000000000,-87.663646000000000,41.881959000000002, 
111 Brown st.,1889.000000000000000,-87.650052000000002,41.865054999999998, 
Congress & Halsted sts.,1888.000000000000000,-87.647188000000000,41.875416999999999, 
234 Fourth Av.,1888.000000000000000,-87.629549999999995,41.870711000000000, 
56 Sherman st.,1888.000000000000000,-87.633069000000006,41.875089000000003, 
"Blue Island Av., Near Hope st.",1888.000000000000000,-87.648775999999998,41.872461000000001, 
149 W. Jackson st.,1888.000000000000000,-87.646135999999998,41.877997000000001, 
398 S. Clark st.,1888.000000000000000,-87.630655000000004,41.872996000000001, 
105 Michigan st.,1888.000000000000000,-87.633111000000000,41.889994000000002, 
185 Sangamon st.,1890.000000000000000,-87.651071999999999,41.891640000000002, 
Archer av. & Quinn st.,1887.000000000000000,-87.653131000000002,41.843950000000000, 
State and 16th Sts.,1888.000000000000000,-87.627232000000006,41.860180999999997, 
188 Mather,1888.000000000000000,-87.645128000000000,41.872732999999997, 
2508 S. Park Ave.,1888.000000000000000,-87.617532999999995,41.847346000000002, 
464 State st.,1888.000000000000000,-87.627499999999998,41.872053000000001, 
38 W. Madison st.,1888.000000000000000,-87.626609999999999,41.882103000000001, 
Monadnock Building,1902.000000000000000,-87.629441999999997,41.878093000000000, 
801 Blue Island Ave.,1894.000000000000000,-87.667229000000006,41.851925999999999, 
Hastings St. & Throop St.,1902.000000000000000,-87.658968000000002,41.864272000000000, 
475 California Ave.,1895.000000000000000,-87.696089999999998,41.869624999999999, 
642 Milwaukee Ave.,1887.000000000000000,-87.660769999999999,41.899642000000000, 
337 E. 22nd st.,1887.000000000000000,-87.633262000000002,41.852764999999998, 
Indiana st. near Hoyne Ave.,1887.000000000000000,-87.679342000000005,41.890793000000002, 
54 Larrabee st.,1887.000000000000000,-87.642938999999998,41.898212000000001, 
138 W. Monroe st.,1887.000000000000000,-87.644741999999994,41.880504999999999, 
Main and Stearns sts,1887.000000000000000,-87.651500999999996,41.840488999999998, 
64 Blue Island Av.,1887.000000000000000,-87.648624999999996,41.872725000000003, 
2641 Hickory st.,1887.000000000000000,-87.657058000000006,41.844901000000000, 
408 31st st.,1887.000000000000000,-87.630257999999998,41.838282999999997, 
Austin Av. & Sangamon st.,1887.000000000000000,-87.651104000000004,41.890058000000003, 
Clark and S Water sts,1887.000000000000000,-87.631029999999996,41.886910999999998, 
233 Third Ave,1887.000000000000000,-87.628562000000002,41.869824000000001, 
95 Randolph St.,1887.000000000000000,-87.629485000000003,41.884450999999999, 
672 S. Throop st.,1886.000000000000000,-87.658786000000006,41.855761999999999, 
Forquer & Jefferson st.,1887.000000000000000,-87.642251999999999,41.870376000000000, 
508 E. 31st st,1886.000000000000000,-87.635558000000003,41.838138999999998, 
79 N. Clark st.,1887.000000000000000,-87.631062000000000,41.890689000000002, 
Desplaines and Randolph Sts.,1886.000000000000000,-87.644193999999999,41.884419000000001, 
55 Meridian st.,1886.000000000000000,-87.646682999999996,41.882454000000003, 
Madison and Desplaines,1886.000000000000000,-87.644119000000003,41.881815000000003, 
100 N. Ashland Av.,1886.000000000000000,-87.667142999999996,41.888700999999998, 
North Av and Crawford st,1886.000000000000000,-87.725358000000000,41.909958000000003, 
Jackson St. near State St.,1886.000000000000000,-87.627843999999996,41.878188999999999, 
Halsted & Taylor sts.,1886.000000000000000,-87.646866000000003,41.869656999999997, 
Walton and Ashland,1886.000000000000000,-87.667326000000003,41.898795000000000, 
99 S. Halsted st.,1886.000000000000000,-87.647273999999996,41.880648999999998, 
37 Austin Av.,1887.000000000000000,-87.644880999999998,41.890106000000003, 
321 W. Erie st.,1886.000000000000000,-87.661865000000006,41.893405000000001, 
3206 Archer Ave,1887.000000000000000,-87.668408999999997,41.835965000000002, 
Desplaines and Randolph Sts.,1886.000000000000000,-87.644193999999999,41.884435000000003, 
517 Clark st.,1887.000000000000000,-87.630450999999994,41.869456999999997, 
Peoria st. and Carroll Ave.,1886.000000000000000,-87.649912999999998,41.887774000000000, 
515 N. Halsted St.,1887.000000000000000,-87.648099999999999,41.904528999999997, 
924 S. Halsted st.,1886.000000000000000,-87.646479999999997,41.850495000000002, 
422 N. Lincoln st.,1887.000000000000000,-87.674654000000004,41.899377999999999, 
Archer Ave. & Hough Pl.,1886.000000000000000,-87.647712999999996,41.846666999999997, 
Archer Ave. & 22nd st.,1887.000000000000000,-87.634827999999999,41.852812999999998, 
Desplaines and Randolph Sts.,1886.000000000000000,-87.644183999999996,41.884435000000003, 
25th St. & Wentworth Av.,1887.000000000000000,-87.631996000000001,41.846547000000001, 
315 S. Clark st.,1886.000000000000000,-87.630730000000000,41.875799999999998, 
Desplaines and Randolph Sts.,1886.000000000000000,-87.644161999999994,41.884450999999999, 
Desplaines and Randolph Sts.,1886.000000000000000,-87.644204999999999,41.884450999999999, 
441 S. Clark,1886.000000000000000,-87.630633000000003,41.871574000000003, 
Desplaines and Randolph Sts.,1886.000000000000000,-87.644216000000000,41.884419000000001, 
Salt st. & Archer,1886.000000000000000,-87.647907000000004,41.846618999999997, 
476 Wabash Ave,1886.000000000000000,-87.625988000000007,41.872132999999998, 
150 4th Av.,1886.000000000000000,-87.629603000000003,41.872812000000003, 
62 Grand Ave,1886.000000000000000,-87.689610000000002,41.891520000000000, 
Indiana and 23rd St.,1885.000000000000000,-87.622231999999997,41.851126999999998, 
78 W. Harrison st.,1885.000000000000000,-87.639870999999999,41.874378000000000, 
135 4th Ave.,1885.000000000000000,-87.629614000000004,41.873587000000001, 
222 S. Clark St.,1885.000000000000000,-87.630911999999995,41.879067999999997, 
2529 Cologne st.,1885.000000000000000,-87.660984999999997,41.844118000000002, 
134 S. Desplaines st.,1885.000000000000000,-87.644065999999995,41.879786000000003, 
310 W. Monroe st,1885.000000000000000,-87.653560999999996,41.880346000000003, 
87 S. Halstead St.,1884.000000000000000,-87.647424000000001,41.880985000000003, 
Halsted & 19th st.,1885.000000000000000,-87.646630000000002,41.856721000000000, 
1544 34th st.,1885.000000000000000,-87.676134000000005,41.832191000000002, 
519 S. Clark st.,1885.000000000000000,-87.630633000000003,41.869401000000003, 
282 S. Canal st.,1885.000000000000000,-87.639140999999995,41.868186999999999, 
188 Southport Ave,1885.000000000000000,-87.663162999999997,41.922325000000001, 
60 Milton Av.,1885.000000000000000,-87.639945999999995,41.897964999999999, 
Elston Ave and Division st.,1885.000000000000000,-87.658323999999993,41.903514999999999, 
126 Pacific Ave.,1885.000000000000000,-87.631652000000003,41.873811000000003, 
36 Finnell st.,1885.000000000000000,-87.634452999999993,41.852110000000003, 
144 W. Lake st.,1886.000000000000000,-87.645020000000002,41.885665000000003, 
139 Napoleon Pl,1885.000000000000000,-87.638422000000006,41.842671000000003, 
Wright and Canal Sts.,1886.000000000000000,-87.639077000000000,41.862465999999998, 
9 Gold st.,1885.000000000000000,-87.649890999999997,41.874074999999998, 
Desplaines and Randolph Sts.,1886.000000000000000,-87.644161999999994,41.884450999999999, 
350 Wells st.,1885.000000000000000,-87.634462999999997,41.901926000000003, 
159 W. Division St,1883.000000000000000,-87.665233999999998,41.903371000000000, 
165 Augusta st.,1885.000000000000000,-87.664472000000004,41.899706000000002, 
95th St. and Illinois Central tracks,1883.000000000000000,-87.604422999999997,41.722002000000003, 
507 S. Clark st.,1885.000000000000000,-87.630568999999994,41.869712999999997, 
564 N. Halsted st.,1883.000000000000000,-87.648143000000005,41.906517000000001, 
137 Larabee st.,1885.000000000000000,-87.643079000000000,41.901167000000001, 
30 N. Oakley st.,1883.000000000000000,-87.684116000000003,41.885345999999998, 
609 Fulton St.,1885.000000000000000,-87.671113000000005,41.886831999999998, 
Huron & Carpenter sts.,1883.000000000000000,-87.653527999999994,41.894402999999997, 
Halsted & Adams,1885.000000000000000,-87.647283999999999,41.879227000000000, 
303 S Jefferson,1883.000000000000000,-87.642446000000007,41.873610999999997, 
1170 Fulton St.,1885.000000000000000,-87.692291999999995,41.886544000000001, 
578 Wells st.,1883.000000000000000,-87.634732000000000,41.910198000000001, 
Clark and Van Buren Sts.,1885.000000000000000,-87.630740000000003,41.876871000000001, 
2547 Archer Av,1884.000000000000000,-87.647789000000003,41.846603000000002, 
32 W. Madison st.,1885.000000000000000,-87.640128000000004,41.881878999999998, 
244 LaSalle st.,1884.000000000000000,-87.632660999999999,41.897644999999997, 
Milwaukee Av. & Leavitt st.,1884.000000000000000,-87.682400000000001,41.913583000000003, 
Walnut & Paulina sts.,1883.000000000000000,-87.669449999999998,41.886073000000003, 
1289 Wabash Av.,1884.000000000000000,-87.625761999999995,41.866005000000001, 
249 W. Kinzie st.,1883.000000000000000,-87.652079999999998,41.889012000000001, 
Gurley & May sts.,1884.000000000000000,-87.655309000000003,41.872979999999998, 
Adams and LaSalle st.,1883.000000000000000,-87.632284999999996,41.879403000000003, 
3256 Butterfield st.,1884.000000000000000,-87.628927000000004,41.835365000000003, 
Ashland and Milwaukee Ave.,1883.000000000000000,-87.667551000000003,41.904082000000002, 
Polk and Fourth,1884.000000000000000,-87.629656999999995,41.872284999999998, 
36th & Wabash,1883.000000000000000,-87.624506999999994,41.829745000000003, 
142 Illinois st.,1885.000000000000000,-87.632059999999996,41.890777000000000, 
1061 Milwaukee Av,1883.000000000000000,-87.673204999999996,41.907659000000002, 
Indiana and Desplaines Sts,1885.000000000000000,-87.644366000000005,41.891240000000003, 
642 Noble st.,1882.000000000000000,-87.662616000000000,41.904273000000003, 
Clinton & Washington st.,1882.000000000000000,-87.641255000000001,41.883164999999998, 
61st and State Sts,1882.000000000000000,-87.625407999999993,41.783225000000002, 
Wright & Morgan st.,1882.000000000000000,-87.650857000000002,41.861778999999999, 
315 Division st.,1882.000000000000000,-87.638637000000003,41.903793999999998, 
126 Pacific Av.,1883.000000000000000,-87.631694999999993,41.873603000000003, 
"16th st., near Clark",1882.000000000000000,-87.629957000000005,41.860132999999998, 
213 Southport Av,1883.000000000000000,-87.663206000000002,41.923203000000001, 
"Brown St., near 16th st.",1882.000000000000000,-87.650310000000005,41.859909000000002, 
Throop and Kansas sts.,1883.000000000000000,-87.659193000000002,41.867770999999998, 
250 S. Halsted st.,1882.000000000000000,-87.647220000000004,41.874698000000002, 
119 4th av.,1883.000000000000000,-87.629688999999999,41.874195000000000, 
Wells & Kinzie,1882.000000000000000,-87.634045000000000,41.889147999999999, 
Desplaines & Dekoven sts.,1883.000000000000000,-87.643732999999997,41.868921999999998, 
125 DeKoven st.,1882.000000000000000,-87.641007999999999,41.868986000000000, 
172 4th Ave.,1883.000000000000000,-87.629570999999999,41.872132999999998, 
213 W. Madison,1882.000000000000000,-87.648775999999998,41.881774999999998, 
114 W. Lake St.,1882.000000000000000,-87.643679000000006,41.885705000000002, 
30 W. Madison st.,1883.000000000000000,-87.640225000000001,41.881878999999998, 
99 S. Clinton st,1882.000000000000000,-87.641200999999995,41.881095999999999, 
2524 Emerald Av.,1882.000000000000000,-87.645503000000005,41.847275000000003, 
1925 Wentworth Ave.,1883.000000000000000,-87.631834999999995,41.856273000000002, 
Chicago Av. & Wood st.,1882.000000000000000,-87.672174999999996,41.895983999999999, 
1326 State st.,1882.000000000000000,-87.627329000000003,41.861274999999999, 
257 S. Canal St.,1882.000000000000000,-87.639612999999997,41.875832000000003, 
Rush St bridge,1882.000000000000000,-87.625321999999997,41.889180000000003, 
817 W. Kinzie St,1882.000000000000000,-87.681016000000000,41.888533000000002, 
Rogers Park,1882.000000000000000,-87.686948999999998,42.014164999999998, 
"William st., near Cenre Av.",1882.000000000000000,-87.656919000000002,41.876032000000002, 
401 S. Clark st.,1882.000000000000000,-87.630600999999999,41.872836000000000, 
101 Desplaines St,1882.000000000000000,-87.644086999999999,41.880848999999998, 
Clinton St. / Van Buren St.,1882.000000000000000,-87.641019000000000,41.876750999999999, 
207 Dearborn st,1882.000000000000000,-87.629312999999996,41.879595000000002, 
Green and Kinzie Sts.,1882.000000000000000,-87.648711000000006,41.889012000000001, 
Van Buren & La Salle,1882.000000000000000,-87.632103000000001,41.876846999999998, 
Holt and Bradley,1882.000000000000000,-87.664997999999997,41.904305000000001, 
16th & State sts.,1882.000000000000000,-87.627381999999997,41.860213000000002, 
37 W. Washington st.,1882.000000000000000,-87.640739999999994,41.883253000000003, 
2616 Wentworth Ave.,1882.000000000000000,-87.631867000000000,41.845092999999999, 
Randolph & La Salle sts.,1882.000000000000000,-87.632402999999996,41.884459000000000, 
Fisk and 18th St.,1882.000000000000000,-87.653496000000004,41.858007000000001, 
59 Monroe St (Palmer House),1882.000000000000000,-87.627661000000003,41.880569000000001, 
Root st. near Butterfield st.,1882.000000000000000,-87.628283999999994,41.819184000000000, 
1537 Michigan Ave,1882.000000000000000,-87.623970999999997,41.861052000000001, 
487 W. Madison st,1882.000000000000000,-87.661865000000006,41.881568000000001, 
California and 26th,1882.000000000000000,-87.695231000000007,41.844692999999999, 
174 W. Monroe st.,1882.000000000000000,-87.646555000000006,41.880513000000001, 
553 S. Clark st.,1881.000000000000000,-87.630589999999998,41.868155000000002, 
2504 Wentworth Ave.,1882.000000000000000,-87.632135000000005,41.846339000000000, 
167 Clark st,1882.000000000000000,-87.630891000000005,41.881208000000001, 
3055 Lock st.,1882.000000000000000,-87.660148000000007,41.838858000000002, 
13th Place and Centre Av.,1882.000000000000000,-87.656726000000006,41.866061000000002, 
479 Clark St.,1881.000000000000000,-87.630526000000003,41.870384000000001, 
2644 Cottage Grove Ave.,1881.000000000000000,-87.616266999999993,41.844580999999998, 
Madison/State,1881.000000000000000,-87.627983000000000,41.882134999999998, 
Waldheim Cemetery Road,1881.000000000000000,-87.805780999999996,41.854475000000001, 
264 Milwaukee Av.,1881.000000000000000,-87.649505000000005,41.892367000000000, 
71 14th st.,1881.000000000000000,-87.625183000000007,41.864096000000004, 
405 W Lake st,1881.000000000000000,-87.658657000000005,41.885458000000000, 
Quincy & Desplaines st.,1881.000000000000000,-87.644032999999993,41.878571999999998, 
195 S. Clark st.,1881.000000000000000,-87.630815999999996,41.880113999999999, 
291 4th Av.,1881.000000000000000,-87.659729999999996,41.892550000000000, 
12th & State sts.,1881.000000000000000,-87.627607999999995,41.867500000000000, 
1621 Clark St.,1881.000000000000000,-87.630301000000003,41.859805000000001, 
11 Michigan Av,1881.000000000000000,-87.624679000000000,41.888013999999998, 
20th St. / Oakley Ave.,1881.000000000000000,-87.683301000000000,41.854762999999998, 
400 S. Clark st.,1880.000000000000000,-87.630644000000004,41.872748999999999, 
549 S. Clark st.,1880.000000000000000,-87.630589999999998,41.868074999999997, 
75 W. Kinzie St.,1880.000000000000000,-87.643754000000001,41.889052000000000, 
209 Fulton st.,1880.000000000000000,-87.649709000000001,41.886775999999998, 
394 S Clark st,1880.000000000000000,-87.630633000000003,41.872956000000002, 
38th st. near Tucker st.,1881.000000000000000,-87.646446999999995,41.825564000000000, 
477 Wells st.,1881.000000000000000,-87.634549000000007,41.906436999999997, 
375 Wabash Av.,1881.000000000000000,-87.625988000000007,41.874170999999997, 
37th & Halsted st.,1881.000000000000000,-87.646007999999995,41.827106999999998, 
42 S. Clark st.,1881.000000000000000,-87.630998000000005,41.885258000000000, 
50 Rebecca st.,1881.000000000000000,-87.651415000000000,41.860956000000002, 
542 Wabash Av.,1881.000000000000000,-87.625901999999996,41.869033999999999, 
237 N. Carpenter St.,1880.000000000000000,-87.653496000000004,41.893365000000003, 
439 State st.,1880.000000000000000,-87.627447000000004,41.871901999999999, 
2921 Deering St.,1881.000000000000000,-87.657680999999997,41.841791999999998, 
793 Cottage Grove Av.,1880.000000000000000,-87.608305999999999,41.826690999999997, 
Harrison St. near Clark,1880.000000000000000,-87.630911999999995,41.874505999999997, 
129 N Halsted St.,1880.000000000000000,-87.647542000000001,41.889235999999997, 
30 State St.,1878.000000000000000,-87.628005000000002,41.885649000000001, 
1517 S. Halsted st.,1880.000000000000000,-87.646061000000003,41.828482000000001, 
26th st. & Cottage Grove Av.,1878.000000000000000,-87.615022999999994,41.845092999999999, 
Laurel st. and 38th Court,1880.000000000000000,-87.650782000000007,41.825539999999997, 
Wells & Ontario sts.,1878.000000000000000,-87.634088000000006,41.893205000000002, 
210 Clybourne Av.,1880.000000000000000,-87.644548000000000,41.907283999999997, 
1828 Wabash Av,1878.000000000000000,-87.625085999999996,41.832127999999997, 
153 Blue Island av,1880.000000000000000,-87.651329000000004,41.868954000000002, 
179 Madison st,1879.000000000000000,-87.633047000000005,41.881974999999997, 
1056 W. Madison st.,1880.000000000000000,-87.687720999999996,41.881176000000004, 
32 DeKalb st.,1879.000000000000000,-87.677989999999994,41.872357000000001, 
103 Ewing st.,1880.000000000000000,-87.642049000000000,41.871279000000001, 
16th & Jefferson sts.,1879.000000000000000,-87.641931000000000,41.859949000000000, 
41 W. Indiana st.,1880.000000000000000,-87.645267000000004,41.891184000000003, 
427 N. Clark st.,1879.000000000000000,-87.631372999999996,41.902884000000000, 
559 State st.,1880.000000000000000,-87.627350000000007,41.868538000000001, 
794 Archer Av,1879.000000000000000,-87.662336999999994,41.839489999999998, 
396 S. Clark st.,1880.000000000000000,-87.630600999999999,41.873044000000000, 
80 W. 19th st.,1879.000000000000000,-87.649343999999999,41.856721000000000, 
187 N. Halsted st.,1880.000000000000000,-87.647585000000007,41.891407999999998, 
211 W. Polk St.,1879.000000000000000,-87.646135999999998,41.871957999999999, 
543 Archer Av.,1880.000000000000000,-87.651812000000007,41.844509000000002, 
Erie st. at the west end of bridge,1879.000000000000000,-87.644065999999995,41.893756000000003, 
53 Farrell St.,1879.000000000000000,-87.654870000000003,41.842903000000000, 
87 W. Polk st.,1879.000000000000000,-87.639827999999994,41.872022000000001, 
446 Marshfield Ave.,1878.000000000000000,-87.667766000000000,41.870040000000003, 
Willow St. near Ogden's Grove,1879.000000000000000,-87.655169999999998,41.912641000000001, 
537 S Union St.,1878.000000000000000,-87.644924000000003,41.862738000000000, 
439 State st,1880.000000000000000,-87.627640000000000,41.872157000000001, 
Harrison & State sts.,1877.000000000000000,-87.627596999999994,41.874450000000003, 
Wright and Brown sts.,1877.000000000000000,-87.650439000000006,41.861969999999999, 
Liberty & Jefferson st.,1878.000000000000000,-87.642144999999999,41.864319999999999, 
166 W 19th st,1878.000000000000000,-87.653614000000005,41.856656999999998, 
150 N. Jefferson St.,1877.000000000000000,-87.642917999999995,41.890042000000001, 
208 Blue Island Avenue,1878.000000000000000,-87.652390999999994,41.868386000000001, 
17 Cottage Grove Av.,1877.000000000000000,-87.621846000000005,41.852381000000001, 
Hope st. & Blue Island Ave.,1878.000000000000000,-87.647703000000007,41.872292999999999, 
Wesson st. & Chicago Ave.,1877.000000000000000,-87.642499000000001,41.896566999999997, 
113 Sebor st.,1878.000000000000000,-87.641416000000007,41.874034999999999, 
Adelphi Theatre (Dearborn and Monroe),1877.000000000000000,-87.629592000000002,41.880792999999997, 
37th and Butterfield,1878.000000000000000,-87.627360999999993,41.827362999999998, 
49 S. Clark,1877.000000000000000,-87.630955000000000,41.883724000000001, 
Desplaines and Adams sts.,1878.000000000000000,-87.643991000000000,41.879306999999997, 
Clark & Van Buren Sts.,1877.000000000000000,-87.630664999999993,41.876975000000002, 
12 W. 15th st,1878.000000000000000,-87.638304000000005,41.861251000000003, 
Millard Av and 23rd st,1877.000000000000000,-87.716044999999994,41.849679999999999, 
46th st & Wentworth,1878.000000000000000,-87.630858000000003,41.810915999999999, 
162 N. Sangamon,1877.000000000000000,-87.651146999999995,41.891168999999998, 
360 W. Congress st.,1878.000000000000000,-87.658732000000001,41.875304999999997, 
32 Smith st.,1877.000000000000000,-87.667326000000003,41.881065000000000, 
494 State St.,1878.000000000000000,-87.627436000000003,41.870080000000002, 
120 S Franklin,1877.000000000000000,-87.635364999999993,41.881033000000002, 
DesPlaines and Lake St.,1878.000000000000000,-87.644204999999999,41.885736999999999, 
Canal & Barber sts.,1877.000000000000000,-87.639066000000000,41.862057999999998, 
8 Meridian st.,1877.000000000000000,-87.644386999999995,41.882510000000003, 
38 W Lake st,1875.000000000000000,-87.640900999999999,41.885713000000003, 
224 Fulton st.,1877.000000000000000,-87.650792999999993,41.886735999999999, 
58 W. Madison St.,1875.000000000000000,-87.641469000000001,41.881855000000002, 
Halsted st. viaduct,1877.000000000000000,-87.646737000000002,41.860452000000002, 
81 W. Washington,1875.000000000000000,-87.642917999999995,41.883164999999998, 
Robey & Kinzie sts.,1877.000000000000000,-87.676821000000004,41.888540999999996, 
105 W. Lake st.,1875.000000000000000,-87.643476000000007,41.885680999999998, 
127 Fourth Ave.,1877.000000000000000,-87.629603000000003,41.873212000000002, 
Randolph St. near Dearborn,1866.000000000000000,-87.629667999999995,41.884467000000001, 
268 Grove st.,1875.000000000000000,-87.638893999999993,41.852901000000003, 
43 De Puyster St.,1872.000000000000000,-87.645320999999996,41.874858000000003, 
247 S. Halsted st.,1876.000000000000000,-87.647262999999995,41.874786000000000, 
808 Archer Ave.,1874.000000000000000,-87.662830000000000,41.839193999999999, 
129 4th Av.,1876.000000000000000,-87.629634999999993,41.873075999999998, 
111 N Des Plaines St,1874.000000000000000,-87.644311999999999,41.887894000000003, 
473 W. Madison st.,1876.000000000000000,-87.661135000000002,41.881560000000000, 
399 Laural st.,1874.000000000000000,-87.650728000000001,41.823813000000001, 
54 N. Market St.,1874.000000000000000,-87.636962999999994,41.890354000000002, 
98 W. 19th st.,1876.000000000000000,-87.650942999999998,41.856617000000000, 
343 State St.,1874.000000000000000,-87.627703999999994,41.874713999999997, 
Wells st. near Kinsie st.,1876.000000000000000,-87.633948000000004,41.889370999999997, 
327 W Division,1874.000000000000000,-87.674750000000003,41.903219000000000, 
188 De Koven St.,1876.000000000000000,-87.644193999999999,41.868986000000000, 
2 14th St.,1874.000000000000000,-87.622231999999997,41.864120000000000, 
369 - 371 State st.,1876.000000000000000,-87.627489999999995,41.873970999999997, 
147 Dearborn St.,1875.000000000000000,-87.629399000000006,41.881383999999997, 
182 Wesson St.,1876.000000000000000,-87.642188000000004,41.902388999999999, 
24 W. Madison St.,1875.000000000000000,-87.639914000000005,41.881895000000000, 
Beach St. near 12th st.,1876.000000000000000,-87.637854000000004,41.868122999999997, 
637 W. Ohio St.,1875.000000000000000,-87.676777999999999,41.892246999999998, 
35 S. Canal st.,1876.000000000000000,-87.639698999999993,41.883308999999997, 
Polk and Clark St.,1875.000000000000000,-87.630825999999999,41.872197000000000, 
1016 S. Halsted St.,1876.000000000000000,-87.646437000000006,41.846307000000003, 
Kinzie and Desplaines,1883.000000000000000,-87.644259000000005,41.889004000000000, 
5th Ave & Randolph,1883.000000000000000,-87.633927000000000,41.884450999999999, 
116th St & Fulton Av.,1883.000000000000000,-87.630075000000005,41.683352999999997, 
553 43rd St.,1883.000000000000000,-87.651340000000005,41.815969000000003, 
34 W. Madison st,1884.000000000000000,-87.640642999999997,41.881838999999999, 
1901 Purple st.,1884.000000000000000,-87.633561999999998,41.856681000000002, 
Oakley Av. & Kinzie st.,1884.000000000000000,-87.684169999999995,41.888477000000002, 
265 N. Clark st.,1884.000000000000000,-87.631212000000005,41.897613000000000, 
428 5th Av.,1883.000000000000000,-87.633540999999994,41.871989999999997, 
2449 State St.,1884.000000000000000,-87.626867000000004,41.848329000000000, 
48 S. Halsted,1884.000000000000000,-87.647358999999994,41.882742000000000, 
17 Laflin St.,1884.000000000000000,-87.664428999999998,41.881200000000000, 
714 Hubbard St.,1884.000000000000000,-87.678666000000007,41.889674999999997, 
311 S. Clark St.,1884.000000000000000,-87.630730000000000,41.875216999999999, 
284 Maxwell St.,1884.000000000000000,-87.646693999999997,41.864798999999998, 
446 Dearborn st.,1884.000000000000000,-87.628647999999998,41.872157000000001, 
Emma and Noble sts.,1884.000000000000000,-87.662593999999999,41.900632000000002, 
314 Mohawk st.,1884.000000000000000,-87.642348999999996,41.916944000000001, 
Desplaines & Hubbard sts.,1884.000000000000000,-87.644323000000000,41.890106000000003, 
W. Chicago Av. and Leavitt st.,1884.000000000000000,-87.681949000000003,41.895865000000001, 
300 Hudson Ave.,1883.000000000000000,-87.639914000000005,41.915818999999999, 
Grand Av. in Mont Clare,1883.000000000000000,-87.803506999999996,41.923546000000002, 
Dearborn st. and Calhoun pl,1883.000000000000000,-87.629378000000003,41.882573999999998, 
521 S. Clark St.,1884.000000000000000,-87.630578999999997,41.869368999999999, 
Ann & Washington,1884.000000000000000,-87.656661000000000,41.882981999999998, 
3rd Ave. / Harrison St.,1884.000000000000000,-87.628670000000000,41.874530000000000, 
231 S Halsted,1884.000000000000000,-87.647251999999995,41.875304999999997, 
446 Dearborn st.,1884.000000000000000,-87.629142000000002,41.872180999999998, 
Main and Lyman sts.,1884.000000000000000,-87.652379999999994,41.841464000000002, 
State and 37th St.,1884.000000000000000,-87.626524000000003,41.827331000000001, 
641 Fullerton Parkway,1926.000000000000000,-87.609082000000001,41.772962999999997,1926-03-23
679 Milwaukee Ave.,1911.000000000000000,-87.652123000000003,41.894329999999997,1911-04-15
2036 Wabash Av.,1910.000000000000000,-87.625682999999995,41.854962999999998,1910-01-01
113 N. Ada,1910.000000000000000,-87.660415000000000,41.883347999999998,1910-01-01
500 Oak St.,1910.000000000000000,-87.641283000000001,41.900537000000000,1910-01-06
1531 Elston,1910.000000000000000,-87.661321999999998,41.909644999999998,1910-01-13
456 N. Peoria,1910.000000000000000,-87.650082999999995,41.889605000000003,1910-01-27
22 West 22nd st.,1910.000000000000000,-87.723280000000003,41.851599999999998,1910-01-28
18 St. and Indiana,1910.000000000000000,-87.622339729999993,41.857895239999998,1910-01-29
567 Wabash Ave.,1910.000000000000000,-87.625815000000003,41.874887999999999,1910-01-30
567 Wabash Av.,1910.000000000000000,-87.625815000000003,41.874887999999999,1910-01-30
69 E. Monroe st.,1910.000000000000000,-87.625437000000005,41.880662999999998,1910-02-03
1604 Ohio st.,1910.000000000000000,-87.667454000000006,41.892536999999997,1910-02-09
137 East 118th st.,1910.000000000000000,-87.619542999999993,41.679763000000001,1910-02-15
2626 State st.,1910.000000000000000,-87.553510000000003,41.630136999999998,1910-02-23
1284 Clybourn Ave.,1910.000000000000000,-87.641878000000005,41.905304000000001,1910-02-28
260 S. Clark,1910.000000000000000,-87.630983000000001,41.878490999999997,1910-03-04
308 State st.,1910.000000000000000,-87.627882999999997,41.877980000000001,1910-03-13
1161 Larrabee St.,1910.000000000000000,-87.643015000000005,41.903032000000003,1910-03-17
1144 W. Monroe st.,1910.000000000000000,-87.655795999999995,41.880490999999999,1910-03-22
Ohio & Western,1910.000000000000000,-87.686755660000003,41.892055020000001,1910-03-23
2261 Blue Island Av.,1910.000000000000000,-87.682193999999996,41.852862999999999,1910-03-25
227 W. 24th st.,1910.000000000000000,-87.632737000000006,41.849032000000001,1910-03-28
Tuonbull Av. & 51st.,1910.000000000000000,-87.709887030000004,41.800623100000003,1910-04-03
1937 W. Lake st.,1910.000000000000000,-87.675241999999997,41.884962999999999,1910-04-06
1900 W. Lake st.,1910.000000000000000,-87.674482999999995,41.885236999999996,1910-04-08
chicago av and Wells,1910.000000000000000,-87.634205820000005,41.896575270000000,1910-04-08
1075 Vernion Pk.,1910.000000000000000,-87.653912000000005,41.872863000000002,1910-05-01
900 W. North Ave.,1910.000000000000000,-87.651296000000002,41.911026999999997,1910-05-05
900 w. North Ave.,1910.000000000000000,-87.651296000000002,41.911026999999997,1910-05-05
54 W. 17st.,1910.000000000000000,-87.629009999999994,41.859136999999997,1910-05-08
133 S. Morgan st.,1910.000000000000000,-87.651775000000001,41.879928999999997,1910-05-16
5926 S. Paulina st.,1910.000000000000000,-87.666983000000002,41.786163000000002,1910-05-17
2011 Ferdinand st.,1910.000000000000000,-87.677308999999994,41.890262999999997,1910-05-19
Harrison near Sacramento Ave,1910.000000000000000,-87.701003549999996,41.873747139999999,1910-05-20
901 Aberdeen st.,1910.000000000000000,-87.654098000000005,41.870463999999998,1910-05-22
6638 Evans Ave.,1910.000000000000000,-87.607242999999997,41.774172000000000,1910-06-01
2947 Quin,1910.000000000000000,-87.649743000000001,41.840266999999997,1910-06-04
state & 16 Sts.,1910.000000000000000,-87.627253530000004,41.860164599999997,1910-06-05
1264 W. VanBaren,1910.000000000000000,-87.658496999999997,41.876637000000002,1910-06-05
Blue Island and Paulina Sts.,1910.000000000000000,-87.668495179999994,41.851310429999998,1910-06-09
1256 Jackson Blvd.,1910.000000000000000,-87.658389000000000,41.877937000000003,1910-06-19
1408 Dearborn st.,1910.000000000000000,-87.630283000000006,41.908056000000002,1910-06-20
28th & State Sts.,1910.000000000000000,-87.626717090000000,41.843334230000004,1910-06-23
2452 S. California Av.,1910.000000000000000,-87.695482999999996,41.847166000000001,1910-07-05
Wash. And Desplaines sts,1910.000000000000000,-87.644162179999995,41.883141369999997,1910-07-18
22nd Western,1910.000000000000000,-87.685639859999995,41.852029680000001,1910-07-24
4624 Montrose Ave.,1910.000000000000000,-87.744360999999998,41.960866000000003,1910-07-25
61st Place and Normal Ave.,1910.000000000000000,-87.637488840000003,41.782465039999998,1910-08-05
26 N. Peoria,1910.000000000000000,-87.649883000000003,41.882126999999997,1910-08-08
2934 Cottage Grove Av.,1910.000000000000000,-87.614464999999996,41.840598000000000,1910-08-11
521 State st.,1910.000000000000000,-87.627414999999999,41.875230999999999,1910-08-19
Polk  and Jefferson st.,1910.000000000000000,-87.642338280000004,41.871957600000002,1910-08-28
12 W. 18th st,1910.000000000000000,-87.627718999999999,41.857937000000000,1910-08-30
1714 S. Union st.,1910.000000000000000,-87.644982999999996,41.858842000000003,1910-09-02
152 Lake st,1910.000000000000000,-87.632740999999996,41.885919999999999,1910-09-16
2733 Archer Ave.,1910.000000000000000,-87.652675000000002,41.844047000000003,1910-09-19
3143 State St.,1910.000000000000000,-87.626391999999996,41.837460999999998,1910-09-25
26th st. near Wentworth Av.,1910.000000000000000,-87.631545070000001,41.845492219999997,1910-10-09
3114 State st.,1910.000000000000000,-87.626973000000007,41.837924999999998,1910-10-11
2314 W 48th pl,1910.000000000000000,-87.682299999999998,41.805836999999997,1910-10-13
2011 Mich. Ave,1910.000000000000000,-87.623692000000005,41.855268000000002,1910-10-14
859 Orleans st.,1910.000000000000000,-87.637015000000005,41.898387000000000,1910-10-17
at 2323 Madison st.,1910.000000000000000,-87.684655000000006,41.881062999999997,1910-10-19
3325 Southport Av.,1910.000000000000000,-87.663613999999995,41.942262999999997,1910-10-19
1858 Hastings St.,1910.000000000000000,-87.672674000000001,41.864237000000003,1910-10-21
2824 Archer Ave.,1910.000000000000000,-87.655247000000003,41.843156000000000,1910-10-22
2114 State St.,1910.000000000000000,-87.627283000000006,41.853918000000000,1910-10-26
929 S. May,1910.000000000000000,-87.655085999999997,41.870103000000000,1910-11-01
1521 State St.,1910.000000000000000,-87.627015000000000,41.861472999999997,1910-11-03
Ada & Ohio sts.,1910.000000000000000,-87.660813329999996,41.892470330000002,1910-11-14
848 Loomis,1910.000000000000000,-87.661867999999998,41.870151999999997,1910-11-15
Evergreen & Spaulding Aves.,1910.000000000000000,-87.709307670000001,41.905534969999998,1910-11-20
210 N Campbell Av,1910.000000000000000,-87.689183000000000,41.884912999999997,1910-11-21
4159 N. Western Ave.,1910.000000000000000,-87.688413999999995,41.957863000000003,1910-11-23
464 S. State st.,1910.000000000000000,-87.627821999999995,41.876157999999997,1910-12-02
2838 Indiana Av.,1910.000000000000000,-87.622583000000006,41.842385000000000,1910-12-04
33 Aberdeen st.,1910.000000000000000,-87.654214999999994,41.882173000000002,1910-12-12
Bloomingdale Rd & Wood st.,1910.000000000000000,-87.672700879999994,41.914158080000000,1910-12-15
1748 W. 48th st.,1910.000000000000000,-87.669019000000006,41.806902000000001,1910-12-18
Ohio  & Wells sts.,1910.000000000000000,-87.634077070000004,41.892310590000001,1910-12-23
Ohio & Wells,1910.000000000000000,-87.634077070000004,41.892310590000001,1910-12-23
39 W. 26th  St.,1911.000000000000000,-87.627741000000000,41.845463000000002,1911-01-04
1400 Larabee St.,1911.000000000000000,-87.643394000000001,41.906533000000003,1911-01-10
Wells and Superior sts.,1911.000000000000000,-87.634162900000007,41.895537079999997,1911-01-16
4620 Portland Ave.,1911.000000000000000,-87.632900000000006,41.811760000000000,1911-01-18
1211 S. State St.,1911.000000000000000,-87.627198000000007,41.867123999999997,1911-01-29
1817 Dayton St.,1911.000000000000000,-87.649415000000005,41.914268999999997,1911-01-29
25th & Michigan Ave.,1911.000000000000000,-87.623670099999998,41.847442340000001,1911-02-02
1601 S. State St.,1911.000000000000000,-87.627015000000000,41.860062999999997,1911-02-05
318 W. Ontario,1911.000000000000000,-87.636381000000000,41.893284999999999,1911-02-05
Hastings and Leavitt,1911.000000000000000,-87.681069370000003,41.863968000000000,1911-02-10
501 W. Oak St.,1911.000000000000000,-87.641292000000007,41.900263000000002,1911-02-17
269 S. Clark St.,1911.000000000000000,-87.630615000000006,41.878456000000000,1911-02-24
744 N. Clark St.,1911.000000000000000,-87.631383000000000,41.895918999999999,1911-02-28
265 Alexander st.,1911.000000000000000,-87.632968000000005,41.851326999999998,1911-03-07
685 Milwaukee,1911.000000000000000,-87.652186000000000,41.894361000000004,1911-03-07
827 Mozart St.,1911.000000000000000,-87.697815000000006,41.896419999999999,1911-03-09
55th & Everett Av.,1911.000000000000000,-87.582600119999995,41.795264199999998,1911-03-10
Robey and 18th st,1911.000000000000000,-87.675983909999999,41.857623550000000,1911-03-11
3241 LaSalle St.,1911.000000000000000,-87.629752999999994,41.835723999999999,1911-03-12
500 W. Oak st.,1911.000000000000000,-87.641283000000001,41.900537000000000,1911-03-14
4342 Cottage Grove Ave.,1911.000000000000000,-87.606836999999999,41.816011000000003,1911-03-18
1848 W. 18th st.,1911.000000000000000,-87.672269000000000,41.857837000000004,1911-03-19
2811 Dearborn St.,1911.000000000000000,-87.631614999999996,41.842382999999998,1911-03-24
Yates Ave. and 90th sts.,1911.000000000000000,-87.565906049999995,41.731755239999998,1911-03-25
14 S Leavit,1911.000000000000000,-87.681683000000007,41.880927999999997,1911-03-28
45th and Halsted Sts.,1911.000000000000000,-87.645556929999998,41.812331120000003,1911-04-05
6457 Justine St.,1911.000000000000000,-87.662715000000006,41.776685999999998,1911-04-12
1231 S Ashland,1911.000000000000000,-87.666214999999994,41.866225999999997,1911-04-13
1206 W. Taylor St.,1911.000000000000000,-87.657075000000006,41.869537000000001,1911-04-16
608 Adams st.,1911.000000000000000,-87.642950999999996,41.879437000000003,1911-04-17
6316 Cottage Grove Ave.,1911.000000000000000,-87.710215000000005,41.778388999999997,1911-04-24
708 Diversey Blvd.,1911.000000000000000,-87.643184000000005,41.797863000000000,1911-05-03
333 S. Sangamon st.,1911.000000000000000,-87.650514999999999,41.877422000000003,1911-05-05
2417 W. Madison St.,1911.000000000000000,-87.686879000000005,41.881062999999997,1911-05-07
2055 W. 50 st.,1911.000000000000000,-87.676283999999995,41.802863000000002,1911-05-07
627 Miller St.,1911.000000000000000,-87.611751999999996,41.823763000000000,1911-05-08
2057 Lincoln Ave.,1911.000000000000000,-87.640090000000001,41.919421999999997,1911-05-13
48th & Honore St.,1911.000000000000000,-87.670919900000001,41.806621319999998,1911-05-16
1929 Milwaukee,1911.000000000000000,-87.686811000000006,41.916604999999997,1911-05-21
166 No. State St.,1911.000000000000000,-87.628083000000004,41.884855000000002,1911-05-22
Kedzie Ave and Washington Blvd,1911.000000000000000,-87.706153389999997,41.882757959999999,1911-05-22
7616 Greenwood Ave.,1911.000000000000000,-87.597735000000000,41.756632000000003,1911-05-24
1820 W Monroe st,1911.000000000000000,-87.671991000000006,41.880237000000001,1911-05-24
2146 Grand Av,1911.000000000000000,-87.680474000000004,41.890937000000001,1911-05-27
6319 S. Halsted St.,1911.000000000000000,-87.606082999999998,41.780017000000001,1911-05-29
23rd & Western,1911.000000000000000,-87.685618399999996,41.850175600000000,1911-05-31
Illinois & Clark Sts.,1911.000000000000000,-87.631073000000001,41.890793129999999,1911-06-10
251 N. Paulina St.,1911.000000000000000,-87.669256000000004,41.886437000000001,1911-06-15
57 W. 35th St.,1911.000000000000000,-87.628710999999996,41.830863000000001,1911-06-19
3421 N western,1911.000000000000000,-87.688013999999995,41.943562999999997,1911-06-20
3149 Wabash av,1911.000000000000000,-87.624853999999999,41.835777999999998,1911-06-22
1351 W Ohio,1911.000000000000000,-87.661327000000000,41.892363000000003,1911-06-24
1431 W Huron,1911.000000000000000,-87.663489999999996,41.894162999999999,1911-06-26
1073 W. Polk,1911.000000000000000,-87.653694000000002,41.871662999999998,1911-06-27
1461 W. Huron St.,1911.000000000000000,-87.664593999999994,41.894162999999999,1911-07-03
58th bet. Indiana and Prairie,1911.000000000000000,-87.619829179999996,41.789120920000002,1911-07-08
601 W. Madison st.,1911.000000000000000,-87.642885000000007,41.881748000000002,1911-07-15
7619 S Green,1911.000000000000000,-87.645214999999993,41.755670000000002,1911-07-15
1639 W Ohio St.,1911.000000000000000,-87.668683000000001,41.892263000000000,1911-07-15
1149 Larrabee st.,1911.000000000000000,-87.643015000000005,41.902864999999998,1911-07-19
"Washington St, between LaSalle and Clark Sts.",1911.000000000000000,-87.631673809999995,41.883157339999997,1911-07-25
1833 S. Clark st.,1911.000000000000000,-87.630015000000000,41.857354999999998,1911-07-26
1546 Carroll Ave.,1911.000000000000000,-87.665944999999994,41.887537000000002,1911-07-28
1546 Carroll Ave,1911.000000000000000,-87.665944999999994,41.887537000000002,1911-07-28
34 So. Halsted St.,1911.000000000000000,-87.647546000000006,41.881309999999999,1911-07-30
2629 S. Harlem Ave,1911.000000000000000,-87.801699999999997,41.797919999999998,1911-08-04
111 So. Green St.,1911.000000000000000,-87.648291999999998,41.880257000000000,1911-08-06
1758 W. 18th Place,1911.000000000000000,-87.669973999999996,41.856937000000002,1911-08-08
818 S. May St.,1911.000000000000000,-87.655483000000004,41.871473000000002,1911-08-12
521 Root St.,1911.000000000000000,-87.639112999999995,41.818863000000000,1911-08-14
4519 S. Paulina,1911.000000000000000,-87.667315000000002,41.811770000000003,1911-08-20
Washington and Carpenter,1911.000000000000000,-87.653238770000002,41.882997590000002,1911-08-20
35th  & State St.,1911.000000000000000,-87.626588339999998,41.830992350000002,1911-08-27
2452 St. Louis Ave.,1911.000000000000000,-87.712399000000005,41.847155999999998,1911-08-28
1600 Paulina,1911.000000000000000,-87.670291000000006,41.910733999999998,1911-09-02
11922 Calumet Ave.,1911.000000000000000,-87.615583000000001,41.677677000000003,1911-09-03
22nd and Wabash Ave.,1911.000000000000000,-87.625515460000003,41.852844810000001,1911-09-04
5216 Loomis st.,1911.000000000000000,-87.660061999999996,41.799194999999997,1911-09-09
1011 Madison St.,1911.000000000000000,-87.652500000000003,41.881563000000000,1911-09-11
1500 Orleans St.,1911.000000000000000,-87.637783999999996,41.909354000000000,1911-09-22
2523 Wabash,1911.000000000000000,-87.625186999999997,41.846761999999998,1911-10-02
12 S. Laflin st.,1911.000000000000000,-87.664582999999993,41.881248999999997,1911-10-05
1267 Milwaukee,1911.000000000000000,-87.668462000000005,41.904845999999999,1911-10-09
1267 Milwaukee,1911.000000000000000,-87.668462000000005,41.904845999999999,1911-10-09
2038 Washington Blvd,1911.000000000000000,-87.677672999999999,41.883296000000001,1911-10-14
Jackson & Wabash,1911.000000000000000,-87.626051899999993,41.878236729999998,1911-10-15
31st & State St.,1911.000000000000000,-87.626674179999995,41.838266670000003,1911-10-15
Lincoln and Peterson Ave.,1911.000000000000000,-87.707376479999994,41.990246429999999,1911-10-20
Between Dearborn and State on 22nd st.,1911.000000000000000,-87.627489569999995,41.852812849999999,1911-10-22
Sheffield & Clark,1911.000000000000000,-87.654247280000007,41.944425570000000,1911-10-27
1910 West Madison St.,1911.000000000000000,-87.674546000000007,41.881436999999998,1911-11-06
36th & Michigan Ave,1911.000000000000000,-87.623240949999996,41.829585350000002,1911-11-11
55th & Hamilton Ave,1911.000000000000000,-87.677850719999995,41.793360489999998,1911-11-19
Taylor & Halsted,1911.000000000000000,-87.646994590000006,41.869560829999998,1911-11-20
165 W. Ontario st.,1911.000000000000000,-87.633303999999995,41.893062999999998,1911-11-22
2047 Archer Av.,1911.000000000000000,-87.629823999999999,41.855083999999998,1911-11-22
2047 Archer Av.,1911.000000000000000,-87.629823999999999,41.855083999999998,1911-11-22
2514 Princeton St.,1911.000000000000000,-87.634782999999999,41.846175000000002,1911-12-01
541 W. North Ave.,1911.000000000000000,-87.642495999999994,41.910862999999999,1911-12-01
48th and Paulina,1911.000000000000000,-87.667315009999996,41.806621319999998,1911-12-02
647 Roscoe,1911.000000000000000,-87.646456999999998,41.943497000000001,1911-12-02
25th & Princeton Ave,1911.000000000000000,-87.634592060000003,41.846339409999999,1911-12-02
1317 So. State St.,1911.000000000000000,-87.627115000000003,41.865330999999998,1911-12-05
39th and state Sts.,1911.000000000000000,-87.626395230000000,41.823653229999998,1911-12-24
18th between Ashland and Laflin St.,1911.000000000000000,-87.664954660000006,41.857815330000001,1911-12-24
657 W. 63rd Pl,1911.000000000000000,-87.643840310000002,41.778448769999997,1911-12-25
611 W. Taylor St.,1911.000000000000000,-87.642510000000001,41.869562999999999,1911-12-25
19th and Leavitt,1911.000000000000000,-87.680811879999993,41.855705700000001,1911-12-25
33rd Pl & South Halsted St,1911.000000000000000,-87.646243569999996,41.833774269999999,1911-12-30
1301 Newberry Ave.,1911.000000000000000,-87.647715000000005,41.865583999999998,1911-12-31
422 E. 35th St,1912.000000000000000,-87.616319000000004,41.831336999999998,1912-01-01
2115 Archer Ave,1912.000000000000000,-87.632265000000004,41.853921000000000,1912-01-09
2115 Archer Ave,1912.000000000000000,-87.632265000000004,41.853921000000000,1912-01-09
64th Halsted,1912.000000000000000,-87.644655700000001,41.777808710000002,1912-01-15
7723 Dobson Ave,1912.000000000000000,-87.599014999999994,41.754508999999999,1912-01-17
1406 W. 63rd St.,1912.000000000000000,-87.659755000000004,41.779637000000001,1912-02-06
77th & Wentworth Ave,1912.000000000000000,-87.629549499999996,41.754377910000002,1912-02-10
549 S. Clark St,1912.000000000000000,-87.630515000000003,41.875005000000002,1912-02-13
1704 W. 14th St.,1912.000000000000000,-87.669066000000001,41.863337000000001,1912-02-14
5617 S Ashland,1912.000000000000000,-87.664315000000002,41.791801000000000,1912-02-15
3212 Dearborn St.,1912.000000000000000,-87.628083000000004,41.835915000000000,1912-02-16
3600 S. State St.,1912.000000000000000,-87.626783000000003,41.829662999999996,1912-02-26
547 W. Oak st.,1912.000000000000000,-87.641696999999994,41.900263000000002,1912-03-09
1955 Walnut St.,1912.000000000000000,-87.675668000000002,41.885762999999997,1912-03-16
27 E. 36th pl,1912.000000000000000,-87.625988000000007,41.828563000000003,1912-03-17
1602 Wabash Ave.,1912.000000000000000,-87.625782999999998,41.860042000000000,1912-03-24
430 S. Clark St.,1912.000000000000000,-87.630882999999997,41.876483000000000,1912-03-28
Ellen & Wood st.,1912.000000000000000,-87.672357559999995,41.905550929999997,1912-03-29
2237 Ferdinand ST,1912.000000000000000,-87.735391000000007,41.850651999999997,1912-03-31
1366 W. Ohio St.,1912.000000000000000,-87.661573000000004,41.892637000000001,1912-04-03
5158 Wabash av,1912.000000000000000,-87.624448999999998,41.800803999999999,1912-04-07
719 Noble St.,1912.000000000000000,-87.662158000000005,41.894691999999999,1912-04-14
509 S. Clark St.,1912.000000000000000,-87.630515000000003,41.875297000000003,1912-04-21
240 w. 22nd,1912.000000000000000,-87.632679999999993,41.852311999999998,1912-05-05
436 So. Clark St.,1912.000000000000000,-87.630882999999997,41.876427000000000,1912-05-05
37th & Union,1912.000000000000000,-87.643604280000005,41.827123030000003,1912-05-07
State & 31st St.,1912.000000000000000,-87.626674179999995,41.838266670000003,1912-05-09
Oakley av and Frlton,1912.000000000000000,-87.685189249999993,41.924855510000000,1912-05-15
Clark & Chicago Ave,1912.000000000000000,-87.631223199999994,41.896607220000000,1912-05-18
1139 W. Polk St,1912.000000000000000,-87.655668000000006,41.871637000000000,1912-05-19
1016 N. Clark St.,1912.000000000000000,-87.631506999999999,41.900896000000003,1912-05-24
Belmont and Southport,1912.000000000000000,-87.663795949999994,41.939749089999999,1912-05-29
1648 W. Ohio St.,1912.000000000000000,-87.668791999999996,41.892536999999997,1912-05-31
4744 Lexington St.,1912.000000000000000,-87.743630999999993,41.871336999999997,1912-06-01
2429 Madison St.,1912.000000000000000,-87.687089000000000,41.881062999999997,1912-06-01
3401 State St,1912.000000000000000,-87.626315000000005,41.832833999999998,1912-06-06
41 West 22nd St.,1912.000000000000000,-87.752179999999996,41.851199999999999,1912-06-07
1173 S. State St.,1912.000000000000000,-87.627215000000007,41.867970999999997,1912-06-08
Polk and Clifton Sts.,1912.000000000000000,-87.640857699999998,41.871973580000002,1912-06-08
220 S. Sangamon,1912.000000000000000,-87.650953999999999,41.878849000000002,1912-06-09
2755 s. Whipple,1912.000000000000000,-87.695668999999995,41.884498000000001,1912-06-10
Mackinaw Av & 90st,1912.000000000000000,-87.542946340000000,41.731995439999999,1912-06-10
2645 W. Harrison St.,1912.000000000000000,-87.692397000000000,41.873716000000002,1912-06-10
411 Wells St,1912.000000000000000,-87.633494999999996,41.876671000000002,1912-06-13
54th and Western Ave,1912.000000000000000,-87.684094909999999,41.795152219999999,1912-06-16
29th & Wentworth Ave,1912.000000000000000,-87.631802559999997,41.841160189999997,1912-06-21
Racine and Diversity Aves.,1912.000000000000000,-87.658689019999997,41.932566129999998,1912-06-25
Troy and Wabansania Ave.,1912.000000000000000,-87.705724239999995,41.911906600000002,1912-06-26
Polk and State sts.,1912.000000000000000,-87.627553939999999,41.872229230000002,1912-06-28
VanBuren and State St.,1912.000000000000000,-87.627682690000000,41.876894679999999,1912-06-28
31st Halsted st,1912.000000000000000,-87.646286489999994,41.838058850000003,1912-06-29
1414 W Chicago,1912.000000000000000,-87.663005999999996,41.896287000000001,1912-07-07
2823 W. Van Buren,1912.000000000000000,-87.697022000000004,41.875863000000003,1912-07-10
51st & State sts.,1912.000000000000000,-87.625858780000002,41.801822790000003,1912-07-12
Randolph and Desplaines,1912.000000000000000,-87.644183639999994,41.884403409999997,1912-07-12
1149 Van Buren st.,1912.000000000000000,-87.655728999999994,41.876412999999999,1912-07-17
17th & Western Av.,1912.000000000000000,-87.685790060000002,41.858438610000000,1912-07-20
768 W. Van Buren St.,1912.000000000000000,-87.646477000000004,41.876837000000002,1912-07-21
75 W. Van Buren St,1912.000000000000000,-87.630114000000006,41.876762999999997,1912-07-30
2224 S Sawyer av,1912.000000000000000,-87.631815000000003,41.852018999999999,1912-07-31
732 W. Oak st.,1912.000000000000000,-87.632499999999993,41.900520000000000,1912-08-01
Adams and Despleiness Sts.,1912.000000000000000,-87.644033429999993,41.879211300000001,1912-08-08
Southport & Belmont,1912.000000000000000,-87.663817409999993,41.939733130000000,1912-08-11
2307 W. Madison st.,1912.000000000000000,-87.684326999999996,41.881062999999997,1912-08-12
2221 Wentworth Ave.,1912.000000000000000,-87.683705000000003,41.934835999999997,1912-08-17
82nd and California St.,1912.000000000000000,-87.692441939999995,41.744404430000003,1912-08-23
2103 State St.,1912.000000000000000,-87.626914999999997,41.854031999999997,1912-08-23
4306 Ashland,1912.000000000000000,-87.669396000000006,41.960023999999997,1912-08-25
3704 Cottage Grove Av.,1912.000000000000000,-87.608891000000000,41.827475000000000,1912-08-28
State & Harrison sts.,1912.000000000000000,-87.627489569999995,41.874354289999999,1912-08-31
5470 Lake Ave.,1912.000000000000000,-87.762619000000001,41.887436999999998,1912-08-31
823 N. Hermitage Ave,1912.000000000000000,-87.670770000000005,41.896720999999999,1912-09-01
4862 S. State,1912.000000000000000,-87.626182999999997,41.806355000000003,1912-09-02
3010 S. State St.,1912.000000000000000,-87.626982999999996,41.839269000000002,1912-09-03
929 Larabee St.,1912.000000000000000,-87.642837000000000,41.899633000000001,1912-09-15
18th and morgan Sts.,1912.000000000000000,-87.650899890000005,41.858023090000003,1912-09-19
1401 W. Superior st.,1912.000000000000000,-87.662615000000002,41.895063000000000,1912-09-23
605 25 Place,1912.000000000000000,-87.641863000000001,41.846162000000000,1912-10-04
9440 Commercial Av.,1912.000000000000000,-87.551282999999998,41.723726999999997,1912-10-06
1110 W. Randolph St.,1912.000000000000000,-87.654881000000003,41.884436999999998,1912-10-06
1106 W. Randolph St.,1912.000000000000000,-87.654763000000003,41.884436999999998,1912-10-08
2220 Dearborn st.,1912.000000000000000,-87.628454000000005,41.852108000000001,1912-10-09
44th Pl and Wentworth,1912.000000000000000,-87.631073000000001,41.813562570000002,1912-10-09
2159 W Chicago,1912.000000000000000,-87.680893999999995,41.895763000000002,1912-10-12
4208 Cottage Grove Ave.,1912.000000000000000,-87.606882999999996,41.818396999999997,1912-10-19
Houston Av. & 98th st.,1912.000000000000000,-87.549555299999994,41.717325719999998,1912-10-20
1443 S. Talman Ave.,1912.000000000000000,-87.691815000000005,41.861615999999998,1912-10-27
3229 Indiana Ave.,1912.000000000000000,-87.621683000000004,41.835921999999997,1912-10-28
5714 Morgan St,1912.000000000000000,-87.650082999999995,41.790247000000001,1912-11-03
1634 S. State St.,1912.000000000000000,-87.627482999999998,41.859743000000002,1912-11-04
1123 W. 47th St.,1912.000000000000000,-87.653468000000004,41.808635000000002,1912-11-04
321 W Madison,1912.000000000000000,-87.635968000000005,41.881762999999999,1912-11-05
4509 Laflin St.,1912.000000000000000,-87.662414999999996,41.811934000000001,1912-11-06
623 S Halsted,1912.000000000000000,-87.646807999999993,41.873944000000002,1912-11-09
Oakdale av and Sheridan,1912.000000000000000,-87.639420029999997,41.935583070000000,1912-11-09
3508 W. 12th Place,1912.000000000000000,-87.713266000000004,41.865321999999999,1912-11-10
6240 Justine St,1912.000000000000000,-87.663183000000004,41.780546999999999,1912-11-12
1048 Grand Ave,1912.000000000000000,-87.653867000000005,41.891236999999997,1912-11-17
1709 Dearborn St.,1912.000000000000000,-87.628596999999999,41.858787999999997,1912-11-19
3153 S Halsted,1912.000000000000000,-87.646114999999995,41.837246999999998,1912-11-20
2441 State St,1912.000000000000000,-87.626814999999993,41.848739000000002,1912-11-23
2043 W. Division,1912.000000000000000,-87.678021999999999,41.903032000000003,1912-11-25
817 Francisco St.,1912.000000000000000,-87.699198999999993,41.896205000000002,1912-11-29
Lincoln and Grace sts,1912.000000000000000,-87.676241399999995,41.950474149999998,1912-12-01
3208 Dearborn St.,1912.000000000000000,-87.628083000000004,41.835963999999997,1912-12-01
51 W. 36th st.,1912.000000000000000,-87.758539999999996,41.827300000000001,1912-12-11
Seeley Ave and 32nd ST.,1912.000000000000000,-87.676649089999998,41.835788700000002,1912-12-18
Lawrence and Montecello Aves.,1912.000000000000000,-87.719371319999993,41.968153780000002,1912-12-19
31 W. 18th st.,1912.000000000000000,-87.628128000000004,41.857663000000002,1912-12-22
164 W. Washington St,1912.000000000000000,-87.632906000000006,41.883336999999997,1912-12-26
2304 State st,1912.000000000000000,-87.627183000000002,41.850897000000003,1912-12-26
3932 State st,1913.000000000000000,-87.626582999999997,41.823103000000003,1913-01-11
866 Orleans st.,1913.000000000000000,-87.637383000000000,41.898453000000003,1913-01-11
39th and Wentworth Ave.,1913.000000000000000,-87.631373409999995,41.823557289999997,1913-01-12
1617 Wabash Ave.,1913.000000000000000,-87.625415000000004,41.859890000000000,1913-01-20
13th and State St.,1913.000000000000000,-87.627339359999993,41.865661879999998,1913-01-20
1341 S. State St.,1913.000000000000000,-87.627115000000003,41.864981999999998,1913-01-20
56th & Justine St.,1913.000000000000000,-87.663280959999994,41.792096649999998,1913-01-27
Milwaukee & Chicago Aves.,1913.000000000000000,-87.655384540000000,41.896191940000001,1913-01-29
2000 Ogden Ave.,1913.000000000000000,-87.676659000000001,41.872784000000003,1913-02-01
119 st. & Morgan st.,1913.000000000000000,-87.646737099999996,41.677687949999999,1913-02-05
1518 S. Albany Ave.,1913.000000000000000,-87.703182999999996,41.860626000000003,1913-02-06
2548 Dearborn St,1913.000000000000000,-87.628282999999996,41.846113000000003,1913-02-07
24th Pl & Wallace St,1913.000000000000000,-87.641565799999995,41.848129659999998,1913-02-11
560 W Madison,1913.000000000000000,-87.641614000000004,41.882036999999997,1913-02-15
5759 S. Halsted St.,1913.000000000000000,-87.644857000000002,41.789600999999998,1913-02-19
1416 W. Ohio St.,1913.000000000000000,-87.662964000000002,41.892637000000001,1913-02-28
Paulina & 15th sts.,1913.000000000000000,-87.668774130000003,41.861411120000000,1913-03-03
149 W. 43rd St,1913.000000000000000,-87.628827000000001,41.816363000000003,1913-03-09
5806 Fairfield,1913.000000000000000,-87.692582999999999,41.788063999999999,1913-03-10
811 Madison st.,1913.000000000000000,-87.647678999999997,41.881663000000003,1913-03-12
2300 Fulton St,1913.000000000000000,-87.684299999999993,41.886820999999998,1913-03-13
3126 Emerald Ave.,1913.000000000000000,-87.645183000000003,41.837536999999998,1913-03-14
533 W. Polk st.,1913.000000000000000,-87.640581999999995,41.871862999999998,1913-03-15
2251 Archer Ave,1913.000000000000000,-87.637166980000003,41.851853859999999,1913-03-16
230 W. 23rd St.,1913.000000000000000,-87.632928000000007,41.851103000000002,1913-03-16
309 Englewood Ave.,1913.000000000000000,-87.632144999999994,41.780498000000001,1913-03-18
Clark Ave & W. Madison St,1913.000000000000000,-87.630922790000000,41.884419389999998,1913-03-20
3430 No. Oakley Ave,1913.000000000000000,-87.685914999999994,41.943694000000001,1913-03-20
11556 Yuale,1913.000000000000000,-87.629026999999994,41.684240000000003,1913-03-25
2401 S. State St.,1913.000000000000000,-87.626814999999993,41.849055000000000,1913-03-26
3147 Wentworth Ave.,1913.000000000000000,-87.631494000000004,41.837068000000002,1913-03-29
38th St.  & Albany Ave,1913.000000000000000,-87.702012060000001,41.824452739999998,1913-04-01
2348 Calumet Ave.,1913.000000000000000,-87.618538000000001,41.848911999999999,1913-04-03
92nd & Houston Ave,1913.000000000000000,-87.549812790000004,41.728216230000001,1913-04-05
640 N. Clark St.,1913.000000000000000,-87.633599000000004,41.873956000000000,1913-04-07
3139 S. Canal st.,1913.000000000000000,-87.637574000000001,41.837429000000000,1913-04-09
3139 S. Canal st.,1913.000000000000000,-87.637574000000001,41.837429000000000,1913-04-09
2731 Pine Grove Ave.,1913.000000000000000,-87.640529000000001,41.931688999999999,1913-04-11
Polk and Laflin Sts,1913.000000000000000,-87.664182190000005,41.871638040000001,1913-04-12
733 Aldine Ave.,1913.000000000000000,-87.647574000000006,41.941597000000002,1913-04-14
Halsted & Lincoln Sts.,1913.000000000000000,-87.648754120000007,41.925462179999997,1913-04-16
Elm and Crosby Sts.,1913.000000000000000,-87.645728590000004,41.902596449999997,1913-04-16
538 S. Wabash Av.,1913.000000000000000,-87.626182999999997,41.875202000000002,1913-04-18
4104 State St.,1913.000000000000000,-87.626559000000000,41.819876000000001,1913-04-23
Fulton & Peoria St.,1913.000000000000000,-87.649805549999996,41.886735729999998,1913-04-27
1366 North Av,1913.000000000000000,-87.662491000000003,41.910837000000001,1913-04-29
2319 Madison St.,1913.000000000000000,-87.683654000000004,41.847636999999999,1913-04-30
2943 Lyman St.,1913.000000000000000,-87.653847999999996,41.840561000000001,1913-05-03
6227 Kimbark Ave.,1913.000000000000000,-87.594515000000001,41.781820000000003,1913-05-04
33rd St. between State & Dearborn Sts.,1913.000000000000000,-87.627296450000003,41.834637610000001,1913-05-12
8444 Greenbay av,1913.000000000000000,-87.541938000000002,41.742080000000001,1913-05-14
Clark and 21st st.,1913.000000000000000,-87.630150319999998,41.854251300000001,1913-05-15
between 26th and 27th Sts. And Halsted,1913.000000000000000,-87.646436690000002,41.844772900000002,1913-05-18
3206 Wabash,1913.000000000000000,-87.625184000000004,41.835414000000000,1913-05-30
16th and State,1913.000000000000000,-87.627253530000004,41.860164599999997,1913-06-01
817 E. 61st St.,1913.000000000000000,-87.605587999999997,41.783887999999997,1913-06-04
13th & State St.,1913.000000000000000,-87.627339359999993,41.865661879999998,1913-06-06
Jefferson & Taylor Sts.,1913.000000000000000,-87.642273900000006,41.869640720000000,1913-06-07
2800 LaSalle St,1913.000000000000000,-87.630257610000001,41.841719689999998,1913-06-07
Fullerton & Clybourn Ave.,1913.000000000000000,-87.669374939999997,41.925110949999997,1913-06-13
Troy & 12th Sts.,1913.000000000000000,-87.704436779999995,41.866396950000002,1913-06-15
Kezie Ave. and Washington Blvd,1913.000000000000000,-87.706153389999997,41.882757959999999,1913-06-15
43 Leavitt st.,1913.000000000000000,-87.681341000000003,41.882451000000003,1913-06-16
Washington and Halsted Sts.,1913.000000000000000,-87.647380830000003,41.883125389999996,1913-06-20
230 W. 25th St,1913.000000000000000,-87.633600000000001,41.846400000000003,1913-06-23
2833 Clybourn Ave.,1913.000000000000000,-87.678884999999994,41.932991999999999,1913-06-24
2624 W. North Ave,1913.000000000000000,-87.692971000000000,41.910437000000002,1913-06-28
4335 S. Wood,1913.000000000000000,-87.669815000000000,41.815123999999997,1913-06-30
1289 Clybourne Ave.,1913.000000000000000,-87.641651999999993,41.905526000000002,1913-07-03
301 W. North Ave.,1913.000000000000000,-87.636913000000007,41.910963000000002,1913-07-07
471 W. 31st St.,1913.000000000000000,-87.638476999999995,41.838062999999998,1913-07-13
2104 N. Western Ave.,1913.000000000000000,-87.687683000000007,41.920189000000001,1913-07-15
819 W. 14th St.,1913.000000000000000,-87.647300999999999,41.863416000000001,1913-07-19
5443 Shields,1913.000000000000000,-87.634023999999997,41.795257999999997,1913-07-21
412 W. Chicago Ave.,1913.000000000000000,-87.639258999999996,41.896636999999998,1913-07-31
758 Milwaukee Av,1913.000000000000000,-87.654534999999996,41.895499999999998,1913-08-01
2127 s. Clark St.,1913.000000000000000,-87.629914999999997,41.853833999999999,1913-08-05
30th and State Sts.,1913.000000000000000,-87.626760009999998,41.839513619999998,1913-08-06
1106 W. Taylor St.,1913.000000000000000,-87.654535999999993,41.869636999999997,1913-08-07
108th & Hoxie Ave,1913.000000000000000,-87.560777659999999,41.699160110000001,1913-08-08
2721 W. Division st.,1913.000000000000000,-87.695035000000004,41.902763000000000,1913-08-09
1919 Armitage Ave.,1913.000000000000000,-87.675927999999999,41.917662999999997,1913-08-09
4035 Wallace St.,1913.000000000000000,-87.640815000000003,41.820649000000003,1913-08-09
231 S. Sangamon St,1913.000000000000000,-87.650576999999998,41.878749999999997,1913-08-13
1108 Randolph St,1913.000000000000000,-87.654821999999996,41.884436999999998,1913-08-16
79th & Michigan Ave.,1913.000000000000000,-87.621374130000007,41.750856149999997,1913-08-25
1637 W. 35th st.,1913.000000000000000,-87.666967000000000,41.830362999999998,1913-08-26
1613 Carroll Ave.,1913.000000000000000,-87.667550000000006,41.887663000000003,1913-08-27
2300 Wabash Av,1913.000000000000000,-87.625583000000006,41.850963000000000,1913-08-30
19 W. 17th st.,1913.000000000000000,-87.627908000000005,41.858862999999999,1913-09-02
2004 Lincoln Ave.,1913.000000000000000,-87.639149000000003,41.918363999999997,1913-09-03
2604 Lincoln Ave.,1913.000000000000000,-87.654049999999998,41.929074999999997,1913-09-03
3460 Archer Ave.,1913.000000000000000,-87.676698999999999,41.831156999999997,1913-09-03
446 W. 22d ST.,1913.000000000000000,-87.638296999999994,41.852237000000002,1913-09-07
26th & Canal sts.,1913.000000000000000,-87.638325690000002,41.845428280000000,1913-09-07
2701 W 12th st,1913.000000000000000,-87.693610000000007,41.865462999999998,1913-09-18
19th and Leavitt Sts.,1913.000000000000000,-87.680811879999993,41.855705700000001,1913-09-21
2958 Throop st,1913.000000000000000,-87.651342000000000,41.840054000000002,1913-09-22
1432 Larrabee st.,1913.000000000000000,-87.643451999999996,41.907347999999999,1913-09-25
10626 Langley Ave.,1913.000000000000000,-87.606453000000002,41.701357000000002,1913-09-26
365 Wendell st.,1913.000000000000000,-87.638050000000007,41.901162999999997,1913-09-28
4824 State St.,1913.000000000000000,-87.626182999999997,41.806910999999999,1913-09-30
2145 Thomas St.,1913.000000000000000,-87.680751999999998,41.901162999999997,1913-10-05
Kinzie and Milwaukee Ave.,1913.000000000000000,-87.644333840000002,41.889004069999999,1913-10-09
836 N. Dearborn Ave.,1913.000000000000000,-87.629982999999996,41.897696000000003,1913-10-10
13th st. Kostner Ave,1913.000000000000000,-87.734842299999997,41.864095839999997,1913-10-11
420 W. 23rd st.,1913.000000000000000,-87.637279000000007,41.851036999999998,1913-10-12
3328 W. Chicago,1913.000000000000000,-87.710049999999995,41.895736999999997,1913-10-16
Blackhawk & Elson Ave,1913.000000000000000,-87.659890649999994,41.906908350000002,1913-10-25
1506 S. Ashland,1913.000000000000000,-87.666482999999999,41.861173000000001,1913-10-30
1104 W Huron,1913.000000000000000,-87.654499999999999,41.894399999999997,1913-11-03
867 Sedgewick St,1913.000000000000000,-87.638486999999998,41.897364000000003,1913-11-04
8915 Green Bay Ave.,1913.000000000000000,-87.541394999999994,41.733438000000000,1913-11-06
4725 Dearborn St.,1913.000000000000000,-87.627015000000000,41.808981000000003,1913-11-08
1154 W. Randolph St.,1913.000000000000000,-87.656077999999994,41.884436999999998,1913-11-16
2008 W. 35th st.,1913.000000000000000,-87.675712000000004,41.830537000000000,1913-11-18
1638 Hudson Ave.,1913.000000000000000,-87.639983000000001,41.911824000000003,1913-11-19
1736 Diversey Park,1913.000000000000000,-87.672392000000002,41.932513999999998,1913-11-20
4339 LeMoyne Ave.,1913.000000000000000,-87.735287000000000,41.907539000000000,1913-11-25
State & Van Buren Sts.,1913.000000000000000,-87.627682690000000,41.876910649999999,1913-11-28
1101 W. Randolph st.,1913.000000000000000,-87.654563999999993,41.884047000000002,1913-12-04
2622 S. Wentworth ave.,1913.000000000000000,-87.632082999999994,41.845224000000002,1913-12-05
1919 W Division,1913.000000000000000,-87.675528000000000,41.903063000000003,1913-12-07
1029 Larabee,1913.000000000000000,-87.642915000000002,41.900781000000002,1913-12-07
Clinton and Harrison sts.,1913.000000000000000,-87.640943530000001,41.874370270000000,1913-12-07
4926 Federal St.,1913.000000000000000,-87.628282999999996,41.804926000000002,1913-12-09
112 S. Oakley Blvd.,1913.000000000000000,-87.684083000000001,41.879558000000003,1913-12-13
2113 Archer ave.,1913.000000000000000,-87.632210999999998,41.853946000000001,1913-12-14
4037 Jackson Blvd.,1913.000000000000000,-87.726479999999995,41.876963000000003,1913-12-14
6411 Maryland ave.,1913.000000000000000,-87.643728999999993,41.881687999999997,1913-12-15
40th / Racine Ave,1913.000000000000000,-87.655813690000002,41.821014779999999,1913-12-16
34th & Dearborn Sts.,1913.000000000000000,-87.627832889999993,41.832799010000002,1913-12-20
1863 Freemont st.,1913.000000000000000,-87.650615000000002,41.915163000000000,1913-12-21
1841 Wabash Ave.,1913.000000000000000,-87.625390999999993,41.857309000000001,1913-12-24
1014 W. 32nd st.,1913.000000000000000,-87.651572000000002,41.836236999999997,1913-12-26
3800 S. Racine Ave,1913.000000000000000,-87.655721000000000,41.825099000000002,1913-12-27
3718 SaSalle st,1913.000000000000000,-87.629883000000007,41.826327999999997,1913-12-29
4300 N. Crawford Ave.,1913.000000000000000,-87.728679999999997,42.004860000000001,1913-12-30
146 W. 34th st.,1914.000000000000000,-87.632800000000003,41.832780000000000,1914-01-01
644 W. 18th St.,1914.000000000000000,-87.643152999999998,41.857737000000000,1914-01-04
362 E. Illinois st.,1914.000000000000000,-87.618260000000006,41.891137000000001,1914-01-04
821 So. State St.,1914.000000000000000,-87.627215000000007,41.871474999999997,1914-01-05
13th and State sts.,1914.000000000000000,-87.627339359999993,41.865661879999998,1914-01-07
Desplaines and Taylor Sts.,1914.000000000000000,-87.643711569999994,41.869672680000001,1914-01-15
1640 S. St. Louis Ave.,1914.000000000000000,-87.712958999999998,41.858550999999999,1914-01-19
1365 S. California Ave.,1914.000000000000000,-87.695638000000002,41.863284999999998,1914-01-22
415 S. Racine ave.,1914.000000000000000,-87.656814999999995,41.876238000000001,1914-01-23
942 Grand Ave.,1914.000000000000000,-87.606741999999997,41.892142999999997,1914-01-26
366 Kensington Ave.,1914.000000000000000,-87.614158000000003,41.684137000000000,1914-02-11
1507 Larrabee St,1914.000000000000000,-87.643214999999998,41.909447000000000,1914-02-11
1706 S. Halsted,1914.000000000000000,-87.646883000000003,41.858938000000002,1914-02-19
3319-21 Fullerton Ave,1914.000000000000000,-87.711162999999999,41.924562999999999,1914-02-21
2352 Blue Island Ave.,1914.000000000000000,-87.673177999999993,41.849699000000001,1914-02-23
2449 Lincoln Ave.,1914.000000000000000,-87.649995000000004,41.926535000000001,1914-02-24
4825 S Halsted,1914.000000000000000,-87.645314999999997,41.806325999999999,1914-02-24
1600 S. Wabash Ave.,1914.000000000000000,-87.625782999999998,41.860062999999997,1914-02-27
1447 W. 63rd st.,1914.000000000000000,-87.660988000000003,41.779362999999996,1914-02-27
23rd & Halsted,1914.000000000000000,-87.646415230000002,41.850782979999998,1914-03-01
1365 Wells st.,1914.000000000000000,-87.634415000000004,41.907184999999998,1914-03-08
3624 W.  22nd St,1914.000000000000000,-87.715871000000007,41.851837000000003,1914-03-09
915 Larrabee st.,1914.000000000000000,-87.642814999999999,41.899186999999998,1914-03-17
3143 Seminary ave.,1914.000000000000000,-87.656259000000006,41.938806999999997,1914-03-19
3143 Seminary ave.,1914.000000000000000,-87.656259000000006,41.938806999999997,1914-03-19
on Oakley Bld. Jackson/Adams sts.,1914.000000000000000,-87.683880329999994,41.878076960000001,1914-03-22
3417 E. 89th st.,1914.000000000000000,-87.541220999999993,41.733688999999998,1914-03-23
1142 W. Kinzie st.,1914.000000000000000,-87.656084000000007,41.889107000000003,1914-03-28
5100 Broadway,1914.000000000000000,-87.659934000000007,41.974893999999999,1914-03-28
323 S. Racine Ave.,1914.000000000000000,-87.656814999999995,41.876888000000001,1914-03-30
741 No. Dearborn St.,1914.000000000000000,-87.629543999999996,41.895999000000003,1914-04-05
450 W. Chicago Ave.,1914.000000000000000,-87.640417999999997,41.896636999999998,1914-04-07
21st St. and Wabash Ave.,1914.000000000000000,-87.625536920000002,41.854219329999999,1914-04-08
Grand av and Clark sts,1914.000000000000000,-87.631094460000000,41.891623750000001,1914-04-10
818 W. 69th st.,1914.000000000000000,-87.645200000000003,41.768937000000001,1914-04-13
2001 Hastings st,1914.000000000000000,-87.676404000000005,41.863863000000002,1914-04-16
3641 S state st,1914.000000000000000,-87.626315000000005,41.828254000000001,1914-04-20
1156 Cambridge ave.,1914.000000000000000,-87.642437999999999,41.903238999999999,1914-04-20
Huron and Hoyne Ave.,1914.000000000000000,-87.679460050000003,41.894003720000001,1914-04-20
2659 S. Trumbell Ave.,1914.000000000000000,-87.710915000000000,41.843394000000004,1914-04-26
1841 N. Mozart st.,1914.000000000000000,-87.697957000000002,41.914718999999998,1914-04-26
8400 Mackinaw Ave,1914.000000000000000,-87.543182999999999,41.742762999999997,1914-04-27
907 N. Franklin St.,1914.000000000000000,-87.635615000000001,41.899281000000002,1914-04-29
32nd st. and Rhodes,1914.000000000000000,-87.613456249999999,41.836955760000002,1914-04-29
3838 So. State St.,1914.000000000000000,-87.626582999999997,41.824778000000002,1914-05-03
4338 Wabash Ave.,1914.000000000000000,-87.624782999999994,41.815778000000002,1914-05-05
Van Buren st. and Washtenaw Ave,1914.000000000000000,-87.693772319999994,41.875999960000001,1914-05-05
3244 LaSalle St.,1914.000000000000000,-87.648193000000006,41.849837999999998,1914-05-06
N.W. Corner of Archer Ave. and Robey St.,1914.000000000000000,-87.675447460000001,41.831871700000001,1914-05-07
43 W. 18th st.,1914.000000000000000,-87.628386000000006,41.857663000000002,1914-05-08
1017 Winchester ave.,1914.000000000000000,-87.675736999999998,41.900007000000002,1914-05-08
5902 Michigan Ave.,1914.000000000000000,-87.622470000000007,41.787227000000001,1914-05-10
Chicago Ave. and Morgan st.,1914.000000000000000,-87.652637960000007,41.896271800000001,1914-05-12
north of Polk and Aberdeen,1914.000000000000000,-87.654225830000001,41.872165320000001,1914-05-14
1513 W. Van Buren st.,1914.000000000000000,-87.664728999999994,41.876263000000002,1914-05-16
1127 S. Peoria st.,1914.000000000000000,-87.648799999999994,41.862200000000001,1914-05-23
1203 W. Chicago Ave.,1914.000000000000000,-87.657816999999994,41.896062999999998,1914-05-31
2581 Lincoln Ave.,1914.000000000000000,-87.653143999999998,41.928804000000000,1914-06-01
4433 N. Kilpatrick Ave.,1914.000000000000000,-87.742999999999995,41.884900000000002,1914-06-02
3753 Vernon Ave.,1914.000000000000000,-87.615314999999995,41.825240999999998,1914-06-03
2301 W. 22nd Pl.,1914.000000000000000,-87.683394000000007,41.851053000000000,1914-06-08
1135 Larrabee st,1914.000000000000000,-87.642994999999999,41.902388000000002,1914-06-10
1135 Larrabee St,1914.000000000000000,-87.642994999999999,41.902388000000002,1914-06-10
8022 Normal Ave.,1914.000000000000000,-87.636857000000006,41.748418999999998,1914-06-15
1105 N. Crawford Ave.,1914.000000000000000,-87.728899999999996,41.997380000000000,1914-06-21
2114 State st.,1914.000000000000000,-87.627283000000006,41.853918000000000,1914-06-22
Wabansia av and Paulina,1914.000000000000000,-87.670168880000006,41.912401610000003,1914-06-23
16th St. and Central Park Ave.,1914.000000000000000,-87.715122699999995,41.858886089999999,1914-06-24
412 S. Sangamon St,1914.000000000000000,-87.650882999999993,41.876424000000000,1914-06-25
2714 W  25th pl,1914.000000000000000,-87.691748000000004,41.845737000000000,1914-06-28
Armitage and Winchester Aves.,1914.000000000000000,-87.676434520000001,41.917750699999999,1914-06-28
809 E. 93rd St.,1914.000000000000000,-87.604339999999993,41.725563000000001,1914-06-28
Chicago River at Van Buren st. Bridge,1914.000000000000000,-87.637445929999998,41.876750880000003,1914-07-01
4416 Washington,1914.000000000000000,-87.736037999999994,41.882114999999999,1914-07-03
833 W. 16th st.,1914.000000000000000,-87.647917000000007,41.859763000000001,1914-07-03
850 S. State St.,1914.000000000000000,-87.627731999999995,41.871184000000000,1914-07-11
24 S. Morgan,1914.000000000000000,-87.652182999999994,41.881011000000001,1914-07-11
1805 S. Ashland Ave.,1914.000000000000000,-87.665987999999999,41.857567000000003,1914-07-13
67 E. 22nd st.,1914.000000000000000,-87.624836000000002,41.852663000000000,1914-07-16
3011 Indiana Ave.,1914.000000000000000,-87.621759999999995,41.840010999999997,1914-07-16
4339 N. Paulina st.,1914.000000000000000,-87.670614000000000,41.960538999999997,1914-07-19
Huron and Wells St.,1914.000000000000000,-87.634162900000007,41.894738459999999,1914-07-26
7518 Lowe Av,1914.000000000000000,-87.640682999999996,41.756667999999998,1914-07-26
3125 Irving Park Blvd.,1914.000000000000000,-87.706500000000005,41.953763000000002,1914-07-27
1311W 14th Place,1914.000000000000000,-87.659285999999994,41.862349999999999,1914-07-27
2801 LaSalle st.,1914.000000000000000,-87.630279060000007,41.840952369999997,1914-07-30
1249 Jackson Blvd.,1914.000000000000000,-87.658238999999995,41.877662999999998,1914-08-01
234 N Ashland av,1914.000000000000000,-87.667182999999994,41.886341000000002,1914-08-01
4504 S. Ashland Ave.,1914.000000000000000,-87.665272000000002,41.811996000000001,1914-08-03
223 w. Austin ave.,1914.000000000000000,-87.622118999999998,41.894863000000001,1914-08-04
26th St. and Keeler Ave.,1914.000000000000000,-87.729327679999997,41.844069550000000,1914-08-05
3936 Fifth Ave.,1914.000000000000000,-87.724498999999994,41.873429999999999,1914-08-06
2600 S State,1914.000000000000000,-87.627082999999999,41.845463000000002,1914-08-08
95th and Cottage Grove Ave.,1914.000000000000000,-87.604444029999996,41.722018480000003,1914-08-10
2545 State st.,1914.000000000000000,-87.626615000000001,41.846255999999997,1914-08-17
Kinzie and Crawford Ave.,1914.000000000000000,-87.725679869999993,41.887726149999999,1914-08-22
1301 W Chicago,1914.000000000000000,-87.659711000000001,41.896062999999998,1914-08-23
218 Ontario St.,1914.000000000000000,-87.622145000000003,41.893537000000002,1914-08-26
1517 E. 65th st.,1914.000000000000000,-87.588323000000003,41.776783999999999,1914-08-28
1015 S. State St.,1914.000000000000000,-87.627215000000007,41.869872999999998,1914-08-30
1438 S. Springfield Ave.,1914.000000000000000,-87.722742999999994,41.861772000000002,1914-08-31
Corner of 63rd & Peoria,1914.000000000000000,-87.646973130000006,41.779456860000003,1914-09-03
1256 N. Western Ave.,1914.000000000000000,-87.687263999999999,41.904049999999998,1914-09-03
1256 N. Western Ave.,1914.000000000000000,-87.687263999999999,41.904049999999998,1914-09-03
29th and LaSalle,1914.000000000000000,-87.630043029999996,41.841208139999999,1914-09-04
2529 W. Harrison St.,1914.000000000000000,-87.689955999999995,41.873762999999997,1914-09-06
55th and Halsted Sts,1914.000000000000000,-87.645063399999998,41.794016399999997,1914-09-10
Kimball and Elston Aves,1914.000000000000000,-87.712655069999997,41.949213409999999,1914-09-11
4918 Milwaukee Ave.,1914.000000000000000,-87.762810000000002,41.969982999999999,1914-09-13
18th & Jefferson,1914.000000000000000,-87.641887659999995,41.857607559999998,1914-09-13
Oakley & Erie,1914.000000000000000,-87.684309479999996,41.893061330000002,1914-09-14
43rd and State Sts.,1914.000000000000000,-87.626287939999997,41.816377240000001,1914-09-15
Halsted & Harrison,1914.000000000000000,-87.647101879999994,41.874306359999999,1914-09-16
4324 S Ashland,1914.000000000000000,-87.665283000000002,41.815393000000000,1914-09-17
Prairie Ave. & 79th St.,1914.000000000000000,-87.618091109999995,41.750936189999997,1914-09-17
4220 Berkley Ave,1914.000000000000000,-87.600783000000007,41.817695999999998,1914-09-18
N.E. corner 49th & Hermiage,1914.000000000000000,-87.668152000000006,41.804974000000001,1914-09-21
513 W. 55th St.,1914.000000000000000,-87.638379000000000,41.793948000000000,1914-10-03
St. Louis and 26th Ave.,1914.000000000000000,-87.712268829999999,41.844277360000000,1914-10-03
Halsted & Grand,1914.000000000000000,-87.647595409999994,41.891160520000000,1914-10-05
N. Clark St. & Pratt Blvd.,1914.000000000000000,-87.672979830000003,42.005188519999997,1914-10-11
303 W. 25th st.,1914.000000000000000,-87.629199999999997,41.847880000000004,1914-10-11
2971 State St.,1914.000000000000000,-87.626446000000001,41.840251000000002,1914-10-12
2963 W. 21st St.,1914.000000000000000,-87.699811999999994,41.853563000000001,1914-10-15
2056 W. 19th St.,1914.000000000000000,-87.677289999999999,41.855936999999997,1914-10-16
Dearborn & Walton Pl.,1914.000000000000000,-87.629849910000004,41.899817519999999,1914-10-20
Wells st. and Kinzie,1914.000000000000000,-87.634034159999999,41.889083939999999,1914-10-21
701 VanBuren St.,1914.000000000000000,-87.645016999999996,41.876562999999997,1914-10-23
325 No. Wood St.,1914.000000000000000,-87.671715000000006,41.887521999999997,1914-11-01
Commercial Hotel 554 S. Wabash Ave. Room 153,1914.000000000000000,-87.626182999999997,41.875028999999998,1914-11-04
2950 Calumet,1914.000000000000000,-87.618882999999997,41.841706000000002,1914-11-05
5130 Ashland Ave.,1914.000000000000000,-87.669784000000007,41.975163999999999,1914-11-07
Polk & Miller St.,1914.000000000000000,-87.652316089999999,41.871829779999999,1914-11-09
North Ave. and Orleadns St.,1914.000000000000000,-87.637660499999996,41.911060280000001,1914-11-09
4548 Kenmore Ave.,1914.000000000000000,-87.656333000000004,41.964483000000001,1914-11-11
1029 So. California Ave.,1914.000000000000000,-87.695814999999996,41.868949000000001,1914-11-17
3568 Archer Ave.,1914.000000000000000,-87.679764000000006,41.829270000000001,1914-11-22
701 Van Buren,1914.000000000000000,-87.645016999999996,41.876562999999997,1914-11-23
820 Cambridge st.,1914.000000000000000,-87.641982999999996,41.896853999999998,1914-11-26
2359 W. 22nd St.,1914.000000000000000,-87.779189000000002,41.923141999999999,1914-11-27
119th and Peoria,1914.000000000000000,-87.644376750000006,41.677720000000001,1914-11-27
21 E. Lake st.,1914.000000000000000,-87.627260000000007,41.885663000000001,1914-11-28
2743 W. 37th pl.,1914.000000000000000,-87.693354999999997,41.825417999999999,1914-12-03
4226 Tallman Av,1914.000000000000000,-87.690952999999993,41.816856999999999,1914-12-10
302 W. 29th St. 3rd Flat,1914.000000000000000,-87.634416000000002,41.841237000000000,1914-12-11
4745 Federal st.,1914.000000000000000,-87.628415000000004,41.808455000000002,1914-12-13
657 S. Clark,1914.000000000000000,-87.630483999999996,41.873787999999998,1914-12-13
16th and Union St.,1914.000000000000000,-87.644891740000006,41.859924880000001,1914-12-14
22nd Pl. & Princeton ave.,1914.000000000000000,-87.634763719999995,41.852109589999998,1914-12-16
22nd pl. and Priceton,1914.000000000000000,-87.634763719999995,41.852109589999998,1914-12-16
505 Wabash,1914.000000000000000,-87.625815000000003,41.875652000000002,1914-12-20
141 S Sangamon,1914.000000000000000,-87.650615000000002,41.879879000000003,1914-12-23
3208 LaSalle St.,1914.000000000000000,-87.630140999999995,41.836275999999998,1914-12-25
2500 Wentworth,1914.000000000000000,-87.632328000000001,41.847233000000003,1914-12-26
1106 Larrabee St.,1914.000000000000000,-87.643306999999993,41.901757000000003,1914-12-26
NE corner Carpenter and Madison sts.,1915.000000000000000,-87.653067109999995,41.881783440000000,1915-01-02
2919 Princeton Ave.,1915.000000000000000,-87.633989999999997,41.840755000000001,1915-01-03
2936 Indiana Ave.,1915.000000000000000,-87.622163000000000,41.841259000000001,1915-01-05
172 North Ave.,1915.000000000000000,-87.633950999999996,41.911337000000003,1915-01-05
29th and Indiana av,1915.000000000000000,-87.622039319999999,41.841975460000000,1915-01-05
70 W. Polk,1915.000000000000000,-87.629866000000007,41.872411000000000,1915-01-10
264 W. 24th Place,1915.000000000000000,-87.633663999999996,41.848374000000000,1915-01-15
1152 W VanBuren,1915.000000000000000,-87.655812999999995,41.876683999999997,1915-01-15
1908 N Clark,1915.000000000000000,-87.635317999999998,41.916798000000000,1915-01-15
1715 W 18th st,1915.000000000000000,-87.669096999999994,41.857641999999998,1915-01-17
9025 Greennbay Ave.,1915.000000000000000,-87.541314999999997,41.731478000000003,1915-01-23
2943 Lyman St.,1915.000000000000000,-87.653847999999996,41.840561000000001,1915-01-24
Lakeview and Wrightwood Aves.,1915.000000000000000,-87.639334199999993,41.931273109999999,1915-01-28
1149 N. Crawford Ave.,1915.000000000000000,-87.728899999999996,41.997380000000000,1915-01-30
3201 State St.,1915.000000000000000,-87.626365000000007,41.836486999999998,1915-02-02
1101 Cambridge Ave.,1915.000000000000000,-87.642030000000005,41.902858000000002,1915-02-03
6743 State St.,1915.000000000000000,-87.624870999999999,41.771894000000003,1915-02-04
1137 Washington,1915.000000000000000,-87.655860000000004,41.882863000000000,1915-02-06
1416 S. Karlov Ave.,1915.000000000000000,-87.727661999999995,41.862110999999999,1915-02-16
Morgan & Madison st.,1915.000000000000000,-87.651994230000000,41.881687589999999,1915-02-17
3025 Normal Ave.,1915.000000000000000,-87.638814999999994,41.839478000000000,1915-02-19
Ada and Randolph Sts.,1915.000000000000000,-87.660620210000005,41.884147810000002,1915-02-19
1510 Montrese Ave.,1915.000000000000000,-87.668008999999998,41.961736999999999,1915-03-01
1117 w. taylor st.,1915.000000000000000,-87.654813000000004,41.869363000000000,1915-03-04
Halsted St. & 12th St.,1915.000000000000000,-87.646887300000003,41.867131999999998,1915-03-07
822 Eastwood Ave.,1915.000000000000000,-87.650523000000007,41.966537000000002,1915-03-10
1326 W. Ohio St.,1915.000000000000000,-87.660416999999995,41.892637000000001,1915-03-12
#9 W. 29th st.,1915.000000000000000,-87.628720000000001,41.841299999999997,1915-03-13
8734 Vincennes Ave.,1915.000000000000000,-87.645572000000001,41.735545999999999,1915-03-13
6030 Harper Ave.,1915.000000000000000,-87.588348999999994,41.784855999999998,1915-03-14
1118 Arcade Pl.,1915.000000000000000,-87.656250999999997,41.880937000000003,1915-03-18
Chicago Ave. and Halsted st.,1915.000000000000000,-87.647745610000001,41.896383610000001,1915-03-19
1100Webster Ave.,1915.000000000000000,-87.656104999999997,41.921818999999999,1915-03-20
2161 Clybourn,1915.000000000000000,-87.662795000000003,41.920684999999999,1915-03-24
958 Fullerton Av,1915.000000000000000,-87.652535999999998,41.925558000000002,1915-03-30
712 W. Taylor st.,1915.000000000000000,-87.644766000000004,41.869836999999997,1915-04-28
4927 Federal St.,1915.000000000000000,-87.627915000000002,41.804909000000002,1915-04-30
2159 W 18th st,1915.000000000000000,-87.680216999999999,41.857463000000003,1915-05-04
1318 N. Ashland ave.,1915.000000000000000,-87.667734999999993,41.905625999999998,1915-05-04
4622 S. Western,1915.000000000000000,-87.684683000000007,41.809595999999999,1915-05-05
7100 Lowe Ave.,1915.000000000000000,-87.640276000000000,41.765158000000000,1915-05-06
7100 Lowe Ave,1915.000000000000000,-87.640276000000000,41.765158000000000,1915-05-06
1559 W. 63rd St.,1915.000000000000000,-87.663533000000001,41.779362999999996,1915-05-06
2255 N Kenneth,1915.000000000000000,-87.632182999999998,41.851353000000003,1915-05-09
1120 Wolfram St,1915.000000000000000,-87.656895000000006,41.933537000000001,1915-05-17
711 W. 69th St.,1915.000000000000000,-87.642401000000007,41.768729999999998,1915-05-20
Grand and LaSalle Ave.,1915.000000000000000,-87.632596489999997,41.891559850000000,1915-05-22
49th Place near halsted,1915.000000000000000,-87.645750050000004,41.804190110000000,1915-05-22
2908 Federal St.,1915.000000000000000,-87.629142000000002,41.841071999999997,1915-05-24
408 S Laflin,1915.000000000000000,-87.663319999999999,41.828360000000004,1915-05-28
5942 So. Racine Ave.,1915.000000000000000,-87.654837000000001,41.786110999999998,1915-06-02
4666 State St.,1915.000000000000000,-87.626283000000001,41.809846999999998,1915-06-08
215 N. Paulina St.,1915.000000000000000,-87.669214999999994,41.885720999999997,1915-06-10
215 N Paulina,1915.000000000000000,-87.669214999999994,41.885720999999997,1915-06-10
121 E. Chicago Av.,1915.000000000000000,-87.624587000000005,41.896563000000000,1915-06-12
1902 W. Lake St.,1915.000000000000000,-87.674524000000005,41.885236999999996,1915-06-28
9115 Union Ave.,1915.000000000000000,-87.640794999999997,41.728437999999997,1915-06-30
1759 W. 22nd,1915.000000000000000,-87.669883999999996,41.852103999999997,1915-07-03
1218 W. 32nd Place,1915.000000000000000,-87.656469999999999,41.835337000000003,1915-07-04
Fullerton Av at river,1915.000000000000000,-87.674739360000004,41.925031120000000,1915-07-08
5 5423 So. Racine Ave.,1915.000000000000000,-87.654714999999996,41.795509000000003,1915-07-09
4808 Loomis,1915.000000000000000,-87.660269000000000,41.806533999999999,1915-07-11
15 N Carpenter,1915.000000000000000,-87.653014999999996,41.881985000000000,1915-07-12
1855 W. Taylor St,1915.000000000000000,-87.672656000000003,41.869062999999997,1915-08-02
1855 W. Taylor St,1915.000000000000000,-87.672656000000003,41.869062999999997,1915-08-02
1855 W. Taylor St.,1915.000000000000000,-87.672656000000003,41.869062999999997,1915-08-02
2956 Federal st.,1915.000000000000000,-87.629000000000005,41.840321000000003,1915-08-05
14th Pl & Throop St,1915.000000000000000,-87.659010890000005,41.862401920000003,1915-08-13
31 E. 28th St,1915.000000000000000,-87.625791000000007,41.843221999999997,1915-08-13
1245 Wade St.,1915.000000000000000,-87.672398999999999,41.904677999999997,1915-08-14
20 W. Randolph St,1915.000000000000000,-87.628570999999994,41.884636999999998,1915-08-19
876 Cambridge Ave.,1915.000000000000000,-87.641982999999996,41.897728999999998,1915-08-22
733 W 17th Pl,1915.000000000000000,-87.645493000000002,41.858263000000001,1915-08-22
733 W 17th Pl,1915.000000000000000,-87.645493000000002,41.858263000000001,1915-08-22
1507 Mohawk St.,1915.000000000000000,-87.642015000000001,41.909447000000000,1915-08-24
6203 State St,1915.000000000000000,-87.625214999999997,41.781706999999997,1915-08-27
2651-25th st,1915.000000000000000,-87.691682000000000,41.846362999999997,1915-08-31
36th & State Sts,1915.000000000000000,-87.626566890000007,41.829729250000000,1915-09-02
1657 N. Halsted,1915.000000000000000,-87.648145999999997,41.911794000000000,1915-09-08
Morgan and VanBuren,1915.000000000000000,-87.651844019999999,41.876591110000000,1915-09-12
1319 Eddy st,1915.000000000000000,-87.662064000000001,41.946038000000001,1915-09-25
Paulina St & North Ave,1915.000000000000000,-87.670104499999994,41.910565259999998,1915-10-03
31 E 28th st apt P,1915.000000000000000,-87.625791000000007,41.843221999999997,1915-10-03
3526 Grand Blvd,1915.000000000000000,-87.715270000000004,41.901890999999999,1915-10-04
Chicago and Rockwell,1915.000000000000000,-87.691776750000002,41.895664859999997,1915-10-09
7346 S. Halsted,1915.000000000000000,-87.644482999999994,41.760655000000000,1915-10-11
83rd & S. Chicago Ave,1915.000000000000000,-87.575433250000003,41.744292360000003,1915-10-11
235 W. Schiller St.,1915.000000000000000,-87.635890000000003,41.907463000000000,1915-10-13
1352 Madison st,1915.000000000000000,-87.661317999999994,41.881695000000001,1915-10-15
3342 N. Claremont ave.,1915.000000000000000,-87.687127000000004,41.942079999999997,1915-10-20
Leavitt and Van Buren Sts,1915.000000000000000,-87.681391239999996,41.876111799999997,1915-10-22
2979 wabash,1915.000000000000000,-87.625015000000005,41.841020000000000,1915-10-25
Lyman and Throop,1915.000000000000000,-87.652380469999997,41.841415959999999,1915-10-25
Harison and Halsted,1915.000000000000000,-87.647101879999994,41.874306359999999,1915-10-26
2031 Armitage Ave,1915.000000000000000,-87.678439999999995,41.917628000000001,1915-11-07
Lytle and Taylor,1915.000000000000000,-87.658152580000007,41.869353099999998,1915-11-09
541 Hobbie St,1915.000000000000000,-87.642386999999999,41.901363000000003,1915-11-10
4940 Federal st.,1915.000000000000000,-87.628282999999996,41.804692000000003,1915-11-16
211 S. Sangamon st.,1915.000000000000000,-87.650592000000003,41.878957000000000,1915-11-19
11048 Michigan Ave,1915.000000000000000,-87.621160000000003,41.693472000000000,1915-11-19
S.W. Corner Wood and Division Sts,1915.000000000000000,-87.672550680000001,41.903123479999998,1915-11-20
1835 Larrabee,1915.000000000000000,-87.643353000000005,41.915284000000000,1915-11-20
2332  Dearborn St,1915.000000000000000,-87.620670000000004,41.810963000000001,1915-11-20
19th st and Western av,1915.000000000000000,-87.685747149999997,41.855673740000000,1915-11-21
307 W. North Ave,1915.000000000000000,-87.637084999999999,41.910963000000002,1915-11-25
3519 LaSalle,1915.000000000000000,-87.629615000000001,41.830620000000003,1915-11-25
3519 LaSalle,1915.000000000000000,-87.629615000000001,41.830620000000003,1915-11-25
2865 E 93rd st,1915.000000000000000,-87.555998000000002,41.726263000000003,1915-11-25
3202 Dearborn st.,1915.000000000000000,-87.628083000000004,41.836038000000002,1915-11-27
Elston and Armitage,1915.000000000000000,-87.667465210000003,41.917862470000003,1915-11-27
"Grace St., 125 Ft. East of Bernard St.",1915.000000000000000,-87.713534830000000,41.950107099999997,1915-11-28
220 W. Oak st.,1915.000000000000000,-87.634863999999993,41.900637000000003,1915-12-01
10517 Ave G.,1915.000000000000000,-87.531514999999999,41.704200999999998,1915-12-10
Lake and St Louis,1915.000000000000000,-87.713448999999997,41.884722910000001,1915-12-24
Elizabeth and Fry Sts.,1915.000000000000000,-87.659955019999998,41.897150259999997,1915-12-25
3633 State St.,1915.000000000000000,-87.626315000000005,41.828353000000000,1915-12-25
Lake st. 150 ft east of Western Ave.,1915.000000000000000,-87.685961719999995,41.884627060000000,1915-12-27
939 Larrabee st.,1915.000000000000000,-87.642847000000003,41.899723999999999,1915-12-29
4324 S. Ashland,1915.000000000000000,-87.665283000000002,41.815393000000000,1915-12-29
4401 Armitage,1915.000000000000000,-87.736517000000006,41.916963000000003,1915-12-30
Walton & Ashland Ave.,1916.000000000000000,-87.667336460000001,41.898747440000001,1916-01-01
1151 W. Lake St.,1916.000000000000000,-87.656037999999995,41.885362999999998,1916-01-01
1925 W. 51st st.,1916.000000000000000,-87.672980999999993,41.801088000000000,1916-01-06
1011 Larrabee st.,1916.000000000000000,-87.642915000000002,41.900630999999997,1916-01-10
3136 Normal Ave,1916.000000000000000,-87.639144999999999,41.837468000000001,1916-01-11
557 W Taylor,1916.000000000000000,-87.641347999999994,41.869562999999999,1916-01-14
6541 Woodlawn Ave,1916.000000000000000,-87.595915000000005,41.776130999999999,1916-01-15
N.W. Corner 43rd st. & St. Lawrence Ave.,1916.000000000000000,-87.611782550000001,41.816681090000003,1916-01-18
Mango & Grand Av.,1916.000000000000000,-87.769410609999994,41.919331390000004,1916-01-18
15 East Jackson Blvd.,1916.000000000000000,-87.627155999999999,41.878062999999997,1916-01-21
3522 Reta st.,1916.000000000000000,-87.650784000000002,41.945900999999999,1916-01-25
1823 Division St.,1916.000000000000000,-87.673450000000003,41.903063000000003,1916-01-31
530 S. Sangamon St,1916.000000000000000,-87.650819999999996,41.880659999999999,1916-02-02
5659 S. State St,1916.000000000000000,-87.625456999999997,41.791761000000001,1916-02-04
1475 W. 72nd st.,1916.000000000000000,-87.661395999999996,41.762962999999999,1916-02-04
18th Place and Hoyne Ave,1916.000000000000000,-87.678430079999998,41.856680609999998,1916-02-06
1700 Union av,1916.000000000000000,-87.644982999999996,41.859062999999999,1916-02-11
1001 S. Racine,1916.000000000000000,-87.656514999999999,41.869253000000000,1916-02-12
#66 W VanBuren,1916.000000000000000,-87.629965999999996,41.877037000000001,1916-02-16
Haddon and Leavitt Sts,1916.000000000000000,-87.682077879999994,41.902149280000003,1916-02-18
372 W. Grand,1916.000000000000000,-87.638182999999998,41.891637000000003,1916-02-19
1435 Fry st,1916.000000000000000,-87.664001999999996,41.896931000000002,1916-02-19
434 S State St.,1916.000000000000000,-87.627844999999994,41.876438000000000,1916-02-19
6816 S Ashland,1916.000000000000000,-87.664162000000005,41.769995000000002,1916-02-22
3410 Rhodes Ave,1916.000000000000000,-87.613483000000002,41.832236000000002,1916-02-25
N.W. Cor Hill & Wells st.,1916.000000000000000,-87.634474040000001,41.902141290000003,1916-03-05
4466 Fifth Av. A saloon,1916.000000000000000,-87.737080000000006,41.869886000000001,1916-03-06
3071 Throop st.,1916.000000000000000,-87.649675999999999,41.838590000000003,1916-03-09
113 W. Ontario st.,1916.000000000000000,-87.631765999999999,41.893062999999998,1916-03-16
3313 S Halsted,1916.000000000000000,-87.646015000000006,41.834128999999997,1916-03-19
1619 S Union Av,1916.000000000000000,-87.644615000000002,41.859630000000003,1916-03-21
2736 S. Hamelin,1916.000000000000000,-87.719783000000007,41.841808999999998,1916-03-22
6221 May,1916.000000000000000,-87.653115000000000,41.780940000000001,1916-03-22
1541 Washbuirn Ave.,1916.000000000000000,-87.666078999999996,41.865862999999997,1916-03-22
1046 W. Erie st.,1916.000000000000000,-87.651843999999997,41.893441000000003,1916-03-22
530 W. Division St.,1916.000000000000000,-87.642505999999997,41.903837000000003,1916-03-24
5026 S. Justine St,1916.000000000000000,-87.663782999999995,41.802562999999999,1916-03-26
100 So. Halsted St.,1916.000000000000000,-87.647482999999994,41.880363000000003,1916-04-04
2151 19th st,1916.000000000000000,-87.679630000000003,41.855663000000000,1916-04-04
5060 State,1916.000000000000000,-87.626082999999994,41.802601000000003,1916-04-05
3267 Armitage Ave.,1916.000000000000000,-87.709491000000000,41.917262999999998,1916-04-05
Racine & Van Buren,1916.000000000000000,-87.656972409999995,41.876479269999997,1916-04-05
2106 Blue Island Ave.,1916.000000000000000,-87.666246999999998,41.852338000000003,1916-04-06
511 Oak st.,1916.000000000000000,-87.641379999999998,41.900263000000002,1916-04-11
1740 W. 63rd St.,1916.000000000000000,-87.668204000000003,41.779536999999998,1916-04-12
1546 Wabash Ave. 2nd Floor,1916.000000000000000,-87.625810000000001,41.861218999999998,1916-04-13
11533 Yale Ave,1916.000000000000000,-87.628680000000003,41.684626999999999,1916-04-15
1759 W 69th,1916.000000000000000,-87.668132999999997,41.768363000000001,1916-04-20
Madison and Clark,1916.000000000000000,-87.630879879999995,41.881959180000003,1916-04-20
Frankilin & Erie st.,1916.000000000000000,-87.635664939999998,41.893939830000001,1916-04-21
3000 Michigan,1916.000000000000000,-87.623683000000000,41.840094999999998,1916-04-22
1851 W. 21st st.,1916.000000000000000,-87.672229999999999,41.853963000000000,1916-04-23
457 N. Racine in rear,1916.000000000000000,-87.657214999999994,41.890414000000000,1916-05-05
4701 S Halsted,1916.000000000000000,-87.645314999999997,41.808739000000003,1916-05-09
42nd & Union Ave,1916.000000000000000,-87.643325329999996,41.817592630000000,1916-05-11
8 W 18th st,1916.000000000000000,-87.627633000000003,41.857937000000000,1916-05-13
2803 Cottage Grove Ave,1916.000000000000000,-87.631983000000005,41.842440000000003,1916-05-14
9636 Winston Ave,1916.000000000000000,-87.660004999999998,41.718822000000003,1916-05-15
819 Madison,1916.000000000000000,-87.648139999999998,41.881663000000003,1916-05-17
1358 Dean St,1916.000000000000000,-87.670963999999998,41.907111999999998,1916-05-20
4426 S. Ashaland Ave.,1916.000000000000000,-87.665283000000002,41.813536999999997,1916-05-20
2318 Blue Island,1916.000000000000000,-87.684473999999994,41.866813999999998,1916-05-23
1048 W. 22nd st.,1916.000000000000000,-87.652180999999999,41.852736999999998,1916-05-30
1340 W. Ohio St,1916.000000000000000,-87.661147000000000,41.892637000000001,1916-06-01
2713 Dearborn st.,1916.000000000000000,-87.627915000000002,41.844678000000002,1916-06-01
North av and Oakley Bl,1916.000000000000000,-87.684781549999997,41.910357670000003,1916-06-02
#20 Aberdeen,1916.000000000000000,-87.654583000000002,41.882036999999997,1916-06-03
228 Milwaukee,1916.000000000000000,-87.640179000000003,41.886156999999997,1916-06-04
313 Prairie,1916.000000000000000,-87.615979999999993,41.654000000000003,1916-06-07
Wabash Ave near 9th,1916.000000000000000,-87.625901700000000,41.870487590000003,1916-06-08
4028 S Artesian av,1916.000000000000000,-87.686266000000003,41.820492000000002,1916-06-09
Chicago & Sedgwick Ave,1916.000000000000000,-87.638583179999998,41.896511390000001,1916-06-11
Plymouth PL. & Van Buren St.,1916.000000000000000,-87.628755569999996,41.876830769999998,1916-06-13
2700 Federal st.,1916.000000000000000,-87.629946000000004,41.841763000000000,1916-06-17
201 So. Halsted St.,1916.000000000000000,-87.647114999999999,41.879047000000000,1916-06-18
737 Madison @ home,1916.000000000000000,-87.646882000000005,41.881663000000003,1916-06-23
6919 Aberdeen St.,1916.000000000000000,-87.651590999999996,41.768276000000000,1916-06-25
1711 Bloomingdale Rd.,1916.000000000000000,-87.670477000000005,41.914062999999999,1916-06-25
Paulina st and Lawence,1916.000000000000000,-87.671048639999995,41.968839809999999,1916-06-27
2030 Grand Ave.,1916.000000000000000,-87.677689999999998,41.890937000000001,1916-07-01
2917 Dearborn,1916.000000000000000,-87.627716000000007,41.839700000000001,1916-07-05
3722 So. State St.,1916.000000000000000,-87.626683000000000,41.826976999999999,1916-07-06
1435 N. Clark st.,1916.000000000000000,-87.631415000000004,41.908444000000003,1916-07-08
5749 Midway Park,1916.000000000000000,-87.768991999999997,41.888863000000001,1916-07-14
1900 Madison st.,1916.000000000000000,-87.674336999999994,41.881436999999998,1916-07-14
439 Oakdale Ave,1916.000000000000000,-87.640285000000006,41.935462999999999,1916-07-14
439 Oakdale Ave,1916.000000000000000,-87.640285000000006,41.935462999999999,1916-07-14
Sheridan Road and Foster Ave.,1916.000000000000000,-87.654976840000003,41.976305830000001,1916-07-17
671 N. Clark St.,1916.000000000000000,-87.631015000000005,41.894323000000000,1916-07-18
315 N. Oakley,1916.000000000000000,-87.683937999999998,41.887092000000003,1916-07-18
"70th st, between Paulina st. and Hermitage Ave.",1916.000000000000000,-87.666800019999997,41.766526499999998,1916-07-27
4411 Wallace,1916.000000000000000,-87.640614999999997,41.814025999999998,1916-07-29
614 W. 12th st.,1916.000000000000000,-87.642544999999998,41.867336999999999,1916-07-30
1846 N. Mozart St.,1916.000000000000000,-87.698329999999999,41.914780000000000,1916-08-11
54 E 13th st,1916.000000000000000,-87.625506000000001,41.865937000000002,1916-08-12
1057Maxwell,1916.000000000000000,-87.652308000000005,41.864562999999997,1916-08-12
1056 Polk st.,1916.000000000000000,-87.653484000000006,41.871937000000003,1916-08-12
918 Randolph St,1916.000000000000000,-87.650418000000002,41.884537000000002,1916-08-13
1921 Carroll,1916.000000000000000,-87.675014000000004,41.887563000000000,1916-08-21
84th and Brandon,1916.000000000000000,-87.546551230000006,41.742867439999998,1916-08-23
2024 Madison st.,1916.000000000000000,-87.677448999999996,41.881436999999998,1916-08-23
4183 S. Halsted St.,1916.000000000000000,-87.645615000000006,41.818184000000002,1916-08-24
Laramie Ave. & Irving Park Blvd.,1916.000000000000000,-87.757072449999995,41.953043430000001,1916-08-27
930 Barry av,1916.000000000000000,-87.653103999999999,41.938237000000001,1916-08-31
701 E 45th st,1916.000000000000000,-87.608772000000002,41.812992000000001,1916-09-02
3424 Dearborn,1916.000000000000000,-87.627983000000000,41.832293000000000,1916-09-08
2916 Dearborn St,1916.000000000000000,-87.627900999999994,41.839562999999998,1916-09-10
311 W. Superior,1916.000000000000000,-87.636222000000004,41.895426999999998,1916-09-13
4109 So. Ashland Ave.,1916.000000000000000,-87.665030999999999,41.819332000000003,1916-09-13
Sawyer and Ogden,1916.000000000000000,-87.706582549999993,41.857447749999999,1916-09-18
412 S. Clark st.,1916.000000000000000,-87.630882999999997,41.876651000000003,1916-09-20
2322 Indiana,1916.000000000000000,-87.663015000000001,41.923862999999997,1916-09-22
1406 W 13th st,1916.000000000000000,-87.661715999999998,41.865336999999997,1916-09-22
5107 Federal,1916.000000000000000,-87.627808000000002,41.801645000000001,1916-09-23
Elm & Larabee st.,1916.000000000000000,-87.643175130000003,41.902628389999997,1916-09-24
3151 Federal,1916.000000000000000,-87.628764000000004,41.837229000000001,1916-09-24
1303 Mohawk st.,1916.000000000000000,-87.641825999999995,41.905794000000000,1916-10-03
Madison and Desplaines,1916.000000000000000,-87.644162179999995,41.881783440000000,1916-10-04
5434 and 5436 Princeton av,1916.000000000000000,-87.633216000000004,41.795721000000000,1916-10-05
3122 S. State,1916.000000000000000,-87.626969000000003,41.837791000000003,1916-10-06
522 Aberdeen st.,1916.000000000000000,-87.654700000000005,41.881279999999997,1916-10-07
6345 University Ave,1916.000000000000000,-87.597194000000002,41.779054000000002,1916-10-07
4954 Milwaukee,1916.000000000000000,-87.763647000000006,41.970863000000001,1916-10-09
36 W. Randolph St,1916.000000000000000,-87.628980999999996,41.884636999999998,1916-10-09
229 S Marrket,1916.000000000000000,-87.670777999999999,41.850599000000003,1916-10-10
Division & Halsted,1916.000000000000000,-87.648067470000001,41.903618559999998,1916-10-17
1642 W. 47th St,1916.000000000000000,-87.666546999999994,41.808737000000001,1916-10-19
6353 N. Clark,1916.000000000000000,-87.670248000000001,41.997655999999999,1916-10-20
410 N Clark St.,1916.000000000000000,-87.631226999999996,41.889546000000003,1916-10-22
1702 Arthur Ave,1916.000000000000000,-87.673133000000007,42.000737000000001,1916-10-22
3628 S. State st.,1916.000000000000000,-87.626683000000000,41.828415000000000,1916-10-26
2231 S. Leavitt st.,1916.000000000000000,-87.674688000000003,41.922097000000001,1916-10-29
Madison st (1466 W),1916.000000000000000,-87.664016000000004,41.881636999999998,1916-10-30
1153 S State,1916.000000000000000,-87.627215000000007,41.868302000000000,1916-11-01
2400 Wentworth ave.,1916.000000000000000,-87.632082999999994,41.849063000000001,1916-11-02
814 Harrison st.,1916.000000000000000,-87.647568000000007,41.874536999999997,1916-11-05
106th St. bridge & the Calumet River,1916.000000000000000,-87.545585630000005,41.702812870000002,1916-11-08
525 S. Kostner,1916.000000000000000,-87.711115000000007,41.890774000000000,1916-11-11
47th and Dearborn,1916.000000000000000,-87.627103329999997,41.809052450000003,1916-11-11
2724 N. Rockwell St,1916.000000000000000,-87.692982999999998,41.931894000000000,1916-11-11
3130 State,1916.000000000000000,-87.626964999999998,41.837656000000003,1916-11-15
9 W 29th st,1916.000000000000000,-87.744219999999999,41.840299999999999,1916-11-16
1468 W Ohio,1916.000000000000000,-87.664691000000005,41.892637000000001,1916-11-24
1056 Polk st.,1916.000000000000000,-87.653484000000006,41.871937000000003,1916-11-25
326 E 35th,1916.000000000000000,-87.618622000000002,41.831237000000002,1916-11-27
Morgan and Grand,1916.000000000000000,-87.652273179999995,41.891080649999999,1916-11-30
15th & State st.,1916.000000000000000,-87.627339359999993,41.861954460000000,1916-11-30
Hermitage Ave and Augusta St,1916.000000000000000,-87.671070099999994,41.899593920000001,1916-12-01
624 S. May,1916.000000000000000,-87.655299999999997,41.871499999999997,1916-12-02
4500 S. Honore St.,1916.000000000000000,-87.671283000000003,41.812063000000002,1916-12-05
744 Noble,1916.000000000000000,-87.662582999999998,41.895487000000003,1916-12-06
759 Milwaukee,1916.000000000000000,-87.654323000000005,41.895724999999999,1916-12-13
3218 Federal,1916.000000000000000,-87.629058999999998,41.835816000000001,1916-12-13
3900 Federal St.,1916.000000000000000,-87.628776000000002,41.823557999999998,1916-12-14
38th and Emerald,1916.000000000000000,-87.644784450000003,41.825252239999998,1916-12-17
1044 Vernon Park Pl,1916.000000000000000,-87.652917000000002,41.873167000000002,1916-12-18
2111 Wentworth Av.,1916.000000000000000,-87.631614999999996,41.854038000000003,1916-12-19
3600 Lincoln St,1916.000000000000000,-87.674250000000001,41.947460000000000,1916-12-23
3848 Racine Ave.,1916.000000000000000,-87.655778999999995,41.824294999999999,1916-12-25
3032 N. Racine ave.,1916.000000000000000,-87.659082999999995,41.937255000000000,1916-12-25
1400 S Halsted,1916.000000000000000,-87.646983000000006,41.863463000000003,1916-12-26
4812 Broadway,1916.000000000000000,-87.659818000000001,41.969408999999999,1916-12-26
6100 S State,1916.000000000000000,-87.625583000000006,41.783563000000001,1916-12-29
Madison and desplaines sts.,1917.000000000000000,-87.644162179999995,41.881783440000000,1917-01-01
818 W. 38th St,1917.000000000000000,-87.646407999999994,41.825637000000000,1917-01-04
3120 State St,1917.000000000000000,-87.626970000000000,41.837823999999998,1917-01-05
8947 Greenbay Av 3rd/fl.,1917.000000000000000,-87.541368000000006,41.732945000000001,1917-01-06
Hermitage & Madison,1917.000000000000000,-87.670469280000006,41.881384050000001,1917-01-08
100 W. 47th St,1917.000000000000000,-87.628410000000002,41.809336999999999,1917-01-08
447 N. Green st.,1917.000000000000000,-87.648534999999995,41.890343999999999,1917-01-21
1107 N. Winchester Ave.,1917.000000000000000,-87.675815000000000,41.901646999999997,1917-01-27
1161 Cambridge av,1917.000000000000000,-87.642073999999994,41.903295999999997,1917-02-01
41 W. 29th St.,1917.000000000000000,-87.744219999999999,41.840299999999999,1917-02-02
816 Rush st.,1917.000000000000000,-87.625951999999998,41.897157999999997,1917-02-06
3445 Federal st,1917.000000000000000,-87.628866000000002,41.831961000000000,1917-02-15
1861 Milwaukee,1917.000000000000000,-87.685095000000004,41.915509000000000,1917-02-16
479 W. 26th st.,1917.000000000000000,-87.639290000000003,41.845263000000003,1917-02-25
500 So. Halsted St.,1917.000000000000000,-87.647383000000005,41.875495000000001,1917-03-02
2035 Madison St.,1917.000000000000000,-87.678037000000003,41.881163000000001,1917-03-04
6315 S. St. Louis,1917.000000000000000,-87.606082999999998,41.780048000000001,1917-03-04
45th & Prarie,1917.000000000000000,-87.619678969999995,41.812810910000003,1917-03-04
30 S. Kedzie,1917.000000000000000,-87.706282999999999,41.880530999999998,1917-03-14
1500 W. Harrison st.,1917.000000000000000,-87.664236000000002,41.874436000000003,1917-03-15
Crawford and Taylor,1917.000000000000000,-87.725186350000001,41.869033520000002,1917-03-17
1214 Larrabee st.,1917.000000000000000,-87.643405999999999,41.903945999999998,1917-03-20
1300 N. LaSalle,1917.000000000000000,-87.633190999999997,41.905934999999999,1917-03-20
Iowa st and Monticella,1917.000000000000000,-87.717440130000000,41.897166239999997,1917-03-25
3736 W 18th st,1917.000000000000000,-87.719054000000000,41.857236999999998,1917-03-27
4119 Dearborn,1917.000000000000000,-87.627314999999996,41.821849000000000,1917-03-29
6438 Hermitage ave.,1917.000000000000000,-87.667983000000007,41.776878000000004,1917-03-30
1240 W. Huron St.,1917.000000000000000,-87.658797000000007,41.894537000000000,1917-04-02
906 Grace,1917.000000000000000,-87.652276999999998,41.951236999999999,1917-04-04
37th St & LSD MS. R.R,1917.000000000000000,-87.605624199999994,41.828897830000003,1917-04-07
1048 W. Taylor st.,1917.000000000000000,-87.652878000000001,41.869636999999997,1917-04-10
1101 W. 14th,1917.000000000000000,-87.652265999999997,41.863363000000000,1917-04-14
902 Cambridge Ave,1917.000000000000000,-87.641982999999996,41.898201000000000,1917-04-16
Grand and LeClaire,1917.000000000000000,-87.752759459999993,41.916489310000003,1917-04-20
Grand and LeClaire,1917.000000000000000,-87.752759459999993,41.916489310000003,1917-04-20
418 Wells st.,1917.000000000000000,-87.633858000000004,41.876590000000000,1917-04-21
3338 State st,1917.000000000000000,-87.626862000000003,41.833902999999999,1917-04-23
269 W. 24th Pl.,1917.000000000000000,-87.633769000000001,41.848095000000001,1917-04-24
919 Madison st.,1917.000000000000000,-87.650447999999997,41.881563000000000,1917-04-28
1543 Elston Ave.,1917.000000000000000,-87.661411999999999,41.909824000000000,1917-04-28
1289 Clybourn,1917.000000000000000,-87.641651999999993,41.905526000000002,1917-04-29
1154 N. LaSalle st.,1917.000000000000000,-87.633082999999999,41.903336000000003,1917-05-02
117 S. Sangamon st.,1917.000000000000000,-87.650615000000002,41.880102999999998,1917-05-08
2152 W Chicago,1917.000000000000000,-87.680750000000003,41.896037000000000,1917-05-10
4746 W Lake,1917.000000000000000,-87.744190000000003,41.886539999999997,1917-05-13
1048 Taylor St.,1917.000000000000000,-87.652878000000001,41.869636999999997,1917-05-14
Hirsch St. and Lotus Ave.,1917.000000000000000,-87.762007710000006,41.905774510000001,1917-05-15
48th and State Sts,1917.000000000000000,-87.625987530000003,41.807293090000002,1917-05-20
3904 So. State St.,1917.000000000000000,-87.626582999999997,41.823504999999997,1917-05-20
1155 Wilson Ave.,1917.000000000000000,-87.659098999999998,41.965263000000000,1917-05-26
10911 Hoxie av,1917.000000000000000,-87.560514999999995,41.697527000000001,1917-05-27
Roscoe & Western,1917.000000000000000,-87.688150410000006,41.943068949999997,1917-05-27
906 So. Racine Ave,1917.000000000000000,-87.656932999999995,41.870345999999998,1917-05-30
Polk and Halsted,1917.000000000000000,-87.647016050000005,41.871909670000001,1917-05-31
1500 W Polk St,1917.000000000000000,-87.664282999999998,41.871836000000002,1917-06-02
Montrose and Lockwood avs,1917.000000000000000,-87.759797570000003,41.960415560000001,1917-06-02
Prairie Ave & 72nd St,1917.000000000000000,-87.618412969999994,41.763661630000001,1917-06-02
1523 Flournoy St.,1917.000000000000000,-87.664460000000005,41.872762999999999,1917-06-03
Cicero and Washington,1917.000000000000000,-87.745227810000003,41.881703559999998,1917-06-04
1450 Blackhawk,1917.000000000000000,-87.664372999999998,41.907201000000001,1917-06-05
503 N Halsted,1917.000000000000000,-87.647414999999995,41.891362999999998,1917-06-06
538 Bowen,1917.000000000000000,-87.612864999999999,41.819536999999997,1917-06-09
4162 Ogden Ave.,1917.000000000000000,-87.728457000000006,41.849944999999998,1917-06-10
4162 Ogden Ave.,1917.000000000000000,-87.728457000000006,41.849944999999998,1917-06-10
6075 S S=LaSalle,1917.000000000000000,-87.628815000000003,41.783754999999999,1917-06-11
1947 W. Ohio st.,1917.000000000000000,-87.675695000000005,41.892162999999996,1917-06-16
1824 Washtenaw,1917.000000000000000,-87.693353999999999,41.856983000000000,1917-06-19
3321 State St,1917.000000000000000,-87.626315000000005,41.834217000000002,1917-06-23
21 W 47th st,1917.000000000000000,-87.626739999999998,41.809063000000002,1917-06-23
3321 State St.,1917.000000000000000,-87.626315000000005,41.834217000000002,1917-06-23
30 S Canal,1917.000000000000000,-87.639848999999998,41.881452000000003,1917-06-28
9644 Commercial ave.,1917.000000000000000,-87.551182999999995,41.720084999999997,1917-06-30
640 W. Division St.,1917.000000000000000,-87.631383000000000,41.893593000000003,1917-07-01
1620 Newberry av,1917.000000000000000,-87.647867000000005,41.859603999999997,1917-07-03
601 Wells,1917.000000000000000,-87.633915000000002,41.892561999999998,1917-07-05
721 So. Morgan St.,1917.000000000000000,-87.651150999999999,41.872798000000003,1917-07-05
5809 Paulina,1917.000000000000000,-87.666680999999997,41.788300999999997,1917-07-07
21st and Michigan,1917.000000000000000,-87.623884680000003,41.854235320000001,1917-07-10
948 W 60th,1917.000000000000000,-87.648927000000000,41.785237000000002,1917-07-15
245 W. 46th Place,1917.000000000000000,-87.632687000000004,41.810121000000002,1917-07-18
650 W Madison,1917.000000000000000,-87.644283999999999,41.881937000000001,1917-07-18
2944 Grand av,1917.000000000000000,-87.700823999999997,41.896192999999997,1917-07-21
1007 S State st,1917.000000000000000,-87.627215000000007,41.869914999999999,1917-07-22
1831 S Racine,1917.000000000000000,-87.656215000000003,41.857511000000002,1917-07-22
2539 Kedzie ave,1917.000000000000000,-87.704874000000004,41.845568000000000,1917-07-28
#125  3338 S. State st.,1917.000000000000000,-87.626862000000003,41.833902999999999,1917-07-28
828 Maxwell st,1917.000000000000000,-87.647191000000007,41.864936999999998,1917-07-30
88th and Buffalo,1917.000000000000000,-87.544426920000006,41.735598299999999,1917-07-31
1701 Crilly ct.,1917.000000000000000,-87.635615000000001,41.913052000000000,1917-08-03
509 S. Kedzie,1917.000000000000000,-87.705815000000001,41.874678000000003,1917-08-04
2344 Cottage Grove,1917.000000000000000,-87.620401000000001,41.849963000000002,1917-08-07
2520 Wentworth Ave.,1917.000000000000000,-87.632278999999997,41.846938999999999,1917-08-07
2820 Dearborn st.,1917.000000000000000,-87.627994999999999,41.839562999999998,1917-08-09
3536 Liincoln ave.,1917.000000000000000,-87.673119000000000,41.945824999999999,1917-08-11
1427 W. 20th st.,1917.000000000000000,-87.740459999999999,41.854080000000003,1917-08-12
4862 N. Ashland,1917.000000000000000,-87.669684000000004,41.970744000000003,1917-08-13
1751 W. Madison,1917.000000000000000,-87.670529999999999,41.881262999999997,1917-08-23
2910 Wentworth,1917.000000000000000,-87.631944000000004,41.840940000000003,1917-08-25
So. Shore Dr. Between 80th and 81st Sts.,1917.000000000000000,-87.547988889999999,41.749223270000002,1917-09-06
2224 W> 18th st.,1917.000000000000000,-87.706654999999998,41.851264000000000,1917-09-09
45th st. & Marshfield ave.,1917.000000000000000,-87.666199210000002,41.812043240000001,1917-09-10
1847 S. Laflin st.,1917.000000000000000,-87.663515000000004,41.856608999999999,1917-09-14
2724 Dearborn St.,1917.000000000000000,-87.628283999999994,41.844647000000002,1917-09-14
1706 S. halsted st.,1917.000000000000000,-87.646883000000003,41.858938000000002,1917-09-18
2241 Wabash Ave,1917.000000000000000,-87.682742000000005,41.890163000000001,1917-09-21
1720 Sedgewick st.,1917.000000000000000,-87.638827000000006,41.913457999999999,1917-09-24
643 Morgan,1917.000000000000000,-87.651531000000006,41.873593000000000,1917-09-24
3030 Vernon av.,1917.000000000000000,-87.615745000000004,41.840592000000001,1917-09-26
3515 Federal,1917.000000000000000,-87.628805000000000,41.830691999999999,1917-09-28
1664 Vine St,1917.000000000000000,-87.644516999999993,41.911979000000002,1917-09-29
43rd st. & State st.,1917.000000000000000,-87.626287939999997,41.816377240000001,1917-10-02
57th Pl. & Normal Ave,1917.000000000000000,-87.637660499999996,41.789760880000003,1917-10-05
8 E 37th st,1917.000000000000000,-87.626135000000005,41.827537000000000,1917-10-15
337 S. Sacramento Av.,1917.000000000000000,-87.700914999999995,41.876806000000002,1917-10-18
1511 W 14th pl,1917.000000000000000,-87.665819999999997,41.862262999999999,1917-10-18
750 So. Canal St.,1917.000000000000000,-87.639538999999999,41.872655000000002,1917-10-22
4028 S. Campbell,1917.000000000000000,-87.687448000000003,41.820489000000002,1917-10-24
31st & Vernon ave.,1917.000000000000000,-87.615537639999999,41.838362590000003,1917-11-05
4308 W. 63rd st. Vacant lot,1917.000000000000000,-87.730497999999997,41.778737000000000,1917-11-12
4503 Michigan,1917.000000000000000,-87.622714999999999,41.812911000000000,1917-11-16
2649 W. 21st st.,1917.000000000000000,-87.691828999999998,41.853712999999999,1917-11-16
Drake and Fullerton,1917.000000000000000,-87.715530400000006,41.924600069999997,1917-11-18
1616 S. Fairfield ave.,1917.000000000000000,-87.694582999999994,41.858939999999997,1917-11-19
2906 Federal st. 1st fl.,1917.000000000000000,-87.629149999999996,41.841102999999997,1917-11-19
Englewood Ave and Halsted ST.,1917.000000000000000,-87.644720079999999,41.780496939999999,1917-11-20
Ellis Ave & 45th St,1917.000000000000000,-87.601804729999998,41.813034809999998,1917-11-21
732 North Ave.,1917.000000000000000,-87.646681000000001,41.911101000000002,1917-11-30
454 Root st.,1917.000000000000000,-87.637302000000005,41.819186999999999,1917-12-01
2830 Armitage,1917.000000000000000,-87.698387999999994,41.917636999999999,1917-12-04
217 W. 53rd St.,1917.000000000000000,-87.632226000000003,41.798062999999999,1917-12-08
906W. 35th Place,1917.000000000000000,-87.648065000000003,41.829836999999998,1917-12-12
27th & Princeton,1917.000000000000000,-87.634270189999995,41.844021599999998,1917-12-15
1757 W. 47th,1917.000000000000000,-87.669107999999994,41.808463000000003,1917-12-15
214 So. Clark St.,1917.000000000000000,-87.630983000000001,41.878959999999999,1917-12-15
2949 Farrell,1917.000000000000000,-87.652444000000003,41.840282000000002,1917-12-18
5957 Prairie Ave.,1917.000000000000000,-87.618814999999998,41.786428999999998,1917-12-18
10724 Hoxie Ave,1917.000000000000000,-87.560955000000007,41.700463999999997,1917-12-22
461 E. 31st st.,1917.000000000000000,-87.615037999999998,41.838363000000001,1917-12-23
5505 Giddings Ave.,1917.000000000000000,-87.765179000000003,41.966262999999998,1917-12-31
Aberdeen & Van Buren sts.,1917.000000000000000,-87.654504779999996,41.876559159999999,1917-12-31
NW Corner of 39th St & Rhodes Ave,1918.000000000000000,-87.614507680000003,41.823941060000003,1918-01-01
1846 Fulton st.,1918.000000000000000,-87.673027000000005,41.886937000000003,1918-01-05
1807 Van Buren st.,1918.000000000000000,-87.672493000000003,41.876154000000000,1918-01-13
1344 W. 49th pl.,1918.000000000000000,-87.658686000000003,41.804237000000001,1918-01-13
623 N. Sangamon,1918.000000000000000,-87.651297000000000,41.893635000000003,1918-01-18
85 W. Randolph St,1918.000000000000000,-87.630420000000001,41.884363000000000,1918-01-19
North ave. & LaSalle st.,1918.000000000000000,-87.633197310000000,41.911092220000000,1918-01-19
4615 Ravenswood ave.,1918.000000000000000,-87.673913999999996,41.965556999999997,1918-01-23
720 S Paulina,1918.000000000000000,-87.669257000000002,41.872548000000002,1918-01-23
4902 kPrinceton,1918.000000000000000,-87.633443999999997,41.805047999999999,1918-01-24
Wood and 22nd sts.,1918.000000000000000,-87.670941350000007,41.852221470000003,1918-01-24
Crawford Ave. & Arthington St.,1918.000000000000000,-87.725186350000001,41.869832469999999,1918-02-02
3746 State St.,1918.000000000000000,-87.626653000000005,41.826194000000001,1918-02-05
165 E. Ohio st.,1918.000000000000000,-87.623424000000000,41.892412999999998,1918-02-08
31 S. Paulina,1918.000000000000000,-87.669115000000005,41.880949000000001,1918-02-09
33rd & State sts.,1918.000000000000000,-87.626609799999997,41.834637610000001,1918-02-11
3017 Vernon Ave.,1918.000000000000000,-87.615388999999993,41.840764999999998,1918-02-12
2090 Ogden,1918.000000000000000,-87.678884999999994,41.870930999999999,1918-02-15
103 w. 47th st.,1918.000000000000000,-87.628412999999995,41.809063000000002,1918-03-03
619 E 60th,1918.000000000000000,-87.610392000000004,41.785663000000000,1918-03-04
45th & Halsted,1918.000000000000000,-87.645556929999998,41.812331120000003,1918-03-05
3200 State,1918.000000000000000,-87.626932999999994,41.836480999999999,1918-03-10
Laflin and 12th st.,1918.000000000000000,-87.663989070000000,41.866844370000003,1918-03-13
157 W 37th,1918.000000000000000,-87.629416000000006,41.827162999999999,1918-03-13
9528 Ave. N.,1918.000000000000000,-87.539083000000005,41.722459000000001,1918-03-13
124 E. 41st ST,1918.000000000000000,-87.622631999999996,41.820267000000001,1918-03-17
68th and Laflin,1918.000000000000000,-87.661478520000003,41.770287459999999,1918-03-19
1849 W. 20th st.,1918.000000000000000,-87.740459999999999,41.854080000000003,1918-03-20
11 W Monroe,1918.000000000000000,-87.628224000000003,41.880634999999998,1918-03-24
2258 Madison,1918.000000000000000,-87.632182999999998,41.851334999999999,1918-03-28
4333 Wabash Ave.,1918.000000000000000,-87.624414999999999,41.815854999999999,1918-04-01
1150 W. 22nd st.,1918.000000000000000,-87.655092999999994,41.852637000000001,1918-04-05
1664 Madison st.,1918.000000000000000,-87.668370999999993,41.881574000000001,1918-04-06
2632 Madison st.,1918.000000000000000,-87.692421999999993,41.881236999999999,1918-04-12
2632 Madison st.,1918.000000000000000,-87.692421999999993,41.881236999999999,1918-04-13
118 E. 31st st.,1918.000000000000000,-87.623091000000002,41.838537000000002,1918-04-14
69 th and Ashland,1918.000000000000000,-87.663838859999998,41.768415009999998,1918-04-17
4253 Vincennes Ave,1918.000000000000000,-87.613794999999996,41.817233000000002,1918-04-22
Houston Ave & 95th,1918.000000000000000,-87.549748420000000,41.722771209999998,1918-04-24
Northwest Corner Crawford & Potomac Aves.,1918.000000000000000,-87.726345060000000,41.904449010000000,1918-04-24
1146 E. 47th st.,1918.000000000000000,-87.598070000000007,41.809736999999998,1918-04-25
2040 Coulter st,1918.000000000000000,-87.676884000000001,41.849147000000002,1918-04-26
2629 Federal st.,1918.000000000000000,-87.628956000000002,41.845317000000001,1918-04-27
1836 N. Marshfield Ave.,1918.000000000000000,-87.669222000000005,41.914988000000001,1918-05-04
Wood st. & Carroll Ave.,1918.000000000000000,-87.671928410000007,41.887678219999998,1918-05-04
3607 Indiana Ave.,1918.000000000000000,-87.621515000000002,41.829326999999999,1918-05-08
Berteau Ave. and Robey St.,1918.000000000000000,-87.678902149999999,41.957766790000001,1918-05-18
3409 W. 38th pl.,1918.000000000000000,-87.709676000000002,41.823262999999997,1918-05-18
3140 State st.,1918.000000000000000,-87.626960999999994,41.837488000000000,1918-05-18
Oak st and Cambridge,1918.000000000000000,-87.641930579999993,41.900360540000001,1918-05-19
5215 S. Racine,1918.000000000000000,-87.654814999999999,41.799232000000003,1918-05-25
1201 lake st.,1918.000000000000000,-87.656998999999999,41.885362999999998,1918-05-25
761Miller St.,1918.000000000000000,-87.652015000000006,41.872047000000002,1918-05-26
39th Western,1918.000000000000000,-87.684137820000004,41.822981640000002,1918-05-28
36th & Western,1918.000000000000000,-87.684438229999998,41.828482110000003,1918-05-30
728 S. Clark st.,1918.000000000000000,-87.630820999999997,41.873057000000003,1918-05-30
4833 Throop st.,1918.000000000000000,-87.657415000000000,41.806255000000000,1918-06-10
Orleans & Elm sts.,1918.000000000000000,-87.637424469999999,41.902724220000003,1918-06-12
Jackson St. and Racine Ave.,1918.000000000000000,-87.656993869999994,41.877773400000002,1918-06-15
308 W. Jackson Blvd,1918.000000000000000,-87.635474000000002,41.878236999999999,1918-06-19
#506 W. Division st.,1918.000000000000000,-87.641499999999994,41.903837000000003,1918-06-22
Taylor and Clinton Sts,1918.000000000000000,-87.640814779999999,41.869720610000002,1918-06-23
18 E. 28th St.,1918.000000000000000,-87.626131000000001,41.843474999999998,1918-06-26
24th St. & Michigan,1918.000000000000000,-87.623691559999997,41.849264529999999,1918-07-04
1932 W. 63 St.,1918.000000000000000,-87.672926000000004,41.779518000000003,1918-07-04
2815 Shields Av,1918.000000000000000,-87.635215000000002,41.842278000000000,1918-07-05
136th st. between Ave.L & Ave. K,1918.000000000000000,-87.535597089999996,41.648761309999998,1918-07-16
30th & State st.,1918.000000000000000,-87.626760009999998,41.839513619999998,1918-07-20
30th st. & State,1918.000000000000000,-87.626760009999998,41.839513619999998,1918-07-20
4501 Armitage ave.,1918.000000000000000,-87.739013000000000,41.916862999999999,1918-07-20
100th st. & Ewing Ave.,1918.000000000000000,-87.535629000000000,41.713802000000001,1918-07-24
4547 State,1918.000000000000000,-87.625967000000003,41.812102000000003,1918-07-26
1325 W Van Buren st,1918.000000000000000,-87.660086000000007,41.876333000000002,1918-07-31
at May st. and Grand Ave.,1918.000000000000000,-87.655792239999997,41.891096630000000,1918-08-01
558 W. 37th st,1918.000000000000000,-87.640420000000006,41.827337000000000,1918-08-04
5756 May st,1918.000000000000000,-87.653728000000001,41.789495000000002,1918-08-05
5215 Dearborn st.,1918.000000000000000,-87.626715000000004,41.799227999999999,1918-08-07
1427 W. 16th st.,1918.000000000000000,-87.662127999999996,41.859530999999997,1918-08-08
44th st. Hermitage ave,1918.000000000000000,-87.668688299999999,41.813866439999998,1918-08-09
104th & Muskezon ave.,1918.000000000000000,-87.554984090000005,41.706337259999998,1918-08-09
4651 S. State,1918.000000000000000,-87.625915000000006,41.810077999999997,1918-08-13
49th st. & Hoyne ave.,1918.000000000000000,-87.677056789999995,41.806525360000002,1918-08-14
826 Cambridge Ave.,1918.000000000000000,-87.641982999999996,41.896917999999999,1918-08-17
329 S Ashland,1918.000000000000000,-87.666515000000004,41.877191000000003,1918-08-20
3649 Emerald Av,1918.000000000000000,-87.644615000000002,41.828060000000001,1918-08-24
638 W. 18th st.,1918.000000000000000,-87.643260960000006,41.857719439999997,1918-08-24
5000 S. Ashland,1918.000000000000000,-87.664983000000007,41.802962999999998,1918-08-28
2819 Indiana,1918.000000000000000,-87.622214999999997,41.842554000000000,1918-08-29
411 Blackhawk,1918.000000000000000,-87.638998999999998,41.909063000000003,1918-08-31
508 So. Kildare Ave.,1918.000000000000000,-87.732900000000001,41.876280000000001,1918-09-01
30th & Lawndale,1918.000000000000000,-87.717010970000004,41.838714299999999,1918-09-02
5741 Drexel Av,1918.000000000000000,-87.603515000000002,41.790632000000002,1918-09-09
12357 Parnell ave.,1918.000000000000000,-87.635458999999997,41.669590999999997,1918-09-12
Taylor and Racine Ave,1918.000000000000000,-87.656757830000004,41.869385059999999,1918-09-12
Jefferson and Madison,1918.000000000000000,-87.642638680000005,41.881831370000000,1918-09-13
1521 N. Clark st.,1918.000000000000000,-87.631477000000004,41.910063999999998,1918-09-13
Wood & Ohio Sts.,1918.000000000000000,-87.672014239999996,41.892294620000001,1918-09-28
2448 25th st.,1918.000000000000000,-87.687191999999996,41.846721000000002,1918-09-28
Wellington st. and Ashland Ave.,1918.000000000000000,-87.668495179999994,41.936030010000003,1918-09-28
812 W. 19th St.,1918.000000000000000,-87.646968000000001,41.856836999999999,1918-09-29
North Av and Elston Av,1918.000000000000000,-87.662100789999997,41.910677040000003,1918-09-30
111 W. North ave,1918.000000000000000,-87.632091000000003,41.911062999999999,1918-10-01
850 S. Morgan st.,1918.000000000000000,-87.651343999999995,41.871310999999999,1918-10-01
3920 Roscoe St.,1918.000000000000000,-87.725645000000000,41.942872000000001,1918-10-03
#9 N. Oakley Ave.,1918.000000000000000,-87.683814999999996,41.881506000000002,1918-10-05
5260 S. Wabash ave.,1918.000000000000000,-87.669782999999995,41.891435000000001,1918-10-05
4055 So. Wells St.,1918.000000000000000,-87.632115999999996,41.820183000000000,1918-10-11
Jackson Blvd. & Halsted st.,1918.000000000000000,-87.647230629999996,41.877933169999999,1918-10-12
95th St. & Calumet,1918.000000000000000,-87.615365980000007,41.721842299999999,1918-10-14
4446 State St.,1918.000000000000000,-87.626383000000004,41.813948000000003,1918-10-15
1343 kolin av,1918.000000000000000,-87.733470999999994,41.863407000000002,1918-10-16
1137 Fulton st.,1918.000000000000000,-87.638114999999999,41.903646000000002,1918-10-22
2146 W. Ohio,1918.000000000000000,-87.680573999999993,41.892336999999998,1918-10-25
159 N Elizabeth st.,1918.000000000000000,-87.658651000000006,41.884763999999997,1918-10-26
2137 Southport ave.,1918.000000000000000,-87.662982999999997,41.921025000000000,1918-10-26
2700 Dearborn St.,1918.000000000000000,-87.628283999999994,41.844712999999999,1918-10-31
2653 Lake St.,1918.000000000000000,-87.693090999999995,41.884329000000001,1918-11-02
314 S Hamilton,1918.000000000000000,-87.680428000000006,41.878081999999999,1918-11-06
Division & Wells,1918.000000000000000,-87.634506230000000,41.903794230000003,1918-11-07
208 E 37th st.,1918.000000000000000,-87.621257999999997,41.827537000000000,1918-11-08
Union & Ohio sts.,1918.000000000000000,-87.645814419999994,41.892262670000001,1918-11-11
75 S. State st.,1918.000000000000000,-87.627615000000006,41.881189999999997,1918-11-11
1908 W. 17th,1918.000000000000000,-87.673947999999996,41.858736999999998,1918-11-11
2553 S. State st.,1918.000000000000000,-87.626615000000001,41.846179999999997,1918-11-11
85th & Buffalo,1918.000000000000000,-87.544083599999993,41.741106270000003,1918-11-12
Adams & Sangamon sts.,1918.000000000000000,-87.650771140000003,41.879115440000000,1918-11-12
1311 S. Loomis st.,1918.000000000000000,-87.661315000000002,41.864919999999998,1918-11-16
Archer Ave & Robey st.,1918.000000000000000,-87.675297259999994,41.831759790000000,1918-11-17
3200 S. State,1918.000000000000000,-87.626932999999994,41.836480999999999,1918-11-23
4135 S. Campbell ave.,1918.000000000000000,-87.687015000000002,41.818708000000001,1918-11-24
11352 Langley ave.,1918.000000000000000,-87.606082999999998,41.688262999999999,1918-11-24
1 S Dearborn,1918.000000000000000,-87.629215000000002,41.881863000000003,1918-11-25
"Archer Ave, between 36th and 37th Sts.",1918.000000000000000,-87.681627270000007,41.827986449999997,1918-11-26
501 W Oak,1918.000000000000000,-87.641292000000007,41.900263000000002,1918-11-30
1456 N Wahtenaw,1918.000000000000000,-87.694682999999998,41.907601000000000,1918-11-30
1853 So. Ashland Ave.,1918.000000000000000,-87.665914999999998,41.856555000000000,1918-12-01
11534 Front Av,1918.000000000000000,-87.612833980000005,41.684547000000002,1918-12-02
24th & Michigan Av,1918.000000000000000,-87.623691559999997,41.849264529999999,1918-12-05
Robey st. & Augusta st.,1918.000000000000000,-87.677142619999998,41.899546010000002,1918-12-07
31st & State st.,1918.000000000000000,-87.626674179999995,41.838266670000003,1918-12-07
"Irving Park Blvd., by Ashland ave",1918.000000000000000,-87.669053079999998,41.954224300000000,1918-12-07
1337 Augusta,1918.000000000000000,-87.661606000000006,41.899662999999997,1918-12-09
2502 Wabash Ave.,1918.000000000000000,-87.625573000000003,41.847029999999997,1918-12-09
1612 Fullerton,1918.000000000000000,-87.668627999999998,41.925336999999999,1918-12-10
Thomas st. on Crawford ave.,1918.000000000000000,-87.726044650000006,41.900743839999997,1918-12-10
736 W. Van Buren St,1918.000000000000000,-87.645921999999999,41.876837000000002,1918-12-11
720 So. Aberdeen St.,1918.000000000000000,-87.654454000000001,41.872425999999997,1918-12-14
55th and Wentworth,1918.000000000000000,-87.630450730000007,41.794256359999999,1918-12-14
4500 Calumet Ave.,1918.000000000000000,-87.618382999999994,41.812863000000000,1918-12-18
451 E. 31st St.,1918.000000000000000,-87.615099000000001,41.838363000000001,1918-12-18
3207 Federal st.,1918.000000000000000,-87.628701000000007,41.835976000000002,1918-12-19
S.E. Corner Taylor st. & Racine ave.,1918.000000000000000,-87.656607629999996,41.869305169999997,1918-12-21
2458 Wentworth Av,1918.000000000000000,-87.632159000000001,41.848095000000001,1918-12-24
3729 State,1918.000000000000000,-87.626315000000005,41.826886000000002,1918-12-24
531 N. Wells St,1918.000000000000000,-87.633915000000002,41.891762999999997,1918-12-24
26th & Whipple sts.,1918.000000000000000,-87.701368329999994,41.844533120000001,1918-12-24
914 Milwaukee ave.,1918.000000000000000,-87.658876000000006,41.898344000000002,1918-12-26
NE corner Bryn Mawr and Broadway,1918.000000000000000,-87.659890649999994,41.983643370000003,1918-12-26
2414 Cottage Grove Ave,1918.000000000000000,-87.619836000000006,41.849963000000002,1918-12-28
alley between State and Wabash on 7th st.,1918.000000000000000,-87.626523969999994,41.873171929999998,1918-12-30
1657 Harrison,1918.000000000000000,-87.668011000000007,41.874063000000000,1918-12-31
10623 State st.,1919.000000000000000,-87.623137000000000,41.701366000000000,1919-01-01
1336 W. Ohio St,1919.000000000000000,-87.661080999999996,41.892637000000001,1919-01-04
829 S. DesPlaines st.,1919.000000000000000,-87.643614999999997,41.871738999999998,1919-01-04
34th and State st,1919.000000000000000,-87.626545429999993,41.832846979999999,1919-01-06
4412 Federal St.,1919.000000000000000,-87.628539000000004,41.814529999999998,1919-01-07
4720 N. Kilbourn ave.,1919.000000000000000,-87.741584000000003,41.966746999999998,1919-01-08
3436 S. Western Ave,1919.000000000000000,-87.685182999999995,41.831007999999997,1919-01-08
4308 Ashland,1919.000000000000000,-87.669397000000004,41.960054999999997,1919-01-11
35th and State St.,1919.000000000000000,-87.626588339999998,41.830992350000002,1919-01-13
48th st. between Wood and Honore sts.,1919.000000000000000,-87.670319079999999,41.806621319999998,1919-01-15
44th & Michigan,1919.000000000000000,-87.623026370000005,41.814554119999997,1919-01-16
1466 Madison st.,1919.000000000000000,-87.664016000000004,41.881636999999998,1919-01-19
631 S. Sangamon st.,1919.000000000000000,-87.665678999999997,41.779133000000002,1919-01-20
411 S. Leavitt st.,1919.000000000000000,-87.681214999999995,41.875973000000002,1919-01-22
513 W. 13th st.,1919.000000000000000,-87.747360000000000,41.863999999999997,1919-01-24
Vicinity of Clark and Barry Ave,1919.000000000000000,-87.648904320000000,41.937801790000002,1919-01-24
Hoyne Ave & Ohio St,1919.000000000000000,-87.679374220000000,41.892198780000001,1919-01-24
30th st. between Dearborn and State,1919.000000000000000,-87.627489569999995,41.839545590000000,1919-01-25
1331 Hollywood Ave.,1919.000000000000000,-87.663940999999994,41.985363000000000,1919-01-27
16th & Michigan Ave.,1919.000000000000000,-87.624013419999997,41.860308430000003,1919-01-28
2nd Fl. 323 Polk,1919.000000000000000,-87.637392000000006,41.871903000000003,1919-01-30
1012 N Clark,1919.000000000000000,-87.631504000000007,41.900855000000000,1919-02-01
74th st. & St. Lawrence,1919.000000000000000,-87.610344889999993,41.760188399999997,1919-02-02
in front of 1648 N. LaSalle st.,1919.000000000000000,-87.633336000000000,41.912030000000001,1919-02-03
524 N Ashland,1919.000000000000000,-87.612607999999994,41.780436999999999,1919-02-04
43rd St. & Wentworth,1919.000000000000000,-87.631158830000004,41.816265299999998,1919-02-07
Odgon & Kenneth Ave,1919.000000000000000,-87.735486030000004,41.847218560000002,1919-02-10
3331 S. State st.,1919.000000000000000,-87.626315000000005,41.834043999999999,1919-02-10
260 W. 23rd Pl.,1919.000000000000000,-87.633605000000003,41.850177000000002,1919-02-10
5002 S. Morgan st.,1919.000000000000000,-87.650383000000005,41.803120000000000,1919-02-13
1403 S Halsted,1919.000000000000000,-87.646614999999997,41.863388000000000,1919-02-15
3028 S. Dearborn st.,1919.000000000000000,-87.629199999999997,41.875540000000001,1919-02-15
1255 Madison St,1919.000000000000000,-87.659098000000000,41.881462999999997,1919-02-20
2601 Wentworth Ave.,1919.000000000000000,-87.631715000000000,41.845357000000000,1919-02-21
3018 Milwaukee av.,1919.000000000000000,-87.719156999999996,41.936075000000002,1919-02-24
3365 Indiana Ave.,1919.000000000000000,-87.621615000000006,41.833562999999998,1919-02-28
132 W. 31st St.,1919.000000000000000,-87.629284999999996,41.838436999999999,1919-03-01
5742 W 64th Pl,1919.000000000000000,-87.765097999999995,41.775393000000001,1919-03-02
920 S Halsted St,1919.000000000000000,-87.647283000000002,41.870604000000000,1919-03-02
218 W. 23 St.,1919.000000000000000,-87.632632999999998,41.851114000000003,1919-03-05
1810 W. North Ave.,1919.000000000000000,-87.673090999999999,41.910696000000002,1919-03-06
13551 Burley Ave,1919.000000000000000,-87.544515000000004,41.649076999999998,1919-03-13
3801 S. LaSalle st.,1919.000000000000000,-87.629474999999999,41.823954999999998,1919-03-15
41st and Ashland,1919.000000000000000,-87.665233610000001,41.819543600000003,1919-03-20
4133 N. Kezie Ave,1919.000000000000000,-87.707914000000002,41.956867000000003,1919-03-21
1261 N. LaSalle,1919.000000000000000,-87.632774999999995,41.905045000000001,1919-03-21
2050 W. 23rd st.,1919.000000000000000,-87.677594999999997,41.850436999999999,1919-03-24
93rd St & Anthony Ave,1919.000000000000000,-87.554125790000001,41.726422620000001,1919-03-26
Wilson ave. & Broadway,1919.000000000000000,-87.657444479999995,41.965393659999997,1919-03-31
3127 So. State St.,1919.000000000000000,-87.626399000000006,41.837729000000003,1919-04-01
3829 Grand Blvd,1919.000000000000000,-87.722476999999998,41.904460999999998,1919-04-01
1243 N. wood St.,1919.000000000000000,-87.672214999999994,41.904552000000002,1919-04-03
531 Bowen Ave,1919.000000000000000,-87.612966000000000,41.819262999999999,1919-04-05
46th St. and Loomis St.,1919.000000000000000,-87.660148140000004,41.810363930000001,1919-04-07
4106 Federal,1919.000000000000000,-87.628682999999995,41.820425999999998,1919-04-08
651 E. 39th ST,1919.000000000000000,-87.611161999999993,41.823763000000000,1919-04-09
1958 W. Huron st.,1919.000000000000000,-87.675972999999999,41.894236999999997,1919-04-10
17 W. Quincy,1919.000000000000000,-87.630195000000001,41.878596999999999,1919-04-14
Polk & Mller sts.,1919.000000000000000,-87.652316089999999,41.871829779999999,1919-04-17
Huron and Orleans Sts.,1919.000000000000000,-87.637145520000004,41.894738459999999,1919-04-18
1702 W. 44th St.,1919.000000000000000,-87.667747000000006,41.814137000000002,1919-04-18
38th Indiana,1919.000000000000000,-87.621631620000002,41.825540060000002,1919-04-19
Crawford Ave. & Division St,1919.000000000000000,-87.726109030000003,41.902548539999998,1919-04-20
33rd ST. and Hoyne Av.,1919.000000000000000,-87.677829270000004,41.833998100000002,1919-04-21
Halsted St. between 102nd & 103rd,1919.000000000000000,-87.642853259999995,41.707923180000002,1919-04-23
1040 N. Franklin St,1919.000000000000000,-87.634782999999999,41.902324999999998,1919-04-25
3749 Halsted st.,1919.000000000000000,-87.645814999999999,41.825330000000001,1919-04-26
S.W. Cor. 13th st. & Wabash ave.,1919.000000000000000,-87.626051899999993,41.865470119999998,1919-04-26
1239 S. Karlov Ave.,1919.000000000000000,-87.727414999999993,41.865363000000002,1919-04-28
N.W. corner of 37th & State Sts.,1919.000000000000000,-87.626309390000003,41.827458800000002,1919-05-01
3650 Rhodes Ave,1919.000000000000000,-87.614582999999996,41.828307000000002,1919-05-01
37th & State sts.,1919.000000000000000,-87.626459600000004,41.827298910000003,1919-05-01
3556 E. 92nd St.,1919.000000000000000,-87.578140000000005,41.727899999999998,1919-05-03
31st & Wells st.,1919.000000000000000,-87.628991600000006,41.838218710000000,1919-05-05
3240 Lowe Ave,1919.000000000000000,-87.642741000000001,41.835501999999998,1919-05-07
2133 Freemont st.,1919.000000000000000,-87.650851000000003,41.920620999999997,1919-05-08
6355 S. Central ave.,1919.000000000000000,-87.761472999999995,41.776809000000000,1919-05-12
1842 Monroe,1919.000000000000000,-87.672109000000006,41.880237000000001,1919-05-14
Ohio st. near Oakley Blvd,1919.000000000000000,-87.684309479999996,41.892118920000001,1919-05-14
4731 s State,1919.000000000000000,-87.625915000000006,41.808669999999999,1919-05-15
at 61st. And Vernon Ave.,1919.000000000000000,-87.614486220000003,41.783793070000002,1919-05-17
22nd St & Michigan Ave,1919.000000000000000,-87.623820300000006,41.852860800000002,1919-05-21
35th & Iron Sts,1919.000000000000000,-87.659332750000004,41.830576649999998,1919-05-23
2432 Ridgeway Ave.,1919.000000000000000,-87.720819000000006,41.925226000000002,1919-05-24
51st and Wentworth,1919.000000000000000,-87.630622389999999,41.801678830000000,1919-05-25
5015 Kimberly ave.,1919.000000000000000,-87.744828999999996,41.971640000000001,1919-05-25
1655 W. 14th st.,1919.000000000000000,-87.667658000000003,41.863107999999997,1919-05-25
4327 Ellis Ave,1919.000000000000000,-87.601614999999995,41.816347000000000,1919-05-29
1121 S. Lincoln st.,1919.000000000000000,-87.668379999999999,41.669420000000002,1919-06-03
4458 Wood st.,1919.000000000000000,-87.671325999999993,41.812964999999998,1919-06-04
2866 W. 23rd St.,1919.000000000000000,-87.697744000000000,41.850172000000001,1919-06-08
in rear of 2324 Wentworth Ave.,1919.000000000000000,-87.632182999999998,41.850344999999997,1919-06-08
518 N. Clark st.,1919.000000000000000,-87.631282999999996,41.891317000000001,1919-06-10
3278 Archer ave.,1919.000000000000000,-87.671136000000004,41.834574000000003,1919-06-12
2889 Milwaukee Ave.,1919.000000000000000,-87.714851999999993,41.933824000000001,1919-06-14
2700 Normal,1919.000000000000000,-87.640083000000004,41.844363000000001,1919-06-15
3237 Indiana Ave.,1919.000000000000000,-87.621675999999994,41.835799000000002,1919-06-20
55th & Princeton Ave,1919.000000000000000,-87.632939820000004,41.794048390000000,1919-06-22
447 W. 22nd st.,1919.000000000000000,-87.638296999999994,41.851962999999998,1919-06-24
1518 Augusta st.,1919.000000000000000,-87.665982000000000,41.899892999999999,1919-06-29
5152 S. LaSalle st.,1919.000000000000000,-87.632300000000001,41.880139999999997,1919-06-30
405 W. 26th st.,1919.000000000000000,-87.636860999999996,41.845362000000002,1919-07-03
93rd and Halsted Sts.,1919.000000000000000,-87.643303869999997,41.724997309999999,1919-07-05
3339 Lincoln Ave.,1919.000000000000000,-87.670230000000004,41.942239999999998,1919-07-06
3339 Lincoln Ave,1919.000000000000000,-87.670230000000004,41.942239999999998,1919-07-06
6441 S. Seeley Ave,1919.000000000000000,-87.674873000000005,41.776738000000002,1919-07-07
Racine & Grand Ave.,1919.000000000000000,-87.657380099999997,41.891032729999999,1919-07-15
2702 State st.,1919.000000000000000,-87.551480999999995,41.630136999999998,1919-07-17
658 N. LaSalle,1919.000000000000000,-87.632805000000005,41.894164000000004,1919-07-17
3rd fl. 906 S. Clinton st.,1919.000000000000000,-87.640983000000006,41.870424999999997,1919-07-18
1103 Lytle St.,1919.000000000000000,-87.657763000000003,41.868169000000002,1919-07-21
1103 Lytle St.,1919.000000000000000,-87.657763000000003,41.868169000000002,1919-07-21
4529 N. Karlov ave.,1919.000000000000000,-87.730114000000000,41.963099000000000,1919-07-26
Kedzie ave between 45th & 46th sts.,1919.000000000000000,-87.704007630000007,41.810747780000000,1919-07-27
35th between State and Michigan,1919.000000000000000,-87.624893189999995,41.830976360000001,1919-07-28
State and Root st,1919.000000000000000,-87.626395230000000,41.819175799999996,1919-07-28
38th pl. & Ashalnd ave.,1919.000000000000000,-87.665448190000006,41.824132939999998,1919-07-28
3618 S. State st,1919.000000000000000,-87.626683000000000,41.828538000000002,1919-07-28
at 35th and Wabash Ave.,1919.000000000000000,-87.624528409999996,41.830992350000002,1919-07-28
47th St. &  Normal Ave,1919.000000000000000,-87.638175489999995,41.808860520000003,1919-07-28
37th St. & Rhodes Ave,1919.000000000000000,-87.614464760000004,41.827506769999999,1919-07-28
35th & Wabash Ave,1919.000000000000000,-87.624506949999997,41.830976360000001,1919-07-28
35th & Wabash,1919.000000000000000,-87.624506949999997,41.830976360000001,1919-07-28
"3642 S, State st,",1919.000000000000000,-87.626683000000000,41.828242000000003,1919-07-28
35th & Wabash,1919.000000000000000,-87.624506949999997,41.830976360000001,1919-07-28
51st st near Federal & Dearborn sts.,1919.000000000000000,-87.627425189999997,41.801806790000001,1919-07-28
46th and Cottage Grove,1919.000000000000000,-87.606568339999995,41.811211589999999,1919-07-29
Adams and Wabash,1919.000000000000000,-87.626116280000005,41.879482889999998,1919-07-29
51st and Wabash Ave.,1919.000000000000000,-87.624228000000002,41.801854779999999,1919-07-29
839 Lytle st,1919.000000000000000,-87.658114999999995,41.870944000000001,1919-07-29
43rd St. & Vincennes,1919.000000000000000,-87.614142889999997,41.816521170000001,1919-07-29
Root St and Emerald Ave,1919.000000000000000,-87.644569869999998,41.818951920000003,1919-07-29
Van Buren & State sts.,1919.000000000000000,-87.627682690000000,41.876894679999999,1919-07-29
2920 S. State st.,1919.000000000000000,-87.627059000000003,41.841326000000002,1919-07-30
495 State,1919.000000000000000,-87.627430000000004,41.875886000000001,1919-07-30
4404 S. Ashland Ave.,1919.000000000000000,-87.665283000000002,41.813896999999997,1919-07-30
3825 Rhodes ave.,1919.000000000000000,-87.614215000000002,41.825163000000003,1919-07-30
43rd st. & Union ave.,1919.000000000000000,-87.643282409999998,41.816169350000003,1919-07-30
in front of 905 Taylor st.,1919.000000000000000,-87.649144000000007,41.869363000000000,1919-07-31
454 E 47th st,1919.000000000000000,-87.614952000000002,41.809536999999999,1919-08-05
Bryan Mawr Ave and Broadway,1919.000000000000000,-87.660105229999999,41.983515760000003,1919-08-05
532 Arlington Place,1919.000000000000000,-87.642221000000006,41.926929999999999,1919-08-05
147 W. 103rd St.,1919.000000000000000,-87.627470000000002,41.706963000000002,1919-08-08
S.E. corner of 101st St. & Ave N.,1919.000000000000000,-87.538762090000006,41.711815710000003,1919-08-09
67th st. & Kedzie ave.,1919.000000000000000,-87.702913280000004,41.771551729999999,1919-08-09
Bryn Mawr & Sheridan Rd.,1919.000000000000000,-87.655148510000004,41.983739069999999,1919-08-23
343 E. 43rd st.,1919.000000000000000,-87.617986000000002,41.816462999999999,1919-08-23
343 E. 43rd st.,1919.000000000000000,-87.617986000000002,41.816462999999999,1919-08-23
59th Halsted,1919.000000000000000,-87.644913200000005,41.786849040000000,1919-08-25
59th & Halsted,1919.000000000000000,-87.644913200000005,41.786849040000000,1919-08-25
4220 W. Adams St,1919.000000000000000,-87.731093999999999,41.878036999999999,1919-08-30
3102 Wentworth Ave,1919.000000000000000,-87.631883000000002,41.838031000000001,1919-08-31
Morgan & Harrison st.,1919.000000000000000,-87.651779649999995,41.874290379999998,1919-08-31
2222 Wabash Ave,1919.000000000000000,-87.631815000000003,41.852048000000003,1919-09-01
13th St.; Kostner Ave,1919.000000000000000,-87.734842299999997,41.864095839999997,1919-09-08
950 W. Madison st.,1919.000000000000000,-87.651303999999996,41.881836999999997,1919-09-10
2908 Vernon ave.,1919.000000000000000,-87.615782999999993,41.841904000000000,1919-09-11
628 Maxwell St.,1919.000000000000000,-87.641872000000006,41.816163000000003,1919-09-14
5815 Throop St.,1919.000000000000000,-87.656991000000005,41.788338000000003,1919-09-14
4748 Wood st.,1919.000000000000000,-87.669983000000002,41.807676000000001,1919-09-15
661 Roscoe St,1919.000000000000000,-87.646868999999995,41.943480000000001,1919-09-22
57th & Halsted sts.,1919.000000000000000,-87.645020479999999,41.790496810000000,1919-09-22
5901 State st.,1919.000000000000000,-87.625315000000001,41.787246000000003,1919-09-28
6417 Steward ave.,1919.000000000000000,-87.634815000000003,41.777735999999997,1919-09-29
45th & Loomis st.,1919.000000000000000,-87.660276890000006,41.812155189999999,1919-10-08
2445 Cottage Grove Ave.,1919.000000000000000,-87.619707000000005,41.850237000000000,1919-10-11
178 W. VanBuren St.,1919.000000000000000,-87.633340000000004,41.877037000000001,1919-10-12
5753 Peoria St.,1919.000000000000000,-87.647261999999998,41.789653000000001,1919-10-17
Kimball Av and Addison,1919.000000000000000,-87.712633609999997,41.946532259999998,1919-10-25
On Archer Ave. about 200 ft. west of Sacramento Av,1919.000000000000000,-87.700059409999994,41.816585140000001,1919-10-28
539 E. 43rd st.,1919.000000000000000,-87.612498000000002,41.816586999999998,1919-11-04
2976 S. State st.,1919.000000000000000,-87.627009000000001,41.840113000000002,1919-11-06
700 N Dearborn,1919.000000000000000,-87.629883000000007,41.895040999999999,1919-11-09
505 Oakwood Blvd.,1919.000000000000000,-87.613922000000002,41.822563000000002,1919-11-09
4420 W. 63rs st.,1919.000000000000000,-87.733239999999995,41.778675999999997,1919-11-15
2916 S. Michigan Ave.,1919.000000000000000,-87.623683000000000,41.841580000000000,1919-11-19
2715 So. Michigan Ave.,1919.000000000000000,-87.623215000000002,41.843902000000000,1919-11-21
112th St. & Cottage Grove Ave.,1919.000000000000000,-87.610194680000006,41.690908589999999,1919-11-22
1220 W. 49th Place,1919.000000000000000,-87.655722999999995,41.804312000000003,1919-11-23
4158 S. Campbell Ave.,1919.000000000000000,-87.687383999999994,41.818323999999997,1919-11-24
4158 S. Campbell ave.,1919.000000000000000,-87.687383999999994,41.818323999999997,1919-11-25
6135 S Halsted st,1919.000000000000000,-87.644715000000005,41.782359000000000,1919-11-28
1441 So. State St.,1919.000000000000000,-87.627044999999995,41.862889000000003,1919-11-28
6955 Cottage Grove Ave,1919.000000000000000,-87.605514999999997,41.768959000000002,1919-12-02
3658 Wabash Ave.,1919.000000000000000,-87.625083000000004,41.828147000000001,1919-12-05
905 S State,1919.000000000000000,-87.627215000000007,41.870441999999997,1919-12-08
4728 Dearborn,1919.000000000000000,-87.627382999999995,41.808971000000000,1919-12-09
89th & South Chicago. Ave,1919.000000000000000,-87.560176850000005,41.733260459999997,1919-12-10
1036 E. 43rd st.,1919.000000000000000,-87.600341999999998,41.817036999999999,1919-12-10
2218 wentworth,1919.000000000000000,-87.632182999999998,41.852353999999998,1919-12-11
3447 W. 51st st.,1919.000000000000000,-87.710203000000007,41.800562999999997,1919-12-17
1738 Hastings st.,1919.000000000000000,-87.669811999999993,41.864296000000003,1919-12-19
709 N. Clark,1919.000000000000000,-87.609376999999995,41.822577000000003,1919-12-21
11705 Indiana Ave.,1919.000000000000000,-87.617715000000004,41.681229999999999,1919-12-23
2205 Wentworth,1919.000000000000000,-87.631815000000003,41.852578000000001,1919-12-27
445 W 59th st,1919.000000000000000,-87.636852000000005,41.787032000000004,1919-12-30
1518 E. 55th st.,1920.000000000000000,-87.587992000000000,41.795337000000004,1920-01-05
N.W. of Clark & Montrose,1920.000000000000000,-87.666199210000002,41.961755850000003,1920-01-06
3817 Parnell Ave.,1920.000000000000000,-87.639714999999995,41.825046999999998,1920-01-10
2300 Division st.,1920.000000000000000,-87.684792000000002,41.903227999999999,1920-01-10
735 Rush st.,1920.000000000000000,-87.625315000000001,41.895930000000000,1920-01-13
307 N. Ashland,1920.000000000000000,-87.666815000000000,41.887096000000000,1920-01-17
900 N fairfield,1920.000000000000000,-87.695690999999997,41.897633999999996,1920-01-20
1440 W. Van Buren st.,1920.000000000000000,-87.662845000000004,41.876536999999999,1920-01-25
9224 Brandan Ave,1920.000000000000000,-87.547055000000000,41.727787999999997,1920-01-26
2209 Milwaukee Ave,1920.000000000000000,-87.694164000000001,41.921156000000003,1920-01-31
110 W. Garfield,1920.000000000000000,-87.628258000000002,41.794736999999998,1920-02-03
1564 N Halsted,1920.000000000000000,-87.648418000000007,41.910305999999999,1920-02-03
4017 Irving Park Blvd,1920.000000000000000,-87.727997000000002,41.953536000000000,1920-02-09
7901 Stony Island Ave,1920.000000000000000,-87.585510999999997,41.751061999999997,1920-02-12
4335 Hermitage ave.,1920.000000000000000,-87.672151999999997,41.960419000000002,1920-02-27
35th & Wabash ave.,1920.000000000000000,-87.624506949999997,41.830976360000001,1920-03-02
35th and Wallace,1920.000000000000000,-87.641222479999996,41.830800480000001,1920-03-17
1645 W. 47th st.,1920.000000000000000,-87.666582000000005,41.808463000000003,1920-03-20
1340 Ohio St,1920.000000000000000,-87.661147000000000,41.892637000000001,1920-03-21
3519 Vernon,1920.000000000000000,-87.615314999999995,41.827202999999997,1920-03-23
3232 Warren ave,1920.000000000000000,-87.707016999999993,41.882018000000002,1920-03-27
3650 W. Chicago Ave,1920.000000000000000,-87.717951999999997,41.895637000000001,1920-03-29
Iowa St. & Lawndale Ave,1920.000000000000000,-87.718684670000002,41.897134289999997,1920-03-29
Sunnyside av and Broadway,1920.000000000000000,-87.656285760000003,41.963574780000002,1920-03-30
Clark & Washington sts.,1920.000000000000000,-87.630922790000000,41.883205269999998,1920-04-06
California & George,1920.000000000000000,-87.697656150000000,41.934369920000002,1920-04-07
404 E 42nd St,1920.000000000000000,-87.616320999999999,41.818547000000002,1920-04-08
2946 S State,1920.000000000000000,-87.627036000000004,41.840763000000003,1920-04-09
2946 S. State st.,1920.000000000000000,-87.627036000000004,41.840763000000003,1920-04-09
935 W Congress st,1920.000000000000000,-87.652403000000007,41.874963000000001,1920-04-19
Michigan ave. btwn. 47th and 48th sts.,1920.000000000000000,-87.622811790000000,41.808236749999999,1920-04-19
184 W. Washington st.,1920.000000000000000,-87.633368000000004,41.883336999999997,1920-04-22
223 E. Huron st.,1920.000000000000000,-87.687415000000001,41.922745999999997,1920-04-22
203 Kensington Ave.,1920.000000000000000,-87.617710000000002,41.683785999999998,1920-04-24
1903 So. Wabash Ave.,1920.000000000000000,-87.625364000000005,41.856616000000002,1920-04-26
2702 S. Emerald Ave.,1920.000000000000000,-87.645382999999995,41.844382000000003,1920-04-28
27th & Western,1920.000000000000000,-87.685339450000001,41.843382190000000,1920-05-01
2828 S. Wells St.,1920.000000000000000,-87.633183000000002,41.842145000000002,1920-05-03
3101 W. 38th,1920.000000000000000,-87.702191999999997,41.824353000000002,1920-05-06
6428 Union ave.,1920.000000000000000,-87.642883999999995,41.777247000000003,1920-05-08
95th st and Ewing,1920.000000000000000,-87.536594870000002,41.722947380000001,1920-05-10
2126 Wabash Ave.,1920.000000000000000,-87.625682999999995,41.853867999999999,1920-05-11
5052 Drexel Blvd,1920.000000000000000,-87.604382999999999,41.803037000000003,1920-05-14
816 E. 51st st.,1920.000000000000000,-87.647593000000001,41.874163000000003,1920-05-14
Schubert & Cent. Park ave.,1920.000000000000000,-87.717032430000003,41.929996019999997,1920-05-17
1353 S. Wood st.,1920.000000000000000,-87.671075999999999,41.863754999999998,1920-05-17
933 Van Buren,1920.000000000000000,-87.650918000000004,41.876463000000001,1920-05-18
3942 N Marshfield Av,1920.000000000000000,-87.670427000000004,41.953223000000001,1920-05-19
25 E. 22nd ST.,1920.000000000000000,-87.626384000000002,41.852663000000000,1920-05-22
1109 S. Des Plaines st.,1920.000000000000000,-87.643514999999994,41.868344999999998,1920-05-24
49 E 28th st,1920.000000000000000,-87.625366999999997,41.843249999999998,1920-05-25
1942 Wabansia Ave,1920.000000000000000,-87.676629000000005,41.912436999999997,1920-05-25
241 W. 47th st.,1920.000000000000000,-87.632962000000006,41.808962999999999,1920-05-25
1942 W. Kinzie st.,1920.000000000000000,-87.675730999999999,41.888900999999997,1920-05-25
4165 S. Halsted,1920.000000000000000,-87.645615000000006,41.818370000000002,1920-05-27
4601 S. State St,1920.000000000000000,-87.625915000000006,41.810847000000003,1920-05-30
Springfield & Fullerton aves,1920.000000000000000,-87.724285129999998,41.924392519999998,1920-05-30
1814 S Jefferson st,1920.000000000000000,-87.641982999999996,41.857388999999998,1920-06-05
1420 Carroll Av,1920.000000000000000,-87.662986000000004,41.887610000000002,1920-06-06
1142 W. 18th st.,1920.000000000000000,-87.655101000000002,41.858136999999999,1920-06-06
NW corner Roosevelt Rd and Halsted st.,1920.000000000000000,-87.647101879999994,41.867323759999998,1920-06-08
3201 Princeton Av,1920.000000000000000,-87.633905999999996,41.836154999999998,1920-06-12
820 W. Adams st.,1920.000000000000000,-87.647987999999998,41.879337000000000,1920-06-13
1215 Clybourn Av.,1920.000000000000000,-87.639797000000002,41.904172000000003,1920-06-13
2316 Roosevelt Rd.,1920.000000000000000,-87.684506999999996,41.882863000000000,1920-06-16
Ashland and Grand,1920.000000000000000,-87.667121890000004,41.890952859999999,1920-06-17
Racine Ave. 100 ft. north of 14th St.,1920.000000000000000,-87.656607629999996,41.863792220000001,1920-06-17
207 E 35th st,1920.000000000000000,-87.621390000000005,41.830962999999997,1920-06-20
207 E. 35th St.,1920.000000000000000,-87.621390000000005,41.830962999999997,1920-06-20
2522 Calumet Ave,1920.000000000000000,-87.619028999999998,41.846474999999998,1920-06-21
4932 N. Campbell,1920.000000000000000,-87.689380000000000,41.897320000000001,1920-06-21
4219 S. State St.,1920.000000000000000,-87.626114999999999,41.817869999999999,1920-06-24
Erie & Clark sts.,1920.000000000000000,-87.631223199999994,41.894035670000001,1920-06-25
2843 Fulton st.,1920.000000000000000,-87.697508999999997,41.886363000000003,1920-06-27
3706 W. Huron St.,1920.000000000000000,-87.719057000000006,41.893737000000002,1920-06-29
308 S. Morgan St.,1920.000000000000000,-87.652083000000005,41.877681000000003,1920-07-01
5053 S Halsted,1920.000000000000000,-87.645214999999993,41.802154999999999,1920-07-04
Oak & Wells St,1920.000000000000000,-87.634356019999998,41.900520250000000,1920-07-05
1522 Washtenaw,1920.000000000000000,-87.694682999999998,41.908901000000000,1920-07-08
2155 Jackson Blvd,1920.000000000000000,-87.680719999999994,41.877462999999999,1920-07-10
7th St. & State St.,1920.000000000000000,-87.627511020000000,41.873060090000003,1920-07-10
S.E. Corner of Western Ave. & Lake st.,1920.000000000000000,-87.686326500000007,41.884467309999998,1920-07-10
3844 Cottage Grove Av,1920.000000000000000,-87.607595000000003,41.824919999999999,1920-07-19
2600 W. 20th st.,1920.000000000000000,-87.740459999999999,41.854080000000003,1920-07-21
4527 W. 22nd st (at entrance to plant),1920.000000000000000,-87.737691999999996,41.851362000000002,1920-07-26
6908 perry Av,1920.000000000000000,-87.628467999999998,41.768833999999998,1920-07-27
3160 S. State St.,1920.000000000000000,-87.626952000000003,41.837153000000001,1920-07-31
5728 State,1920.000000000000000,-87.625782999999998,41.790450000000000,1920-08-01
3261 S. Park Ave.,1920.000000000000000,-87.609979999999993,41.648560000000003,1920-08-02
38th & State St,1920.000000000000000,-87.626438140000005,41.825540060000002,1920-08-02
N.W. corner of 31st & State St.,1920.000000000000000,-87.626910210000005,41.838426540000000,1920-08-03
20 W Lake,1920.000000000000000,-87.628630999999999,41.885936999999998,1920-08-04
2000 W. Lake st.,1920.000000000000000,-87.676893000000007,41.885229000000002,1920-08-09
Michigan av and 9th,1920.000000000000000,-87.624142169999999,41.870567479999998,1920-08-18
1913 W. 21st.,1920.000000000000000,-87.673854000000006,41.853943000000001,1920-08-22
N.E. corner of Iowa St. & California Ave,1920.000000000000000,-87.696561810000006,41.897549560000002,1920-08-22
2700 S state,1920.000000000000000,-87.627082999999999,41.844163000000002,1920-08-23
2700 S. State St,1920.000000000000000,-87.627082999999999,41.844163000000002,1920-08-23
4026 S. State St.,1920.000000000000000,-87.626582999999997,41.821289000000000,1920-08-24
1501 W 18th,1920.000000000000000,-87.663905000000000,41.856763000000001,1920-08-25
2120 Grand ave.,1920.000000000000000,-87.679913999999997,41.890937000000001,1920-08-25
1355 W. Taylor St.,1920.000000000000000,-87.660775999999998,41.869262999999997,1920-08-27
Parkside Ave & Washington Blvd,1920.000000000000000,-87.766470909999995,41.882102959999997,1920-08-30
123 E. 43rd St.,1920.000000000000000,-87.622513999999995,41.816392000000000,1920-08-31
818 S. Morgan St.,1920.000000000000000,-87.651356000000007,41.871671999999997,1920-08-31
Winona and Glenwood,1920.000000000000000,-87.664718629999996,41.975332739999999,1920-09-01
63rd and Peoria Sts.,1920.000000000000000,-87.647166249999998,41.779536870000001,1920-09-01
3819 W. 16th St.,1920.000000000000000,-87.721249000000000,41.858763000000003,1920-09-03
Grant Park South of Van Buren St.,1920.000000000000000,-87.622253889999996,41.876447319999997,1920-09-03
Chicago Av and LaSalle st,1920.000000000000000,-87.632768150000004,41.896591250000000,1920-09-05
2032 S. Halsted St.,1920.000000000000000,-87.646749000000000,41.854520000000001,1920-09-07
508 E. 35th,1920.000000000000000,-87.613935999999995,41.831336999999998,1920-09-14
4355 Dearborn st.,1920.000000000000000,-87.629400000000004,41.880299999999998,1920-09-14
2666 State St.,1920.000000000000000,-87.552437999999995,41.630136999999998,1920-09-17
937 W. 35th Pl,1920.000000000000000,-87.648994999999999,41.829563000000000,1920-09-21
3216 Dearborn st.,1920.000000000000000,-87.628083000000004,41.835864999999998,1920-09-21
3859 Cottage Grove,1920.000000000000000,-87.607113999999996,41.824770999999998,1920-09-22
East end of 22nd st. Bridge,1920.000000000000000,-87.640063760000004,41.852716950000001,1920-09-24
3102 S State,1920.000000000000000,-87.626977999999994,41.838126000000003,1920-09-29
Monroe & Clark sts.,1920.000000000000000,-87.630836959999996,41.880649159999997,1920-10-02
4735 Justine st.,1920.000000000000000,-87.663515000000004,41.807589999999998,1920-10-05
35th & Calumet Ave.,1920.000000000000000,-87.618477339999998,41.831072290000002,1920-10-09
4921 Federal st.,1920.000000000000000,-87.627915000000002,41.805010000000003,1920-10-10
1830 Federal st.,1920.000000000000000,-87.629644999999996,41.857374000000000,1920-10-11
5034 Cottage Gr. Av,1920.000000000000000,-87.606583000000001,41.803027000000000,1920-10-19
3745 Lowe ave,1920.000000000000000,-87.642168999999996,41.826331000000003,1920-10-21
Cicero Ave and Fulton St.,1920.000000000000000,-87.745356560000005,41.885250090000000,1920-10-23
945 W. Ohio st.,1920.000000000000000,-87.650288000000003,41.892063000000000,1920-10-23
1125 Farwell Ave,1920.000000000000000,-87.659372000000005,42.006663000000003,1920-10-23
Cicero Ave & Fulton st.,1920.000000000000000,-87.745356560000005,41.885250090000000,1920-10-23
S. Chicago ave. btwn. 70th & 71st sts.,1920.000000000000000,-87.606933119999994,41.766734560000003,1920-10-24
Milwaukee & California,1920.000000000000000,-87.697355750000000,41.922939679999999,1920-10-26
State St. & 25th St.,1920.000000000000000,-87.626760009999998,41.846834930000000,1920-10-31
Paulina & Madison st.,1920.000000000000000,-87.669289109999994,41.881416000000002,1920-10-31
4234 Princeton Ave.,1920.000000000000000,-87.633782999999994,41.817126999999999,1920-11-03
25th pl and Wallace,1920.000000000000000,-87.641651629999998,41.846307439999997,1920-11-09
4615 S. State St.,1920.000000000000000,-87.625915000000006,41.810631999999998,1920-11-09
1641 Ogden Ave,1920.000000000000000,-87.667620999999997,41.879888999999999,1920-11-09
3562 Grand Blvd,1920.000000000000000,-87.715750999999997,41.902113999999997,1920-11-09
21st and May,1920.000000000000000,-87.654719349999993,41.853803780000000,1920-11-10
138 S. Aberdeen st.,1920.000000000000000,-87.654842000000002,41.879862000000003,1920-11-10
36th st. near Sacramento Blvd.,1920.000000000000000,-87.699244019999995,41.828178319999999,1920-11-12
25th & Springfield Ave.,1920.000000000000000,-87.722032069999997,41.846035700000002,1920-11-13
2156 Potomac,1920.000000000000000,-87.681099000000003,41.905081000000003,1920-11-13
12 E. Walton Pl.,1920.000000000000000,-87.627789000000007,41.900137000000001,1920-11-14
6705 Stoney Island,1920.000000000000000,-87.585964000000004,41.773128999999997,1920-11-15
1502 Chicago,1920.000000000000000,-87.665312000000000,41.896236999999999,1920-11-20
Racine av and Roosevelt,1920.000000000000000,-87.656650540000001,41.866908289999998,1920-11-20
Taylor & Robey sts.,1920.000000000000000,-87.676284310000000,41.869097439999997,1920-11-20
2650 S. Sawyer ave.,1920.000000000000000,-87.706383000000002,41.843592999999998,1920-11-21
61st & Halsted St.,1920.000000000000000,-87.644784450000003,41.783233060000001,1920-11-21
60th & Halsted sts.,1920.000000000000000,-87.644848820000007,41.785025070000003,1920-11-21
3546 S. State st.,1920.000000000000000,-87.626783000000003,41.830475999999997,1920-11-22
668 W. Roosevelt Rd,1920.000000000000000,-87.643168000000003,41.867336999999999,1920-11-22
Grand Ave. & Wells St.,1920.000000000000000,-87.634098530000003,41.891527910000001,1920-11-23
3334 S. State st.,1920.000000000000000,-87.626863999999998,41.833972000000003,1920-11-23
1339 Jackson Blvd.,1920.000000000000000,-87.660345000000007,41.877662999999998,1920-11-24
1117 Cambridge ave.,1920.000000000000000,-87.642042000000004,41.902974999999998,1920-11-24
3076 Lock st.,1920.000000000000000,-87.660042000000004,41.838422000000001,1920-11-26
Monroe and Clark,1920.000000000000000,-87.630836959999996,41.880649159999997,1920-11-26
clark and Randolph,1920.000000000000000,-87.630944249999999,41.884419389999998,1920-12-01
320 E. 35th st.,1920.000000000000000,-87.618735999999998,41.831237000000002,1920-12-01
1418 W Chicago,1920.000000000000000,-87.663120000000006,41.896278000000002,1920-12-03
2144 S. Halsted,1920.000000000000000,-87.646682999999996,41.853209000000000,1920-12-04
418 S. Clark st.,1920.000000000000000,-87.630882999999997,41.876595000000002,1920-12-04
2949 Federal St.,1920.000000000000000,-87.629000000000005,41.840432000000000,1920-12-08
2842 Dearborn,1920.000000000000000,-87.627973999999995,41.839562999999998,1920-12-10
4404 S. Ashland Ave.,1920.000000000000000,-87.665283000000002,41.813896999999997,1920-12-11
Pratt ave. & Sheridan Rd.,1920.000000000000000,-87.660920619999999,42.005395800000002,1920-12-12
3149 Indiana Ave.,1920.000000000000000,-87.621714999999995,41.837460000000000,1920-12-13
5421 S. State st.,1920.000000000000000,-87.625567000000004,41.796120999999999,1920-12-15
541 W Elm,1920.000000000000000,-87.641644999999997,41.902563000000001,1920-12-16
541W. Elm St,1920.000000000000000,-87.641644999999997,41.902563000000001,1920-12-16
7005 Wentworth,1920.000000000000000,-87.629615000000001,41.766986000000003,1920-12-18
2802 Wentworth Av,1920.000000000000000,-87.632060050000007,41.842502990000000,1920-12-20
4537 So. Hermitage Ave.,1920.000000000000000,-87.668514999999999,41.811492999999999,1920-12-20
157 W. 38th st.,1920.000000000000000,-87.632819999999995,41.825099999999999,1920-12-22
Irving Park av and Keystone,1920.000000000000000,-87.729113100000006,41.953506200000000,1920-12-22
2704 Archer Av,1920.000000000000000,-87.652229000000005,41.844600000000000,1920-12-24
3157 Wentworth Ave,1920.000000000000000,-87.631489000000002,41.836914999999998,1920-12-24
E. Union Ave. 150 ft. N. of 51st.,1920.000000000000000,-87.642874719999995,41.801902769999998,1920-12-24
4801 S. Throop St.,1920.000000000000000,-87.657415000000000,41.806747000000001,1920-12-25
24 W. 37th St,1920.000000000000000,-87.628354000000002,41.827437000000003,1920-12-31
2016 W. 18th St.,1921.000000000000000,-87.676522000000006,41.857815000000002,1921-01-01
23rd st. & Marshall Blvd.,1921.000000000000000,-87.699050900000003,41.850015759999998,1921-01-02
2801 E 93rd st,1921.000000000000000,-87.696281999999997,41.876137000000000,1921-01-02
Wells st. & Lincoln ave.,1921.000000000000000,-87.634892460000003,41.915371610000001,1921-01-03
Wells st. and Lincoln ave.,1921.000000000000000,-87.634892460000003,41.915371610000001,1921-01-03
55th st. & Racine ave.,1921.000000000000000,-87.654848099999995,41.793872420000000,1921-01-04
4403 Indiana ave.,1921.000000000000000,-87.621204000000006,41.814529000000000,1921-01-04
1006 S. State st.,1921.000000000000000,-87.627683000000005,41.869914999999999,1921-01-05
103rd st. & Ewing ave,1921.000000000000000,-87.535328870000001,41.708195500000002,1921-01-07
3155 Wabash,1921.000000000000000,-87.624848000000000,41.835740999999999,1921-01-10
10035 Ave N.,1921.000000000000000,-87.538714999999996,41.713152999999998,1921-01-13
2816 S. State st.,1921.000000000000000,-87.627082999999999,41.842834000000003,1921-01-14
645 Madison st.,1921.000000000000000,-87.643814000000006,41.881681999999998,1921-01-20
1931 S. Canalpart Ave,1921.000000000000000,-87.642871999999997,41.856209000000000,1921-01-21
Western Ave and Logan Blvd,1921.000000000000000,-87.687785629999993,41.928607169999999,1921-01-22
1733 W. 106th Place,1921.000000000000000,-87.665370999999993,41.700138000000003,1921-01-24
1529 S. State St.,1921.000000000000000,-87.627015000000000,41.861356999999998,1921-01-27
230 W. 25th st.,1921.000000000000000,-87.633600000000001,41.846400000000003,1921-01-29
4821 Federal st.,1921.000000000000000,-87.628315000000001,41.806921000000003,1921-01-30
1437 W. 17th St.,1921.000000000000000,-87.662280999999993,41.858663000000000,1921-02-06
3219 Dearborn St.,1921.000000000000000,-87.627714999999995,41.835827999999999,1921-02-08
5239 S. State st.,1921.000000000000000,-87.625647000000001,41.799306000000001,1921-02-11
1800 W. 63rd st.,1921.000000000000000,-87.669282999999993,41.779536999999998,1921-02-16
1800 63rd st.,1921.000000000000000,-87.669282999999993,41.779536999999998,1921-02-16
3357 W North,1921.000000000000000,-87.710954000000001,41.909962999999998,1921-02-17
1722 S. Loomis st.,1921.000000000000000,-87.661483000000004,41.858524000000003,1921-02-24
1122 E. 42nd Pl.,1921.000000000000000,-87.599208000000004,41.818137000000000,1921-02-25
1526 W 14thst,1921.000000000000000,-87.665957000000006,41.863436999999998,1921-02-28
Van Buren st. between Des Plaines and Halsted sts.,1921.000000000000000,-87.645578380000003,41.876718930000003,1921-03-01
Chicago av. & Wood st.,1921.000000000000000,-87.672185900000002,41.895936390000003,1921-03-01
518 Surf st. apt #3,1921.000000000000000,-87.642120000000006,41.934437000000003,1921-03-01
1534 N Lavergne,1921.000000000000000,-87.751182999999997,41.908397999999998,1921-03-04
6415 Washtenaw ave.,1921.000000000000000,-87.690714999999997,41.776932000000002,1921-03-05
442 E. 35th St.,1921.000000000000000,-87.615868000000006,41.831336999999998,1921-03-06
3540 S. Morgan,1921.000000000000000,-87.651083000000000,41.829436999999999,1921-03-09
2580 Lincoln ave.,1921.000000000000000,-87.653379000000001,41.928592000000002,1921-03-10
Washington Blvd near Menard av.,1921.000000000000000,-87.769796850000006,41.882023080000003,1921-03-10
1746 W. Chicago ave.,1921.000000000000000,-87.671297999999993,41.896137000000003,1921-03-14
3902 S. Dearborn st.,1921.000000000000000,-87.627775000000000,41.823540999999999,1921-03-15
1032 W Lake,1921.000000000000000,-87.653509000000000,41.885637000000003,1921-03-17
3127 Fifth ave.,1921.000000000000000,-87.704644000000002,41.878568000000001,1921-03-18
23rd st. & Michigan av.,1921.000000000000000,-87.623798850000000,41.851118630000002,1921-03-19
36th Pl. & California,1921.000000000000000,-87.694716450000001,41.827362870000002,1921-03-19
1208 W. Huron st.,1921.000000000000000,-87.657903000000005,41.894537000000000,1921-03-20
4504 Cottage Grove ave.,1921.000000000000000,-87.606782999999993,41.813001999999997,1921-03-21
6415 Washtenaw ave.,1921.000000000000000,-87.690714999999997,41.776932000000002,1921-03-23
63rd & Western,1921.000000000000000,-87.683579920000000,41.779088829999999,1921-03-25
351 W. Chicago Ave,1921.000000000000000,-87.637609999999995,41.896431999999997,1921-03-26
2536 W. Division st.,1921.000000000000000,-87.690987000000007,41.903137000000001,1921-03-27
1508 Harrison st.,1921.000000000000000,-87.664416000000003,41.874436000000003,1921-03-28
14th pl. and Halsted st.,1921.000000000000000,-87.646737099999996,41.862274079999999,1921-03-29
1428 VanBuren St.,1921.000000000000000,-87.662587000000002,41.876536999999999,1921-03-29
14th pl. and Halsted,1921.000000000000000,-87.646737099999996,41.862274079999999,1921-03-29
14th/pl & Halsted,1921.000000000000000,-87.646737099999996,41.862274079999999,1921-03-29
915 N. Monticello ave.,1921.000000000000000,-87.717415000000003,41.897669999999998,1921-03-30
51st & Ashland ave.,1921.000000000000000,-87.664718629999996,41.801150960000001,1921-04-03
714 S. Marshfield ave.,1921.000000000000000,-87.667973000000003,41.871358999999998,1921-04-03
447 S Clark,1921.000000000000000,-87.630515000000003,41.876325000000001,1921-04-03
5838st. Shields ave,1921.000000000000000,-87.634182999999993,41.787785999999997,1921-04-05
2252 Wentworth ave.,1921.000000000000000,-87.663336000000001,41.922533999999999,1921-04-07
89th st. & Buffalo ave.,1921.000000000000000,-87.544383999999994,41.733884959999997,1921-04-07
657 N. Western,1921.000000000000000,-87.686615000000003,41.893383000000000,1921-04-09
338 E. 35th st.,1921.000000000000000,-87.617763999999994,41.831237000000002,1921-04-10
5320 S. State st.,1921.000000000000000,-87.625983000000005,41.797694999999997,1921-04-15
942 Cambridge Ave,1921.000000000000000,-87.641982999999996,41.899251999999997,1921-04-17
38th st between Prairie & Indiana ave.,1921.000000000000000,-87.621116639999997,41.825588019999998,1921-04-17
23rd & Troy sts.,1921.000000000000000,-87.703986169999993,41.849967810000003,1921-04-18
34th & State st.,1921.000000000000000,-87.626545429999993,41.832846979999999,1921-04-18
Diversey Pkwy and Lakeview,1921.000000000000000,-87.639398569999997,41.932869420000003,1921-04-19
35th st. & Ashland ave.,1921.000000000000000,-87.665534019999996,41.830448740000001,1921-04-20
"Grant Park, 11thst",1921.000000000000000,-87.623112199999994,41.869273210000003,1921-04-20
8046 Green st.,1921.000000000000000,-87.645336000000000,41.747948999999998,1921-04-23
47th st. & Normal ave.,1921.000000000000000,-87.638175489999995,41.808860520000003,1921-04-24
1755 North ave.,1921.000000000000000,-87.671933999999993,41.910463000000000,1921-04-24
136 S Clark,1921.000000000000000,-87.630983000000001,41.879914999999997,1921-04-24
244 W. 32nd st.,1921.000000000000000,-87.633193000000006,41.836436999999997,1921-04-26
75th st and Ridgeland,1921.000000000000000,-87.582299710000001,41.758731820000001,1921-04-27
59th st. & Harper ave,1921.000000000000000,-87.589123250000000,41.787857000000002,1921-04-30
Noble & Division sts.,1921.000000000000000,-87.662658690000001,41.903394970000001,1921-05-01
707 N Dearborn,1921.000000000000000,-87.629849910000004,41.895121799999998,1921-05-06
Milwaukee & Fullerton aves.,1921.000000000000000,-87.700316909999998,41.924775680000003,1921-05-08
935 S. State st.,1921.000000000000000,-87.627215000000007,41.870286999999998,1921-05-08
4251 State st.,1921.000000000000000,-87.626114999999999,41.817377999999998,1921-05-09
2158 Larrabee st.,1921.000000000000000,-87.643840999999995,41.921025999999998,1921-05-09
Hoyne ave & Coulter st.,1921.000000000000000,-87.678194050000002,41.848545250000001,1921-05-10
7725 Blackstone ave,1921.000000000000000,-87.588114000000004,41.754663999999998,1921-05-16
1633 W. 37th pl.,1921.000000000000000,-87.666393999999997,41.825763000000002,1921-05-17
Wentworth Ave & Root St,1921.000000000000000,-87.631266120000006,41.819079850000001,1921-05-19
2507 S. Wabash st.,1921.000000000000000,-87.625201000000004,41.846975999999998,1921-05-23
Cottage Grove & Front Aves (115th St),1921.000000000000000,-87.611739639999996,41.685460409999997,1921-05-26
153 W. 37th St.,1921.000000000000000,-87.629407000000000,41.827162999999999,1921-05-26
2319 W. Harrison st.,1921.000000000000000,-87.684573000000000,41.881062999999997,1921-05-27
1221 W. Grand av.,1921.000000000000000,-87.658282000000000,41.890962999999999,1921-05-31
209 W. 47th st.,1921.000000000000000,-87.632823000000002,41.808962999999999,1921-06-06
3314 Rhodes,1921.000000000000000,-87.613483000000002,41.833440000000003,1921-06-07
2916 W. 40th Pl.,1921.000000000000000,-87.697716000000000,41.820182000000003,1921-06-08
1144 S Kedzie,1921.000000000000000,-87.705883000000000,41.867386000000003,1921-06-09
1259 W. 29th St.,1921.000000000000000,-87.649699999999996,41.841380000000001,1921-06-11
925 S. State st.,1921.000000000000000,-87.627215000000007,41.870339000000001,1921-06-12
3816 Wabash ave,1921.000000000000000,-87.624983000000000,41.825200000000002,1921-06-15
6156 Greenwood ave.,1921.000000000000000,-87.599682999999999,41.782603999999999,1921-06-16
625 Milwaukee,1921.000000000000000,-87.650077999999993,41.893017999999998,1921-06-18
18th & Michigan,1921.000000000000000,-87.623927589999994,41.857863270000003,1921-06-19
2819 W. 25th Place,1921.000000000000000,-87.695784000000003,41.845438000000001,1921-06-20
625 S. Morgan,1921.000000000000000,-87.651555999999999,41.873714999999997,1921-06-21
1016 Larrabee st.,1921.000000000000000,-87.643282999999997,41.900672000000000,1921-06-22
3910 Grand ave.,1921.000000000000000,-87.724337000000006,41.905500000000004,1921-06-23
2447 Walton St.,1921.000000000000000,-87.688085000000001,41.898313999999999,1921-06-23
5628 Wabash ave.,1921.000000000000000,-87.624183000000002,41.792302999999997,1921-06-24
3206 Rhodes ave.,1921.000000000000000,-87.613583000000006,41.835892000000001,1921-06-25
Rockwell St & LeMoyne Ave,1921.000000000000000,-87.692077159999997,41.908409470000002,1921-06-26
Oak and Larrabee Sts.,1921.000000000000000,-87.643046380000001,41.900376510000001,1921-06-26
9430 Burnside Ave,1921.000000000000000,-87.606038999999996,41.723134999999999,1921-06-27
Morgan & Harrison Sts,1921.000000000000000,-87.651779649999995,41.874290379999998,1921-06-28
17 N. Campbell Ave,1921.000000000000000,-87.688682999999997,41.881695999999998,1921-06-29
1403 N. Wells st.,1921.000000000000000,-87.634427000000002,41.907890999999999,1921-07-02
653 W 43 st,1921.000000000000000,-87.642538999999999,41.816124000000002,1921-07-03
632 N. Avers ave.,1921.000000000000000,-87.644592000000003,41.779356999999997,1921-07-07
1325 W 15th,1921.000000000000000,-87.659685999999994,41.861432999999998,1921-07-09
2830 Federal St,1921.000000000000000,-87.629486000000000,41.841762000000003,1921-07-10
52nd & Sacramento ave.,1921.000000000000000,-87.698814870000007,41.798959490000001,1921-07-10
22nd and Leavitt St.,1921.000000000000000,-87.680747510000003,41.852077629999997,1921-07-14
Natchez & Grand Ave.,1921.000000000000000,-87.787778380000006,41.923131269999999,1921-07-17
1817 W. 47th st.,1921.000000000000000,-87.670450000000002,41.808407000000003,1921-07-19
4604 Federal st,1921.000000000000000,-87.628417999999996,41.811064000000002,1921-07-19
41st & Packers Ave,1921.000000000000000,-87.658731939999996,41.819623550000003,1921-07-21
47th St. and Laflin St.,1921.000000000000000,-87.662487029999994,41.808476659999997,1921-07-21
1516 W. Harrison St,1921.000000000000000,-87.664596000000003,41.874436000000003,1921-07-22
602 May st.,1921.000000000000000,-87.655983000000006,41.892740000000003,1921-07-24
8324 Brandon Ave.,1921.000000000000000,-87.546834000000004,41.744103000000003,1921-07-26
Racine & Grand,1921.000000000000000,-87.657380099999997,41.891032729999999,1921-07-26
Superior st. and Michigan Blvd.,1921.000000000000000,-87.624249460000001,41.895712779999997,1921-07-30
Nelson St. and Ashland Ave.,1921.000000000000000,-87.668538089999998,41.936939850000002,1921-08-02
53rd and Ashland,1921.000000000000000,-87.664589879999994,41.797551790000000,1921-08-02
2935 Indiana Ave,1921.000000000000000,-87.621795000000006,41.841281000000002,1921-08-04
Leland & Kenmore aves.,1921.000000000000000,-87.656178470000000,41.967228440000000,1921-08-04
2832 State st.,1921.000000000000000,-87.627082999999999,41.842678999999997,1921-08-05
Harrison st. and Western ave.,1921.000000000000000,-87.686283590000002,41.873874960000002,1921-08-05
4602 State st.,1921.000000000000000,-87.626283000000001,41.810831999999998,1921-08-06
Wells and Division sts.,1921.000000000000000,-87.634506230000000,41.903810200000002,1921-08-06
1716 S. State st.,1921.000000000000000,-87.627482999999998,41.858711999999997,1921-08-08
907 S. Racine,1921.000000000000000,-87.656565000000001,41.870348000000000,1921-08-10
Thorndale avand Broadway,1921.000000000000000,-87.660298350000005,41.989927459999997,1921-08-11
12942 Commercial Ave.,1921.000000000000000,-87.550927000000001,41.660221999999997,1921-08-14
California ave & Thomas st.,1921.000000000000000,-87.696840760000001,41.901047290000001,1921-08-18
California ave & Thomas st.,1921.000000000000000,-87.696840760000001,41.901047290000001,1921-08-18
SE corner of 47th st. and Racine ave.,1921.000000000000000,-87.654998300000003,41.808460670000002,1921-08-18
Western av and addison st.,1921.000000000000000,-87.688257690000000,41.946723779999999,1921-08-19
Sheridan Rd. & Greeleaf ave.,1921.000000000000000,-87.662508489999993,42.010386330000003,1921-08-20
1704 E. 56th st.,1921.000000000000000,-87.583608999999996,41.793537000000001,1921-08-20
1704 E. 56th St.,1921.000000000000000,-87.583608999999996,41.793537000000001,1921-08-20
1704 E. 56th st.,1921.000000000000000,-87.583608999999996,41.793537000000001,1921-08-20
7641 Dobson Ave,1921.000000000000000,-87.599073000000004,41.756037999999997,1921-08-21
1934 Harrison St.,1921.000000000000000,-87.675342000000001,41.874209000000000,1921-08-21
NE corner of Belmont & California aves.,1921.000000000000000,-87.697613239999995,41.939493710000001,1921-08-22
Armitage and Elston ave,1921.000000000000000,-87.667465210000003,41.917846500000003,1921-08-23
Irving Park Blvd. And N. Tripp Ave.,1921.000000000000000,-87.733790870000007,41.953394500000002,1921-08-27
47th & Rockwell sts.,1921.000000000000000,-87.689287660000005,41.808220759999998,1921-08-27
5320 S. State st.,1921.000000000000000,-87.625983000000005,41.797694999999997,1921-08-27
5201 S LaSalle,1921.000000000000000,-87.632300000000001,41.880139999999997,1921-08-27
47th st. and Cottage Grove av.,1921.000000000000000,-87.606525419999997,41.809436300000002,1921-08-30
4211 Archer ave.,1921.000000000000000,-87.699659999999994,41.816750999999996,1921-08-30
39th & Wabash Ave,1921.000000000000000,-87.624807360000005,41.823701200000002,1921-09-01
4137 S. Halsted st.,1921.000000000000000,-87.645615000000006,41.819462000000001,1921-09-01
2736 Fulton st.,1921.000000000000000,-87.695453999999998,41.886716000000000,1921-09-03
Washington st. and Crawford av.,1921.000000000000000,-87.725572589999999,41.881847350000001,1921-09-06
1721 Fulton st.,1921.000000000000000,-87.670103999999995,41.886735999999999,1921-09-07
79th and Cottage Grovee,1921.000000000000000,-87.605152129999993,41.751096279999999,1921-09-08
2922 fulton St.,1921.000000000000000,-87.699556999999999,41.886637000000000,1921-09-10
6741 Sheridan Rd,1921.000000000000000,-87.660713999999999,42.004789000000002,1921-09-11
2452 Clybourn ave,1921.000000000000000,-87.671121999999997,41.926236000000003,1921-09-11
1422 N. Ashland av.,1921.000000000000000,-87.667783000000000,41.907449999999997,1921-09-12
7258 Racine Ave.,1921.000000000000000,-87.654183000000003,41.761920000000003,1921-09-14
2086 Ogden,1921.000000000000000,-87.678822999999994,41.870978000000001,1921-09-17
6457 S. Halsted st.,1921.000000000000000,-87.644514999999998,41.777088999999997,1921-09-21
1455 W. Taylor St,1921.000000000000000,-87.663382999999996,41.869163000000000,1921-09-25
29th ST & Indiana Ave,1921.000000000000000,-87.622039319999999,41.841975460000000,1921-09-26
2288 Blue Island ave.,1921.000000000000000,-87.670388000000003,41.850746000000001,1921-09-26
4956 Federal st.,1921.000000000000000,-87.628282999999996,41.804423999999997,1921-10-02
Potomac Ave; 100 ft west of Western ave.,1921.000000000000000,-87.687549590000003,41.904800350000002,1921-10-04
2334 Taylor st.,1921.000000000000000,-87.685126999999994,41.869137000000002,1921-10-05
1310 Washburne,1921.000000000000000,-87.659488999999994,41.866236999999998,1921-10-05
Jackson Blvd & Laflin st.,1921.000000000000000,-87.664289470000000,41.877613640000000,1921-10-09
30 N. Green St,1921.000000000000000,-87.648683000000005,41.882241000000000,1921-10-10
2821 State st.,1921.000000000000000,-87.626514999999998,41.842934000000000,1921-10-11
4124 Dearborn st.,1921.000000000000000,-87.627683000000005,41.821849000000000,1921-10-11
360 So. Halsted St.,1921.000000000000000,-87.647383000000005,41.877021999999997,1921-10-14
1520 Walton st.,1921.000000000000000,-87.665514000000002,41.898936999999997,1921-10-14
4821 and St Lawr,1921.000000000000000,-87.611215000000001,41.807219000000003,1921-10-14
2349 Cottage Grove Ave,1921.000000000000000,-87.620396999999997,41.850237000000000,1921-10-15
2349 Cottage Grove Ave.,1921.000000000000000,-87.620396999999997,41.850237000000000,1921-10-15
610 Maplewood ave.,1921.000000000000000,-87.610894000000002,41.805937000000000,1921-10-16
63rd and Western,1921.000000000000000,-87.683579920000000,41.779088829999999,1921-10-16
3201 Wabash ave.,1921.000000000000000,-87.624814999999998,41.835445000000000,1921-10-20
33st; 100ft east of Dearborn st.,1921.000000000000000,-87.627575399999998,41.834637610000001,1921-10-22
1834 S. Dearborn St,1921.000000000000000,-87.628883000000002,41.857346000000000,1921-10-23
820 Roosevelt Rd.,1921.000000000000000,-87.647371000000007,41.867291000000002,1921-10-28
615 S. Marshfield Ave,1921.000000000000000,-87.666380000000004,41.815519999999999,1921-10-30
4022 Dearborn St.,1921.000000000000000,-87.627724000000001,41.822563000000002,1921-10-30
1864 N Halsted,1921.000000000000000,-87.648583000000002,41.915182999999999,1921-10-31
5606 Lake Park,1921.000000000000000,-87.588130000000007,41.793187000000003,1921-10-31
"3rd apt., 5505 Cottage Grove ave.",1921.000000000000000,-87.606014999999999,41.794780000000003,1921-11-01
8714 Wallace ST,1921.000000000000000,-87.638883000000007,41.735576000000002,1921-11-02
2979 Wentworth Ave,1921.000000000000000,-87.631514999999993,41.839866000000001,1921-11-05
S.W. Corner 69th st. & Wentworth av.,1921.000000000000000,-87.629957200000007,41.768847119999997,1921-11-06
Crawford & North Aves,1921.000000000000000,-87.726280689999996,41.909750860000003,1921-11-07
3212 Wentworth,1921.000000000000000,-87.631829999999994,41.836066000000002,1921-11-08
304 E. 43rd St.,1921.000000000000000,-87.619485999999995,41.816737000000003,1921-11-11
Addison st. and Western Ave.,1921.000000000000000,-87.688257690000000,41.946691860000001,1921-11-14
44th and Honore sts.,1921.000000000000000,-87.671113009999999,41.813882430000000,1921-11-14
94th st. and Greenwood ave.,1921.000000000000000,-87.597212790000000,41.723956340000001,1921-11-15
518 W. 79th St,1921.000000000000000,-87.637420000000006,41.750878000000000,1921-11-16
310 W. 42nd st.,1921.000000000000000,-87.634022000000002,41.818320000000000,1921-11-18
Kildare av and Wash. Blvd,1921.000000000000000,-87.732889650000004,41.881847350000001,1921-11-18
6256 Blackstone,1921.000000000000000,-87.590484000000004,41.783535999999998,1921-11-18
N.W. corner of Huron & State sts.,1921.000000000000000,-87.628347869999999,41.894962079999999,1921-11-20
720 W. 26th St,1921.000000000000000,-87.644268999999994,41.845514999999999,1921-11-24
700 So. Morgan St.,1921.000000000000000,-87.651606999999998,41.872923000000000,1921-11-25
2179 Ogden Ave,1921.000000000000000,-87.680311000000003,41.869306000000002,1921-11-27
1546 Lake st.,1921.000000000000000,-87.665845000000004,41.885536999999999,1921-11-28
2124 Michigan ave.,1921.000000000000000,-87.623982999999996,41.853915000000001,1921-11-29
1126 N. Avers ave.,1921.000000000000000,-87.722783000000007,41.901439000000003,1921-12-01
269 W. 28th st.,1921.000000000000000,-87.633652999999995,41.842463000000002,1921-12-03
Ada st & Washington Blvd.,1921.000000000000000,-87.660598750000005,41.882885760000001,1921-12-03
2179 Ogden ave.,1921.000000000000000,-87.680311000000003,41.869306000000002,1921-12-04
3300 S. Ashland ave.,1921.000000000000000,-87.665783000000005,41.834063000000000,1921-12-04
2179 Ogden ave.,1921.000000000000000,-87.680311000000003,41.869306000000002,1921-12-04
2828 Warren Ave,1921.000000000000000,-87.697057999999998,41.882137000000000,1921-12-06
44th and Marshfield,1921.000000000000000,-87.666242120000007,41.813914410000002,1921-12-07
35th and Ashland,1921.000000000000000,-87.665534019999996,41.830448740000001,1921-12-09
5359 S Carpenter,1921.000000000000000,-87.651115000000004,41.796754999999997,1921-12-13
Chicago Ave. & Michigan Blvd,1921.000000000000000,-87.624206540000003,41.896655129999999,1921-12-17
3312 S Ashland,1921.000000000000000,-87.665783000000005,41.833910000000003,1921-12-17
42 Pl. and Marshfield ave.,1921.000000000000000,-87.666327949999996,41.817640609999998,1921-12-17
55th & Kenwood Ave,1921.000000000000000,-87.593264579999996,41.794960250000003,1921-12-18
537 Hartland St.,1921.000000000000000,-87.671014999999997,41.891497999999999,1921-12-18
1313 W. Huron st.,1921.000000000000000,-87.660041000000007,41.894263000000002,1921-12-21
871 E 63rd st,1921.000000000000000,-87.603656000000001,41.780307999999998,1921-12-22
2897 Archer ave.,1921.000000000000000,-87.657398000000001,41.841785000000002,1921-12-24
2939 Dearborn,1921.000000000000000,-87.627716000000007,41.839683000000001,1921-12-25
1224 N Cleaver St,1921.000000000000000,-87.664012000000000,41.903903000000000,1921-12-26
1035 So. Leavitt St.,1921.000000000000000,-87.681015000000002,41.869475000000001,1921-12-27
3003 Montrose,1921.000000000000000,-87.703580000000002,41.961063000000003,1921-12-31
2227 N. Western,1922.000000000000000,-87.631815000000003,41.851989000000003,1922-01-02
1224 W. 14th st.,1922.000000000000000,-87.657275999999996,41.863537000000001,1922-01-04
1468 Newberry ave.,1922.000000000000000,-87.647982999999996,41.861800000000002,1922-01-05
1362 N. Park ave.,1922.000000000000000,-87.636759280000007,41.907259680000003,1922-01-06
3615 S. Albany,1922.000000000000000,-87.701915000000000,41.827640000000002,1922-01-07
Ohio st & Ashland ave.,1922.000000000000000,-87.667207719999993,41.892342540000001,1922-01-08
3613 Vincennes Ave,1922.000000000000000,-87.611224000000007,41.828321000000003,1922-01-09
905 Cambridge ave.,1922.000000000000000,-87.641615000000002,41.898201000000000,1922-01-09
726 E. 39th st.,1922.000000000000000,-87.608949999999993,41.824036999999997,1922-01-09
5223 Indiana av.,1922.000000000000000,-87.620787000000007,41.799264000000001,1922-01-09
736 E. 38th St.,1922.000000000000000,-87.609164000000007,41.825837000000000,1922-01-11
725 Noble st.,1922.000000000000000,-87.662165999999999,41.894768999999997,1922-01-11
858 Orleans St,1922.000000000000000,-87.637383000000000,41.898378000000001,1922-01-13
N.E. corner 69th & Western ave.,1922.000000000000000,-87.683086399999993,41.768350990000002,1922-01-14
6100 State st.,1922.000000000000000,-87.625583000000006,41.783563000000001,1922-01-15
43rd st. & Marshfield av.,1922.000000000000000,-87.666349409999995,41.815705569999999,1922-01-16
4815 Indiana Ave,1922.000000000000000,-87.620994999999994,41.807138000000002,1922-01-18
2100 S. State st.,1922.000000000000000,-87.627283000000006,41.854062999999996,1922-01-20
754 Taylor st.,1922.000000000000000,-87.645128000000000,41.869836999999997,1922-01-20
901Desplaines St,1922.000000000000000,-87.643606000000005,41.871155999999999,1922-01-20
901 Desplaines st.,1922.000000000000000,-87.643606000000005,41.871155999999999,1922-01-20
846 W. Roosevelt Rd.,1922.000000000000000,-87.647713999999993,41.867257000000002,1922-01-21
354 W. Chestnut St.,1922.000000000000000,-87.637506000000002,41.898336999999998,1922-01-26
55th & Dearborn Sts.,1922.000000000000000,-87.626760009999998,41.794512320000003,1922-01-26
3501 5th Ave.,1922.000000000000000,-87.713531000000003,41.876120999999998,1922-01-26
13145 Houston ave.,1922.000000000000000,-87.548162000000005,41.656464000000000,1922-01-27
43 E. 117th St.,1922.000000000000000,-87.621818000000005,41.681507000000003,1922-01-28
2712 State st.,1922.000000000000000,-87.551306999999994,41.630136999999998,1922-01-28
948 Orleans st.,1922.000000000000000,-87.637483000000003,41.899993000000002,1922-01-30
3110 State st.,1922.000000000000000,-87.649383000000000,41.938248000000002,1922-01-30
19th & Dearborn st.,1922.000000000000000,-87.628691200000006,41.856584720000001,1922-01-31
835 Monroe st.,1922.000000000000000,-87.648737999999994,41.880363000000003,1922-02-01
4237 Wentworth ave.,1922.000000000000000,-87.631044000000003,41.817512000000001,1922-02-03
903 W. Taylor St,1922.000000000000000,-87.649106000000003,41.869363000000000,1922-02-07
4311 Knox Ave.,1922.000000000000000,-87.744541999999996,41.959268000000002,1922-02-08
1349 S. Morgan st.,1922.000000000000000,-87.650779000000000,41.864280999999998,1922-02-08
9220 Dobson,1922.000000000000000,-87.598758000000004,41.727148999999997,1922-02-09
3314 Rhodes,1922.000000000000000,-87.613483000000002,41.833440000000003,1922-02-09
2411 S. Harding,1922.000000000000000,-87.723214999999996,41.847593000000003,1922-02-09
952 Belmont,1922.000000000000000,-87.653371000000007,41.940036999999997,1922-02-12
3740 N. Kedvale Ave.,1922.000000000000000,-87.730884000000003,41.949322000000002,1922-02-18
S.E. Corner of Kedzie ave & Van Buren st.,1922.000000000000000,-87.705788609999999,41.875744330000003,1922-02-18
1835 Milw. Av,1922.000000000000000,-87.684156000000002,41.914901999999998,1922-02-18
1316 W Ohio,1922.000000000000000,-87.660133999999999,41.892637000000001,1922-02-19
N.E. corner of Roosevelt rd. and Leavitt st.,1922.000000000000000,-87.680962089999994,41.866828390000002,1922-02-19
3045 Archer Ave.,1922.000000000000000,-87.662593999999999,41.839219999999997,1922-02-21
2729 Hillock ave.,1922.000000000000000,-87.658562000000003,41.844093999999998,1922-02-21
1031 Montana St,1922.000000000000000,-87.654408000000004,41.926127999999999,1922-02-22
2931 S Ashland,1922.000000000000000,-87.665615000000003,41.840015000000001,1922-02-22
17th & LaSalle sts.,1922.000000000000000,-87.631094460000000,41.858950020000002,1922-02-24
265 Alexander,1922.000000000000000,-87.632968000000005,41.851326999999998,1922-02-24
4601 S. Laflin st.,1922.000000000000000,-87.662407000000002,41.810352000000002,1922-02-26
3450 Indiana,1922.000000000000000,-87.621983000000000,41.831992999999997,1922-03-03
545 W. 42nd st.,1922.000000000000000,-87.639606000000001,41.817962999999999,1922-03-04
429 S. Clark st.,1922.000000000000000,-87.630515000000003,41.876493000000004,1922-03-05
8820 Houston ave.,1922.000000000000000,-87.550157999999996,41.735149000000000,1922-03-05
404 W. Division St.,1922.000000000000000,-87.638574000000006,41.903837000000003,1922-03-06
2256 Went. Av.,1922.000000000000000,-87.684117000000001,41.910494000000000,1922-03-11
4048 Indiana,1922.000000000000000,-87.621735000000001,41.821117999999998,1922-03-12
Coroner 44th st. & Indiana ave.,1922.000000000000000,-87.621481419999995,41.814490149999997,1922-03-14
244 W. 31st st.,1922.000000000000000,-87.633240999999998,41.838337000000003,1922-03-16
Jackson and Western,1922.000000000000000,-87.686347960000006,41.877533749999998,1922-03-16
1652 Fulton st.,1922.000000000000000,-87.668302999999995,41.887036999999999,1922-03-16
2339 Monroe St,1922.000000000000000,-87.684804000000000,41.879762999999997,1922-03-17
737 E. 39th st.,1922.000000000000000,-87.608669000000006,41.823763000000000,1922-03-18
3110 N. Halsted St,1922.000000000000000,-87.649383000000000,41.938248000000002,1922-03-19
7731 Dobson Ave.,1922.000000000000000,-87.599014999999994,41.754385999999997,1922-03-20
316 Aberdeen st.,1922.000000000000000,-87.654683000000006,41.887191000000001,1922-03-21
59th & Lowe av.,1922.000000000000000,-87.641243930000002,41.786929039999997,1922-03-24
3161 Wabash Ave.,1922.000000000000000,-87.624842999999998,41.835704999999997,1922-03-27
555 W. 31st st.,1922.000000000000000,-87.640683999999993,41.837963000000002,1922-03-30
6221 Elizabeth St.,1922.000000000000000,-87.655614999999997,41.780940000000001,1922-04-02
9117 Commercial ave.,1922.000000000000000,-87.551015000000007,41.729683000000001,1922-04-03
522 W. 47th st.,1922.000000000000000,-87.638857000000002,41.809137000000000,1922-04-03
9117 Commercial,1922.000000000000000,-87.551015000000007,41.729683000000001,1922-04-03
9117 Commercial ave.,1922.000000000000000,-87.551015000000007,41.729683000000001,1922-04-03
1834 Maude Ave,1922.000000000000000,-87.653994999999995,41.915031999999997,1922-04-04
4401 Roosevelt Rd.,1922.000000000000000,-87.735106000000002,41.865862999999997,1922-04-05
4401 Roosevelt,1922.000000000000000,-87.735106000000002,41.865862999999997,1922-04-05
423 Bowen,1922.000000000000000,-87.615795000000006,41.819189000000001,1922-04-06
Wrightwood ave. & Halsted st.,1922.000000000000000,-87.648861409999995,41.929038200000001,1922-04-07
56 E Grand,1922.000000000000000,-87.626217999999994,41.891837000000002,1922-04-07
2059 Division st.,1922.000000000000000,-87.678225999999995,41.903022999999997,1922-04-09
5207 S. Wells st.,1922.000000000000000,-87.631801999999993,41.799760999999997,1922-04-11
39th & Dearborn Sts.,1922.000000000000000,-87.627639770000002,41.823621250000002,1922-04-12
3207 Prairie av,1922.000000000000000,-87.620414999999994,41.836348000000001,1922-04-12
4375 S Halsted,1922.000000000000000,-87.645515000000003,41.814332999999998,1922-04-14
1857 Washbun Ave.,1922.000000000000000,-87.670490740000005,41.865901579999999,1922-04-16
2925 Princeton Ave.,1922.000000000000000,-87.633984999999996,41.840687000000003,1922-04-18
4107 So. Ashland Ave.,1922.000000000000000,-87.665032999999994,41.819378999999998,1922-04-18
3724 Cottage Grove ave,1922.000000000000000,-87.608776000000006,41.827213999999998,1922-04-21
3153 Dearborn st.,1922.000000000000000,-87.627714999999995,41.837094000000000,1922-04-21
5540 S. Racine ave.,1922.000000000000000,-87.655038000000005,41.793160000000000,1922-04-22
23 E. 31st St.,1922.000000000000000,-87.625793999999999,41.838188000000002,1922-04-24
Iowa St. and Campbell Ave.,1922.000000000000000,-87.689352040000003,41.897549560000002,1922-04-24
6633 State st.,1922.000000000000000,-87.624951999999993,41.774293999999998,1922-04-24
2219 Archer Ave.,1922.000000000000000,-87.635496000000003,41.852348999999997,1922-04-27
3844 Van Buren st.,1922.000000000000000,-87.721593999999996,41.875436999999998,1922-04-27
91st & Ellis ave.,1922.000000000000000,-87.599830630000000,41.729321190000000,1922-04-27
5326 Kimbark av.,1922.000000000000000,-87.595183000000006,41.799042000000000,1922-04-28
1016 Roosevelt Rd.,1922.000000000000000,-87.651756000000006,41.867237000000003,1922-04-28
4849 Magnolia ave.,1922.000000000000000,-87.660844999999995,41.970590000000001,1922-04-29
4256 S Ashland,1922.000000000000000,-87.665338000000006,41.816547000000000,1922-04-30
15th Pl. & Union ave.,1922.000000000000000,-87.644891740000006,41.861730729999998,1922-04-30
4545 State St,1922.000000000000000,-87.625968999999998,41.812139000000002,1922-05-02
3153 Dearborn st.,1922.000000000000000,-87.627714999999995,41.837094000000000,1922-05-03
675 N. Clark st.,1922.000000000000000,-87.631015000000005,41.894371999999997,1922-05-03
5443 Shields ave.,1922.000000000000000,-87.634023999999997,41.795257999999997,1922-05-04
83rd st. and Stewart ave.,1922.000000000000000,-87.634034159999999,41.743411799999997,1922-05-04
4709 Calumet Ave.,1922.000000000000000,-87.617914999999996,41.809114999999998,1922-05-07
3326 E. 92nd st.,1922.000000000000000,-87.543492000000001,41.728537000000003,1922-05-10
1726 Jackson Blvd.,1922.000000000000000,-87.670101000000003,41.877737000000003,1922-05-10
301 E 35th st,1922.000000000000000,-87.619095999999999,41.830962999999997,1922-05-10
"Marshfield ave, between 47th and 48th sts.",1922.000000000000000,-87.666070460000000,41.807596980000000,1922-05-13
120 S. Halsted st.,1922.000000000000000,-87.647482999999994,41.880155999999999,1922-05-13
956 Larrabee St.,1922.000000000000000,-87.643230000000003,41.899859999999997,1922-05-13
Peterson and Western aves.,1922.000000000000000,-87.689588069999999,41.990342120000001,1922-05-13
3858 Wentworth Ave.,1922.000000000000000,-87.631523999999999,41.824295999999997,1922-05-14
31st and Dearborn st,1922.000000000000000,-87.627961639999995,41.838234700000001,1922-05-18
7930 Maryland,1922.000000000000000,-87.604150000000004,41.750695999999998,1922-05-19
3530 Halsted st.,1922.000000000000000,-87.646282999999997,41.830137000000001,1922-05-20
2735 Prarie Ave.,1922.000000000000000,-87.620270000000005,41.844020000000000,1922-05-20
4450 Spaulding ave.,1922.000000000000000,-87.706866000000005,41.812175000000003,1922-05-24
1806 Warren ave.,1922.000000000000000,-87.672013000000007,41.882437000000003,1922-05-25
101 W. 31st st.,1922.000000000000000,-87.628534999999999,41.838163000000002,1922-05-26
46th st. & Hermitage ave,1922.000000000000000,-87.668645380000001,41.810235990000002,1922-05-26
937 E 42nd st,1922.000000000000000,-87.603294000000005,41.817863000000003,1922-05-29
1654 W.14th st.,1922.000000000000000,-87.667655999999994,41.863382999999999,1922-05-29
26th st. & Keeler ave.,1922.000000000000000,-87.729327679999997,41.844069550000000,1922-06-04
1414 Montrose,1922.000000000000000,-87.666272000000006,41.961736999999999,1922-06-10
63 W Lake,1922.000000000000000,-87.625535999999997,41.828563000000003,1922-06-13
3906 S. Western av.,1922.000000000000000,-87.684971000000004,41.822758000000000,1922-06-14
Lincoln ave / Winona st.,1922.000000000000000,-87.692270280000002,41.974854170000000,1922-06-15
4452 N. Winchester ave.,1922.000000000000000,-87.677683999999999,41.962440000000001,1922-06-15
Jackson Blvd and Whipple st.,1922.000000000000000,-87.702312469999995,41.877358010000002,1922-06-15
4326 St. Lawrence ave.,1922.000000000000000,-87.611783000000003,41.816237000000001,1922-06-15
39th st / Indiana Ave.,1922.000000000000000,-87.621588709999997,41.823765160000001,1922-06-16
3718 Indiana ave.,1922.000000000000000,-87.621882999999997,41.826875999999999,1922-06-17
3650 Federal st.,1922.000000000000000,-87.629125000000002,41.829124000000000,1922-06-19
2624 W. 24th st.,1922.000000000000000,-87.691101000000003,41.848436999999997,1922-06-19
1053 Maxwell st,1922.000000000000000,-87.652229000000005,41.864562999999997,1922-06-24
3088 Archer Ave,1922.000000000000000,-87.665144999999995,41.838289000000003,1922-06-28
614 S Halsted,1922.000000000000000,-87.647375999999994,41.874020999999999,1922-07-01
2448 W. 48th St.,1922.000000000000000,-87.685677999999996,41.806736999999998,1922-07-01
Wells St. and Institute Place,1922.000000000000000,-87.634248729999996,41.897325960000003,1922-07-02
11147 Stepheson ave,1922.000000000000000,-87.648193000000006,41.849837999999998,1922-07-02
92nd st. and Harper ave.,1922.000000000000000,-87.586741450000005,41.727735799999998,1922-07-04
43 E. 29th St.,1922.000000000000000,-87.625507999999996,41.841841000000002,1922-07-05
2407 N. Halsted st.,1922.000000000000000,-87.648615000000007,41.925767000000000,1922-07-06
Roosevelt Rd. and halsted st.,1922.000000000000000,-87.646887300000003,41.867100039999997,1922-07-09
3612 N. Cicero ave.,1922.000000000000000,-87.747283999999993,41.946496000000003,1922-07-09
536 W. 26th St.,1922.000000000000000,-87.640568000000002,41.845537000000000,1922-07-10
2116 S. Rideway ave.,1922.000000000000000,-87.718883000000005,41.852764000000001,1922-07-10
3702 Giles ave.,1922.000000000000000,-87.619382999999999,41.827240000000003,1922-07-11
917 W 35th pl,1922.000000000000000,-87.648394999999994,41.829563000000000,1922-07-14
1138 Polk st.,1922.000000000000000,-87.655685000000005,41.871910999999997,1922-07-16
7044 N. Clark,1922.000000000000000,-87.646769000000006,41.873080999999999,1922-07-18
1809 w 43rd st,1922.000000000000000,-87.670472000000004,41.815663000000001,1922-07-20
533 E. 36th Pl,1922.000000000000000,-87.611704000000003,41.828662999999999,1922-07-21
Ohio and Armour,1922.000000000000000,-87.665555479999995,41.892422410000002,1922-07-23
Roosevelt Rd. and Komensky ave.,1922.000000000000000,-87.726259229999997,41.866013430000002,1922-07-25
1626 N. Wells St.,1922.000000000000000,-87.634883000000002,41.911563999999998,1922-07-28
149 W Oak st,1922.000000000000000,-87.633216000000004,41.900362999999999,1922-07-29
Franklin st near Grand,1922.000000000000000,-87.635600569999994,41.891831400000001,1922-07-30
3012 Indiana,1922.000000000000000,-87.622128000000004,41.839989000000003,1922-07-31
2932 State St.,1922.000000000000000,-87.627049000000000,41.841065999999998,1922-08-02
31st  and Cottage Grove Ave,1922.000000000000000,-87.613499160000003,41.838442530000002,1922-08-02
Western ave. at 15th st.,1922.000000000000000,-87.685897350000005,41.861155420000003,1922-08-03
109th & South Park ave.,1922.000000000000000,-87.613434789999999,41.696340290000002,1922-08-03
Leavitt and Division sts.,1922.000000000000000,-87.682099339999994,41.903123479999998,1922-08-04
806 N. Wells st.,1922.000000000000000,-87.634383000000000,41.896872000000002,1922-08-04
370 W. Oak St,1922.000000000000000,-87.638000000000005,41.900635999999999,1922-08-05
State st. 150 ft. North of 71st st.,1922.000000000000000,-87.624850269999996,41.764653950000003,1922-08-09
2604 Iowa St.,1922.000000000000000,-87.692069000000004,41.897637000000003,1922-08-10
28th and State sts.,1922.000000000000000,-87.626717090000000,41.843334230000004,1922-08-10
Clark st. at Wellington st.,1922.000000000000000,-87.647809980000005,41.936397139999997,1922-08-11
5627 Wood st.,1922.000000000000000,-87.669214999999994,41.791620000000002,1922-08-13
Harrison and Des Plaines sts.,1922.000000000000000,-87.643840310000002,41.874290379999998,1922-08-14
718 W 55th,1922.000000000000000,-87.643084000000002,41.794437000000002,1922-08-14
36th stl. Between Federal & laSalle sts.,1922.000000000000000,-87.629356380000004,41.829073700000002,1922-08-15
615 E. 36th st.,1922.000000000000000,-87.624499999999998,41.829880000000003,1922-08-17
Garfield blvd. & State st.,1922.000000000000000,-87.625665659999996,41.794528319999998,1922-08-19
712 Aberdeen st.,1922.000000000000000,-87.654459000000003,41.872475999999999,1922-08-20
Milwaukee and Elson Aves,1922.000000000000000,-87.783250809999998,41.992527039999999,1922-08-20
849 Orleans,1922.000000000000000,-87.637015000000005,41.897984999999998,1922-08-20
4023 W 13th st,1922.000000000000000,-87.725942000000003,41.864162999999998,1922-08-24
Clark & Wisconsin sts.,1922.000000000000000,-87.634956840000001,41.916553180000001,1922-08-27
2959 Wentworth ave.,1922.000000000000000,-87.631514999999993,41.840121000000003,1922-08-28
"West of May st., south of Polk st.",1922.000000000000000,-87.655749319999998,41.871494230000003,1922-08-28
2426 Mozart st.,1922.000000000000000,-87.698812000000004,41.925333000000002,1922-08-28
1653 W. Erie st.,1922.000000000000000,-87.668470999999997,41.893163000000001,1922-08-28
10 W Grand,1922.000000000000000,-87.628524999999996,41.891736999999999,1922-08-28
550 W. Taylor st.,1922.000000000000000,-87.641237000000004,41.869836999999997,1922-08-30
Stoney Island ave / 95th st.,1922.000000000000000,-87.585110659999998,41.722274730000002,1922-09-01
680 N Sangamon st,1922.000000000000000,-87.651284000000004,41.894568999999997,1922-09-02
2030 Walnut,1922.000000000000000,-87.677609000000004,41.886003000000002,1922-09-02
4750 Loomis st.,1922.000000000000000,-87.660283000000007,41.807743000000002,1922-09-03
429 W. Superior st.,1922.000000000000000,-87.640214000000000,41.895363000000003,1922-09-03
53rd st. and Harper av.,1922.000000000000000,-87.589058879999996,41.799423380000000,1922-09-04
2804 S. State st.,1922.000000000000000,-87.614514999999997,41.841943999999998,1922-09-05
31st and Mich. Av,1922.000000000000000,-87.623455519999993,41.838330620000001,1922-09-05
3522 S. State st.,1922.000000000000000,-87.626783000000003,41.830677999999999,1922-09-07
4116 S. State st.,1922.000000000000000,-87.626534000000007,41.819648999999998,1922-09-08
617 W. Madison st.,1922.000000000000000,-87.643223000000006,41.881723999999998,1922-09-10
Springfield av and Roosevlt,1922.000000000000000,-87.722632880000006,41.866109309999999,1922-09-10
925 Sunnyside ave. Apt. #1,1922.000000000000000,-87.653097000000002,41.963462999999997,1922-09-11
Belmont and Wastenaw,1922.000000000000000,-87.695209980000001,41.939350060000002,1922-09-11
433 W Huron st,1922.000000000000000,-87.640262000000007,41.894562999999998,1922-09-14
1130 N. Wells st.,1922.000000000000000,-87.634602000000001,41.903061999999998,1922-09-17
6617 Kenwood ave,1922.000000000000000,-87.592714999999998,41.774701000000000,1922-09-18
89 st & Prairie,1922.000000000000000,-87.617619039999994,41.732732040000002,1922-09-21
Cottage Grove ave and 105th st.,1922.000000000000000,-87.607190610000004,41.703742040000002,1922-09-23
2102 S State,1922.000000000000000,-87.627283000000006,41.854042000000000,1922-09-23
3744 so. State St.,1922.000000000000000,-87.626655000000000,41.826214999999998,1922-09-26
3250 Wabash Ave.,1922.000000000000000,-87.625184000000004,41.835143000000002,1922-09-27
7223 Ashland ave.,1922.000000000000000,-87.663515000000004,41.762664000000001,1922-09-27
Douglas Bldand Lawndale,1922.000000000000000,-87.717654710000005,41.862737510000002,1922-09-29
2140 S. Halsted st.,1922.000000000000000,-87.646682999999996,41.853236000000003,1922-09-30
Sacramento & Chicago av.,1922.000000000000000,-87.702462670000003,41.895584999999997,1922-09-30
1857 W. 13th st.,1922.000000000000000,-87.672652999999997,41.864863000000000,1922-10-01
2942 W Polk,1922.000000000000000,-87.699488000000002,41.871136999999997,1922-10-01
1017 S. Mogan st.,1922.000000000000000,-87.650902000000002,41.869185999999999,1922-10-02
S.W. corner of Whipple st. and Wabansia ave.,1922.000000000000000,-87.703557009999997,41.911826759999997,1922-10-05
25th Place & Lowe Ave.,1922.000000000000000,-87.643518450000002,41.846163580000002,1922-10-08
1259 Blue Island ave,1922.000000000000000,-87.653830999999997,41.866146999999998,1922-10-08
2842 S Tripp,1922.000000000000000,-87.730682999999999,41.840040999999999,1922-10-08
1913  Archer Ave,1922.000000000000000,-87.627505999999997,41.856265999999998,1922-10-16
3130 Indiana Ave,1922.000000000000000,-87.622083000000003,41.837770999999996,1922-10-17
5133 Bernice av,1922.000000000000000,-87.755484999999993,41.950426000000000,1922-10-20
4120 State st,1922.000000000000000,-87.626525000000001,41.819574000000003,1922-10-20
SE corner of Clark & Schiller sts.,1922.000000000000000,-87.631394860000000,41.907690850000002,1922-10-20
1042 W. 14th pl.,1922.000000000000000,-87.652428999999998,41.862707000000000,1922-10-22
1552 Fulton st.,1922.000000000000000,-87.666055000000000,41.886637000000000,1922-10-22
1619 S. Racine Ave,1922.000000000000000,-87.656287000000006,41.859555000000000,1922-10-22
31st st. & LaSalle st.,1922.000000000000000,-87.630021569999997,41.838202729999999,1922-10-23
in Flournoy st 100 ft west of Kedzie,1922.000000000000000,-87.706410880000007,41.872756510000002,1922-10-23
Clybourn and Webster Aves,1922.000000000000000,-87.664396760000002,41.921582610000002,1922-10-25
Thomas st. & Western ave.,1922.000000000000000,-87.686991689999999,41.901143120000000,1922-10-26
6118 S. State St.,1922.000000000000000,-87.625583000000006,41.783352000000001,1922-10-26
2728 Wabash ave.,1922.000000000000000,-87.625421000000003,41.844220000000000,1922-10-28
605 E. 41st st.,1922.000000000000000,-87.611526999999995,41.820163000000001,1922-10-29
533 N. Wells st.,1922.000000000000000,-87.633915000000002,41.891778000000002,1922-10-29
74th & S. Chicago ave.,1922.000000000000000,-87.598114010000003,41.760396470000003,1922-10-31
442 Elm st.,1922.000000000000000,-87.640593999999993,41.902836999999998,1922-11-04
1959 Armitage Ave.,1922.000000000000000,-87.676933000000005,41.917662999999997,1922-11-04
2501 N. Mason Ave,1922.000000000000000,-87.774415000000005,41.925854999999999,1922-11-04
2501 N. Mason ave.,1922.000000000000000,-87.774415000000005,41.925854999999999,1922-11-04
5126 Paulina st.,1922.000000000000000,-87.672217000000003,41.975492000000003,1922-11-05
342 W. 31st st.,1922.000000000000000,-87.635615999999999,41.838337000000003,1922-11-06
3717 Roosevelt Rd.,1922.000000000000000,-87.718213000000006,41.866163000000000,1922-11-06
57th and Stewart,1922.000000000000000,-87.635385990000003,41.790720790000002,1922-11-11
1800 N. Wells st.,1922.000000000000000,-87.634983000000005,41.914940000000001,1922-11-12
427 E. 41st st.,1922.000000000000000,-87.615710000000007,41.820098999999999,1922-11-14
Peterson and Crawford,1922.000000000000000,-87.728555200000002,41.990007200000001,1922-11-16
731 Maxwell St,1922.000000000000000,-87.645632000000006,41.864663000000000,1922-11-16
2406 Blue Island,1922.000000000000000,-87.676130999999998,41.848582999999998,1922-11-17
5218 S. State st.,1922.000000000000000,-87.626024999999998,41.799672000000001,1922-11-18
4724 Cottage Grove Ave,1922.000000000000000,-87.606683000000004,41.809049999999999,1922-11-19
3552 Rhodes,1922.000000000000000,-87.614582999999996,41.829639999999998,1922-11-19
4834 Madison St.,1922.000000000000000,-87.746181000000007,41.880637000000000,1922-11-24
478 E. 31st St.,1922.000000000000000,-87.614934000000005,41.838636999999999,1922-11-24
40th and State,1922.000000000000000,-87.626395230000000,41.821862299999999,1922-11-26
40th and State,1922.000000000000000,-87.626395230000000,41.821862299999999,1922-11-26
317 W. Claremont,1922.000000000000000,-87.685400000000001,41.887349999999998,1922-11-27
Washington Blvd / Campbell ave.,1922.000000000000000,-87.688536639999995,41.882949660000001,1922-11-30
1312 W. Cullerton st.,1922.000000000000000,-87.659239999999997,41.855317999999997,1922-11-30
SE corner of Crawford ave & Thomas st.,1922.000000000000000,-87.725894449999998,41.900632049999999,1922-12-01
500 S State,1922.000000000000000,-87.627782999999994,41.875363000000000,1922-12-01
37th st / Michigan ave,1922.000000000000000,-87.623155120000007,41.827394849999997,1922-12-08
Princeton ave. 70ft. South of 23rd st.,1922.000000000000000,-87.634785179999994,41.851230510000001,1922-12-08
Western av and 51st,1922.000000000000000,-87.684180740000002,41.800991000000003,1922-12-09
Western Av 51st,1922.000000000000000,-87.684180740000002,41.800991000000003,1922-12-09
SE corner of 43rd & State sts.,1922.000000000000000,-87.626094820000006,41.816201329999998,1922-12-10
3320 Calumet,1922.000000000000000,-87.618269999999995,41.834316000000001,1922-12-11
108 W 47th st,1922.000000000000000,-87.628793000000002,41.809336999999999,1922-12-13
4536 Wentworth,1922.000000000000000,-87.631527000000006,41.811484999999998,1922-12-16
5361 Morgan st,1922.000000000000000,-87.649914999999993,41.796441999999999,1922-12-19
5361 Morgan st.,1922.000000000000000,-87.649914999999993,41.796441999999999,1922-12-19
1408 S. Peoria st.,1922.000000000000000,-87.648983000000001,41.861452999999997,1922-12-23
764 E. 41st st.,1922.000000000000000,-87.607825000000005,41.820498999999998,1922-12-25
3632 Ellis av,1922.000000000000000,-87.608029000000002,41.828586999999999,1922-12-25
4315 S. Hermitage Ave,1922.000000000000000,-87.668615000000003,41.815432000000001,1922-12-26
Kolin & Grand av,1922.000000000000000,-87.734863759999996,41.909431480000002,1922-12-26
467 Milwaukee Ave.,1922.000000000000000,-87.646558999999996,41.890718999999997,1922-12-27
554 E. 35th st.,1922.000000000000000,-87.612559000000005,41.831336999999998,1922-12-29
4010 Indiana ave.,1922.000000000000000,-87.621767000000006,41.821702999999999,1922-12-30
Hermitage ave & van Buren st.,1922.000000000000000,-87.670748230000001,41.876319500000001,1922-12-30
Hermitage av VanBuren,1922.000000000000000,-87.670748230000001,41.876319500000001,1922-12-30
1103 W Adams,1922.000000000000000,-87.654848000000001,41.878962999999999,1922-12-30
Leavitt & Washington sts.,1922.000000000000000,-87.681541440000004,41.883045510000002,1922-12-30
Hermitage ave. and Van Buren st.,1922.000000000000000,-87.670748230000001,41.876319500000001,1922-12-30
813 W. Monroe st.,1922.000000000000000,-87.647715000000005,41.880363000000003,1922-12-31
Sawyer & Milwaukee av.,1922.000000000000000,-87.709457869999994,41.930331260000003,1922-12-31
SE corner 31st st. & Vernon ave.,1922.000000000000000,-87.615344519999994,41.838234700000001,1922-12-31
3006 Indiana Av,1922.000000000000000,-87.622129999999999,41.840088999999999,1922-12-31
22nd & Western,1922.000000000000000,-87.685639859999995,41.851997709999999,1922-12-31
Federal st. between 18th & 19th st.,1923.000000000000000,-87.629442209999993,41.857224000000002,1923-01-01
31st & Cottage Grove,1923.000000000000000,-87.613499160000003,41.838442530000002,1923-01-02
63rd st and Woodlawn,1923.000000000000000,-87.596139910000005,41.780320930000002,1923-01-03
2909 W 25th Pl,1923.000000000000000,-87.698079000000007,41.845362999999999,1923-01-06
"Kedzie ave., Jackson Blvd",1923.000000000000000,-87.706003190000004,41.877294100000000,1923-01-06
N.E. corner Root and State sts.,1923.000000000000000,-87.626180649999995,41.819287740000000,1923-01-07
427 W Erie st,1923.000000000000000,-87.639814999999999,41.893763000000000,1923-01-07
Ogden av / Roosevelt Rd.,1923.000000000000000,-87.683751580000006,41.866556740000000,1923-01-09
4144 Sheridan Rd.,1923.000000000000000,-87.654814000000002,41.957633000000001,1923-01-10
2233 S St Louis av,1923.000000000000000,-87.680515000000000,41.851053999999998,1923-01-11
1320 Blue Island,1923.000000000000000,-87.655553999999995,41.864665000000002,1923-01-12
3525 Prairie ave.,1923.000000000000000,-87.620300000000000,41.830536000000002,1923-01-13
1532 S. Spaulding ave.,1923.000000000000000,-87.708083000000002,41.860270000000000,1923-01-16
155 N. Wood st.,1923.000000000000000,-87.671615000000003,41.884295999999999,1923-01-16
1522 S. Sawyer ave.,1923.000000000000000,-87.706883000000005,41.860424000000002,1923-01-18
1541 W. Van Buren St.,1923.000000000000000,-87.665261999999998,41.876263000000002,1923-01-20
9005 Burley av.,1923.000000000000000,-87.545503999999994,41.731786000000000,1923-01-21
3700 Peterson ave.,1923.000000000000000,-87.721489000000005,41.990430000000003,1923-01-23
2609 S. Wabash ave.,1923.000000000000000,-87.625105000000005,41.845379999999999,1923-01-25
627 W 26th st,1923.000000000000000,-87.642724509999994,41.845220480000002,1923-01-27
4104 Cottage Grove,1923.000000000000000,-87.606955999999997,41.820177000000001,1923-01-27
519 E 41st,1923.000000000000000,-87.612978999999996,41.820163000000001,1923-01-28
2953 Wabash Ave,1923.000000000000000,-87.625015000000005,41.841298000000002,1923-01-29
1814 Thomas st.,1923.000000000000000,-87.672884999999994,41.901536999999998,1923-02-02
4720 Ellis ave.,1923.000000000000000,-87.601857999999993,41.809148999999998,1923-02-03
116 W Madison,1923.000000000000000,-87.631294999999994,41.882137000000000,1923-02-03
1755 Wash. Blvd.,1923.000000000000000,-87.671134469999998,41.883205269999998,1923-02-04
"Michigan Ave, and Van Buren St.",1923.000000000000000,-87.624335290000005,41.876958590000001,1923-02-04
12 W 24th st,1923.000000000000000,-87.628513999999996,41.849336999999998,1923-02-06
50th and Racine,1923.000000000000000,-87.655019760000002,41.803166410000003,1923-02-07
1101 Larrabee st.,1923.000000000000000,-87.642930000000007,41.901668999999998,1923-02-09
Lowe and Vincinnes,1923.000000000000000,-87.639935019999996,41.739313029999998,1923-02-10
1100 W. Van Buren st.,1923.000000000000000,-87.654692999999995,41.876728999999997,1923-02-13
244 N Hoyne av,1923.000000000000000,-87.679383000000001,41.886066000000000,1923-02-17
Taylor st / Racine ave.,1923.000000000000000,-87.656757830000004,41.869385059999999,1923-02-18
336 E 35th sst,1923.000000000000000,-87.618134019999999,41.831184210000004,1923-02-18
Van Buren and Halsted,1923.000000000000000,-87.647209169999996,41.876686980000002,1923-02-18
3420 Roosevelt,1923.000000000000000,-87.711123999999998,41.866512000000000,1923-02-26
Rockwell and Division,1923.000000000000000,-87.691948409999995,41.902915860000000,1923-02-26
3420 Roosevelt rd,1923.000000000000000,-87.711123999999998,41.866512000000000,1923-02-26
835 N Hermit,1923.000000000000000,-87.670793000000003,41.897021000000002,1923-02-27
in front of 4909 Madison st.,1923.000000000000000,-87.748132999999996,41.880363000000003,1923-02-28
2638 Lexington st.,1923.000000000000000,-87.692267000000001,41.872137000000002,1923-03-01
1603 Fullerton ave.,1923.000000000000000,-87.668369999999996,41.925063000000002,1923-03-04
2332 Prairie,1923.000000000000000,-87.628383999999997,41.848911999999999,1923-03-04
1000 Larrabee st.,1923.000000000000000,-87.643282999999997,41.900539000000002,1923-03-05
1000 Larrabee,1923.000000000000000,-87.643282999999997,41.900539000000002,1923-03-05
530 S. Halsted st.,1923.000000000000000,-87.647383000000005,41.875174000000001,1923-03-07
37th pl and Ashland,1923.000000000000000,-87.665469650000006,41.825923809999999,1923-03-08
334 S. Winchester ave.,1923.000000000000000,-87.675299999999993,41.878399999999999,1923-03-11
748 E. 45th St.,1923.000000000000000,-87.607766999999996,41.813336999999997,1923-03-11
5611 S. Fairfield,1923.000000000000000,-87.692314999999994,41.791592999999999,1923-03-13
1907 Ohio st.,1923.000000000000000,-87.674834000000004,41.892162999999996,1923-03-13
70 E 31st st,1923.000000000000000,-87.624499999999998,41.838504000000000,1923-03-14
Paulina and Madison Sts.,1923.000000000000000,-87.669289109999994,41.881416000000002,1923-03-15
Lavergne Av 20 ft north of Addison,1923.000000000000000,-87.751965519999999,41.945925799999998,1923-03-16
39th & Federal Sts,1923.000000000000000,-87.629013060000005,41.823653229999998,1923-03-18
73rd st. and Hoyne ave.,1923.000000000000000,-87.675790789999994,41.761004700000001,1923-03-20
1417 Division st.,1923.000000000000000,-87.663482000000002,41.903263000000003,1923-03-21
3745 Rhodes Ave.,1923.000000000000000,-87.614215000000002,41.826410000000003,1923-03-21
643 Liberty st,1923.000000000000000,-87.645493999999999,41.864063000000002,1923-03-24
2498 Blue Island,1923.000000000000000,-87.679801999999995,41.847152999999999,1923-03-26
Lincoln Park at Stockton Dr and Belden av,1923.000000000000000,-87.635707859999997,41.923817780000000,1923-03-27
18th st. and Canalport ave.,1923.000000000000000,-87.639977930000001,41.857639530000000,1923-03-28
613 Independence,1923.000000000000000,-87.719615000000005,41.873286000000000,1923-04-01
4529 Ravenswood,1923.000000000000000,-87.673845999999998,41.963909000000001,1923-04-02
6948 George st.,1923.000000000000000,-87.799738000000005,41.932806999999997,1923-04-03
627 W 43rd st,1923.000000000000000,-87.642250000000004,41.845263000000003,1923-04-05
1303 Clybourn ave.,1923.000000000000000,-87.642043000000001,41.905816000000002,1923-04-07
157 W. 31st  st.,1923.000000000000000,-87.629497999999998,41.838163000000002,1923-04-07
1951 Milwaukee,1923.000000000000000,-87.687667000000005,41.917164999999997,1923-04-08
2756 W 24th st,1923.000000000000000,-87.701115000000001,41.841802999999999,1923-04-08
2900 Flournoy,1923.000000000000000,-87.698694000000003,41.873029000000002,1923-04-09
3300N. Racine ave.,1923.000000000000000,-87.659189999999995,41.941732000000002,1923-04-09
909 Harrison st.,1923.000000000000000,-87.649619999999999,41.874234000000001,1923-04-09
847 Cambridge Ave,1923.000000000000000,-87.641615000000002,41.897140999999998,1923-04-10
2813 Dearborn,1923.000000000000000,-87.628001999999995,41.839837000000003,1923-04-10
Clybourn & Bosworth ave.,1923.000000000000000,-87.667272089999997,41.923706019999997,1923-04-11
3012 State st.,1923.000000000000000,-87.626982999999996,41.839250000000000,1923-04-11
4758 Calumet ave.,1923.000000000000000,-87.618283000000005,41.808312000000001,1923-04-12
3143 Madison,1923.000000000000000,-87.704766000000006,41.880862999999998,1923-04-15
2620 Lowe av.,1923.000000000000000,-87.642983000000001,41.845109999999998,1923-04-15
2516 Division,1923.000000000000000,-87.690177000000006,41.903137000000001,1923-04-16
63rd & Morgan sts.,1923.000000000000000,-87.649526600000002,41.779536870000001,1923-04-18
Paulina st. & Archer av.,1923.000000000000000,-87.668108939999996,41.836140420000000,1923-04-18
7745 Cottage Grove,1923.000000000000000,-87.605114999999998,41.754069999999999,1923-04-18
200 ft. south of 22nd st. on east side of Kedzie a,1923.000000000000000,-87.705155610000006,41.851534200000003,1923-04-19
7 W. 29th st.,1923.000000000000000,-87.744219999999999,41.840299999999999,1923-04-21
Roosevelt & Western,1923.000000000000000,-87.686047549999998,41.866572720000001,1923-04-23
at Comelia st and Southport ave,1923.000000000000000,-87.663967610000000,41.945207609999997,1923-04-25
62nd st. / South Park ave.,1923.000000000000000,-87.615559099999999,41.781937020000001,1923-04-28
63rd and Cottage Grove,1923.000000000000000,-87.605838779999999,41.780272920000002,1923-04-28
7924 Aberdeen st.,1923.000000000000000,-87.651482999999999,41.749993000000003,1923-04-29
2113 Kenneth av.,1923.000000000000000,-87.737433999999993,41.919244999999997,1923-04-30
2214 Dearborn,1923.000000000000000,-87.628459000000007,41.852181999999999,1923-05-01
55th & Normal ave.,1923.000000000000000,-87.637789249999997,41.793920409999998,1923-05-02
2010 Blue Island,1923.000000000000000,-87.663993000000005,41.854810999999998,1923-05-05
Roosevelt Rd. and Robey,1923.000000000000000,-87.676284310000000,41.866732519999999,1923-05-07
1115 Lytle st.,1923.000000000000000,-87.657758000000001,41.868040999999998,1923-05-09
600 W. 41st st.,1923.000000000000000,-87.641182000000001,41.820436999999998,1923-05-12
2433 W. 45th pl.,1923.000000000000000,-87.685428000000002,41.811042999999998,1923-05-13
2220 Walnut st.,1923.000000000000000,-87.682571409999994,41.885857129999998,1923-05-14
1028 S Morgan,1923.000000000000000,-87.651264999999995,41.869059999999998,1923-05-14
55th & State sts.,1923.000000000000000,-87.625665659999996,41.794176370000002,1923-05-15
Princeton av between 39ht and 40th sts,1923.000000000000000,-87.633175850000001,41.822070170000003,1923-05-17
S.E. corner of lake st. & Oakley Blvd.,1923.000000000000000,-87.683923239999999,41.884627060000000,1923-05-18
3101 S. State st.,1923.000000000000000,-87.626411000000004,41.838166000000001,1923-05-20
1428 W 51st st,1923.000000000000000,-87.660886000000005,41.801537000000003,1923-05-22
3030 State st.,1923.000000000000000,-87.626982999999996,41.839080000000003,1923-05-27
1610 Blue Island ave.,1923.000000000000000,-87.659996000000007,41.859502999999997,1923-05-29
2807 Wentworth ave.,1923.000000000000000,-87.627082999999999,41.842950000000002,1923-05-31
Wood and Superior,1923.000000000000000,-87.672142980000004,41.895025969999999,1923-05-31
Cottage Grove ave & 89th pl.,1923.000000000000000,-87.604722980000005,41.732091519999997,1923-06-03
37th and Federal sts.,1923.000000000000000,-87.629077429999995,41.827298910000003,1923-06-04
37th & Federal Sts.,1923.000000000000000,-87.629077429999995,41.827298910000003,1923-06-04
416 N. Racine Ave.,1923.000000000000000,-87.657563999999994,41.889628000000002,1923-06-04
37th and Federal,1923.000000000000000,-87.629077429999995,41.827298910000003,1923-06-04
37th and Federal sts.,1923.000000000000000,-87.629077429999995,41.827298910000003,1923-06-04
5835 Winthrop,1923.000000000000000,-87.657843999999997,41.988100000000003,1923-06-05
2003 W. Division St.,1923.000000000000000,-87.677509999999998,41.903053000000000,1923-06-06
6500 S State,1923.000000000000000,-87.625382999999999,41.776263000000000,1923-06-10
641 E. 67th st.,1923.000000000000000,-87.643743000000001,41.881962999999999,1923-06-11
901 So. Raccine Ave.,1923.000000000000000,-87.656566999999995,41.870401000000001,1923-06-13
1304 W. Augusta st.,1923.000000000000000,-87.661227999999994,41.899937000000001,1923-06-14
33rd st. and Wabash Ave.,1923.000000000000000,-87.625064850000001,41.834669580000003,1923-06-16
N.W. corner of 32nd St. and Wabash Ave.,1923.000000000000000,-87.625300879999998,41.836428179999999,1923-06-16
2943 Federal,1923.000000000000000,-87.629006000000004,41.840525999999997,1923-06-19
2138 Federal st.,1923.000000000000000,-87.629482999999993,41.852654000000001,1923-06-21
2138 Federal st.,1923.000000000000000,-87.629482999999993,41.852654000000001,1923-06-21
2138 Federal st.,1923.000000000000000,-87.629482999999993,41.852654000000001,1923-06-21
2138 Federal St.,1923.000000000000000,-87.629482999999993,41.852654000000001,1923-06-21
1752 N. Winchester ave.,1923.000000000000000,-87.676483000000005,41.913240000000002,1923-06-21
2138 Federal,1923.000000000000000,-87.629482999999993,41.852654000000001,1923-06-21
2138 Federal,1923.000000000000000,-87.629482999999993,41.852654000000001,1923-06-21
2842 Federal st.,1923.000000000000000,-87.629435000000001,41.841762000000003,1923-06-24
2417 S. Kedzie ave,1923.000000000000000,-87.704915000000000,41.847701000000001,1923-06-27
740 S. Halsted st.,1923.000000000000000,-87.647317000000001,41.872677000000003,1923-06-29
740 S. Halsted,1923.000000000000000,-87.647317000000001,41.872677000000003,1923-06-29
Campbell ave / Irving Park,1923.000000000000000,-87.690939900000004,41.953968979999999,1923-07-01
84th st. and Ashland ave.,1923.000000000000000,-87.663109300000002,41.741202340000001,1923-07-01
5725 W. Division St.,1923.000000000000000,-87.768911000000003,41.901963000000002,1923-07-02
726 S. Hermitage ave.,1923.000000000000000,-87.670483000000004,41.872518999999997,1923-07-03
1309 Anaconda st.,1923.000000000000000,-87.660087000000004,41.893763000000000,1923-07-04
864 Oakwood Blvd,1923.000000000000000,-87.604636999999997,41.823819000000000,1923-07-04
28th St. & Halsted St,1923.000000000000000,-87.646393779999997,41.843478099999999,1923-07-07
301 E Grand Av,1923.000000000000000,-87.619992999999994,41.891663000000001,1923-07-08
1212 S. Oakley ave.,1923.000000000000000,-87.683848999999995,41.866222999999998,1923-07-09
724 W. 19th St.,1923.000000000000000,-87.645330999999999,41.856836999999999,1923-07-09
47th and Winchester,1923.000000000000000,-87.673408989999999,41.808348709999997,1923-07-15
31 W Adams st,1923.000000000000000,-87.628637999999995,41.879303000000000,1923-07-17
12 W. 33rd ST.,1923.000000000000000,-87.626988999999995,41.834837000000000,1923-07-18
120 E. 34th st.,1923.000000000000000,-87.622885999999994,41.833036999999997,1923-07-18
69th st. / Yale ave.,1923.000000000000000,-87.631287569999998,41.768895129999997,1923-07-20
21 W. 37th st.,1923.000000000000000,-87.628331000000003,41.827162999999999,1923-07-20
1617 Fulton st.,1923.000000000000000,-87.667550000000006,41.886763000000002,1923-07-21
3745 Wabash ave.,1923.000000000000000,-87.624673999999999,41.826165000000003,1923-07-21
Close to 390 Kensington,1923.000000000000000,-87.613725000000002,41.684137000000000,1923-07-22
1002 So. State St.,1923.000000000000000,-87.627683000000005,41.869934999999998,1923-07-23
11th st. & Michigan ave.,1923.000000000000000,-87.624206540000003,41.869273210000003,1923-07-23
4106 Sheridan Rd.,1923.000000000000000,-87.654784000000006,41.956766000000002,1923-07-25
1635 Division st.,1923.000000000000000,-87.668971999999997,41.903162999999999,1923-07-29
Fullerton and Crawford avs,1923.000000000000000,-87.726666929999993,41.924344630000000,1923-07-29
1302 Washington Blvd.,1923.000000000000000,-87.659959999999998,41.883108999999997,1923-07-30
Schiller and Clark,1923.000000000000000,-87.631566520000007,41.907770700000000,1923-07-30
2634 W. 47th st.,1923.000000000000000,-87.690724000000003,41.808436999999998,1923-07-30
25 ft east of Perry av ; in 95th st,1923.000000000000000,-87.626030450000002,41.721666130000003,1923-07-31
2335 W. Chicago Ave,1923.000000000000000,-87.685300999999995,41.895662999999999,1923-08-02
State st. and 30th st.,1923.000000000000000,-87.626781460000004,41.839513619999998,1923-08-03
3021 S. State st.,1923.000000000000000,-87.626414999999994,41.839174999999997,1923-08-08
10743 Hoxie Ave.,1923.000000000000000,-87.560570999999996,41.700164000000001,1923-08-10
2298 Blue Island ave.,1923.000000000000000,-87.671027179999996,41.850479290000003,1923-08-12
Kedzie / Belmont ave.,1923.000000000000000,-87.707612510000004,41.939302179999999,1923-08-13
4151 Lake st.,1923.000000000000000,-87.729500999999999,41.885466999999998,1923-08-13
SE corner 29th & Dearborn sts.,1923.000000000000000,-87.627875799999998,41.842055389999999,1923-08-13
2525 E. 73rd st.,1923.000000000000000,-87.562974999999994,41.762697000000003,1923-08-13
3123 Wabash,1923.000000000000000,-87.624876000000000,41.835937000000001,1923-08-14
Polk and Wells sts.,1923.000000000000000,-87.633605000000003,41.872133359999999,1923-08-15
3907 Cottage Grove,1923.000000000000000,-87.606714999999994,41.823602999999999,1923-08-15
Polk and Wells sts.,1923.000000000000000,-87.633605000000003,41.872133359999999,1923-08-15
Rockwell and North ave.,1923.000000000000000,-87.692120079999995,41.910213949999999,1923-08-19
3254 Rhodes av.,1923.000000000000000,-87.613583000000006,41.835019000000003,1923-08-19
305 S. Clark st.,1923.000000000000000,-87.630600999999999,41.878019000000002,1923-08-20
724 W. 31st.,1923.000000000000000,-87.644695999999996,41.838236999999999,1923-08-20
2013 Loomis st.,1923.000000000000000,-87.661015000000006,41.854880999999999,1923-08-20
3523 Prairie,1923.000000000000000,-87.620300999999998,41.830570000000002,1923-08-22
Monroe and Green sts.,1923.000000000000000,-87.648496629999997,41.880425490000000,1923-08-24
2912 S. Wallace st.,1923.000000000000000,-87.641666000000001,41.841461000000002,1923-08-25
Western and Washington,1923.000000000000000,-87.686455249999995,41.883029540000003,1923-08-26
956 W 19th st,1923.000000000000000,-87.650310000000005,41.856836999999999,1923-08-26
2911 S. Canal st.,1923.000000000000000,-87.637614999999997,41.841493000000000,1923-08-27
321 E. 46th st.,1923.000000000000000,-87.618955999999997,41.811008000000001,1923-08-27
3328 State st.,1923.000000000000000,-87.626824380000002,41.834381809999996,1923-08-28
1245 Ohio st.,1923.000000000000000,-87.658589000000006,41.892363000000003,1923-08-29
6107 Vernon,1923.000000000000000,-87.614276000000004,41.783633999999999,1923-08-31
4239 Kedzie av,1923.000000000000000,-87.707955999999996,41.958345000000001,1923-09-01
847 H May,1923.000000000000000,-87.655114999999995,41.897571999999997,1923-09-03
1325 Cortland st.,1923.000000000000000,-87.660839999999993,41.916933999999998,1923-09-03
2505 Fullerton Ave.,1923.000000000000000,-87.690410000000000,41.924762999999999,1923-09-07
443 E 35th,1923.000000000000000,-87.615844999999993,41.831063000000000,1923-09-09
1118 Sedgewick st.,1923.000000000000000,-87.639082999999999,41.901770999999997,1923-09-10
2817 Lowe Ave,1923.000000000000000,-87.642593000000005,41.843190000000000,1923-09-13
57th st. and Cottage Grove ave.,1923.000000000000000,-87.606031889999997,41.791200750000002,1923-09-13
6300 Milwaukkee av,1923.000000000000000,-87.655299999999997,41.871499999999997,1923-09-16
"Laflin st, between north and south drives of Garfi",1923.000000000000000,-87.662079329999997,41.793776430000001,1923-09-17
Laflin st. between north & south drivers of Garfie,1923.000000000000000,-87.662079329999997,41.793776430000001,1923-09-17
Desplaines & Monroe,1923.000000000000000,-87.644076350000006,41.880489390000001,1923-09-17
1160 W. 18th st.,1923.000000000000000,-87.655452999999994,41.858136999999999,1923-09-18
Keeler ave. and Hirsh st.,1923.000000000000000,-87.731130120000003,41.906030029999997,1923-09-19
104th st. & Ewing ave.,1923.000000000000000,-87.535328870000001,41.706369299999999,1923-09-19
2201 So. Crawford Ave.,1923.000000000000000,-87.721699999999998,41.727919999999997,1923-09-21
13th & Spaulding av.,1923.000000000000000,-87.708063129999999,41.864511329999999,1923-09-22
559 Taylor st.,1923.000000000000000,-87.641379999999998,41.869562999999999,1923-09-23
1102 S. Jefferson,1923.000000000000000,-87.642382999999995,41.868566999999999,1923-09-24
3127 S. State st.,1923.000000000000000,-87.626399000000006,41.837729000000003,1923-09-25
2103 S. Michigan ave.,1923.000000000000000,-87.623615000000001,41.854132999999997,1923-09-28
619 So. Sangamon St.,1923.000000000000000,-87.650819999999996,41.880659999999999,1923-09-30
51 E. 26thst.,1923.000000000000000,-87.625088000000005,41.845463000000002,1923-10-03
Clark and Hollywood av,1923.000000000000000,-87.669074539999997,41.985270270000001,1923-10-04
3631 Cincennes Ave.,1923.000000000000000,-87.611258000000007,41.828173000000000,1923-10-06
2914 S. Throop st.,1923.000000000000000,-87.652192999999997,41.840964999999997,1923-10-07
State and Kinzie,1923.000000000000000,-87.627983090000001,41.889243680000000,1923-10-08
2900 S LaSalle,1923.000000000000000,-87.630230999999995,41.840094000000001,1923-10-10
Belmont / Greenview aves.,1923.000000000000000,-87.661414149999999,41.939796979999997,1923-10-13
328 N cicero,1923.000000000000000,-87.745683000000000,41.886308000000000,1923-10-14
Wells and Roosevelt,1923.000000000000000,-87.633519170000000,41.867259840000003,1923-10-14
Washtenaw av and VanBuren,1923.000000000000000,-87.693686490000005,41.875999960000001,1923-10-15
525 N. Homan ave.,1923.000000000000000,-87.655184000000006,41.977161000000002,1923-10-17
87th and Muskegaon,1923.000000000000000,-87.555048470000003,41.737311579999997,1923-10-19
26th st. & Kedzie ave.,1923.000000000000000,-87.705080510000002,41.844485169999999,1923-10-19
541 Maxwell st.,1923.000000000000000,-87.641234999999995,41.864719000000001,1923-10-19
1353 S. Morgan st.,1923.000000000000000,-87.650774999999996,41.864229999999999,1923-10-21
41st and Halsted,1923.000000000000000,-87.645857329999998,41.820263199999999,1923-10-22
1942 Archer ave.,1923.000000000000000,-87.628309999999999,41.856175999999998,1923-10-23
1558 Clybourn av,1923.000000000000000,-87.648076000000003,41.909720000000000,1923-10-25
914 W. Polk st.,1923.000000000000000,-87.653480000000002,41.871800000000000,1923-10-27
914 W. Polk st.,1923.000000000000000,-87.653480000000002,41.871800000000000,1923-10-27
56th st. and Cottage Grove Ave.,1923.000000000000000,-87.606117729999994,41.793008540000002,1923-10-31
4423 Vincennes ave.,1923.000000000000000,-87.613815000000002,41.814616000000001,1923-11-03
4555 S. Justine st.,1923.000000000000000,-87.663661000000005,41.811222000000001,1923-11-03
3051 Lincoln Ave.,1923.000000000000000,-87.664807999999994,41.937125999999999,1923-11-04
Clark and Schiller,1923.000000000000000,-87.631545070000001,41.907786670000000,1923-11-04
Congress & Throop Sts,1923.000000000000000,-87.659783360000006,41.875296960000000,1923-11-05
Drexel Blvd at 41st st.,1923.000000000000000,-87.605302330000001,41.820535049999997,1923-11-08
Drexel Blvd and 41st,1923.000000000000000,-87.605302330000001,41.820535049999997,1923-11-08
Potomac / Washtenaw aves.,1923.000000000000000,-87.694458960000006,41.904736470000003,1923-11-12
637 S. Aberdeen st.,1923.000000000000000,-87.654700000000005,41.881279999999997,1923-11-17
2416 Wabash av,1923.000000000000000,-87.625583000000006,41.849027999999997,1923-11-17
4034 S. State st.,1923.000000000000000,-87.626582999999997,41.821173999999999,1923-11-18
20 W. Huron st.,1923.000000000000000,-87.628934000000001,41.895037000000002,1923-11-24
Morgan st. and Grand Ave.,1923.000000000000000,-87.652273179999995,41.891080649999999,1923-11-24
2237 Ferdinand,1923.000000000000000,-87.735391000000007,41.850651999999997,1923-11-25
Monroe st. and Hoyne Ave.,1923.000000000000000,-87.679052350000006,41.879978160000000,1923-11-26
47 W 30th st,1923.000000000000000,-87.627684000000002,41.839362999999999,1923-11-27
1159 Jackson Blvd.,1923.000000000000000,-87.655994000000007,41.877662999999998,1923-11-29
2315 Dearbron st.,1923.000000000000000,-87.628015000000005,41.849032000000001,1923-12-01
3502 State st,1923.000000000000000,-87.626783000000003,41.830846000000001,1923-12-03
3033 Cottage Grove ave.,1923.000000000000000,-87.613538000000005,41.839297999999999,1923-12-04
4408 Indiana ave.,1923.000000000000000,-87.621567999999996,41.814450000000001,1923-12-04
1149 W Adams,1923.000000000000000,-87.655838000000003,41.878962999999999,1923-12-04
3114 Vernon Ave,1923.000000000000000,-87.615583000000001,41.838039000000002,1923-12-05
626 Diversey Pkwy,1923.000000000000000,-87.644603000000004,41.932937000000003,1923-12-07
2920 Quinn st.,1923.000000000000000,-87.650360000000006,41.840493000000002,1923-12-08
42nd and State sts.,1923.000000000000000,-87.626287939999997,41.818296259999997,1923-12-08
10828 Torrence av,1923.000000000000000,-87.559749999999994,41.698638000000003,1923-12-08
3501 Wabash,1923.000000000000000,-87.624314999999996,41.830948999999997,1923-12-12
32nd st. and Michigan ave.,1923.000000000000000,-87.623412610000003,41.836428179999999,1923-12-13
1309 S jefferson,1923.000000000000000,-87.641900000000007,41.864530000000002,1923-12-13
1435 State St,1923.000000000000000,-87.627054000000001,41.863036000000001,1923-12-15
Garibaldi Pl / Taylor st,1923.000000000000000,-87.664074900000003,41.869496910000002,1923-12-15
5213 State st.,1923.000000000000000,-87.625658999999999,41.799765999999998,1923-12-15
414 E. 33 St.,1923.000000000000000,-87.615689000000003,41.834266000000000,1923-12-16
2623 Princeton Ave.,1923.000000000000000,-87.634114999999994,41.845111000000003,1923-12-18
2954 Cottage Grove,1923.000000000000000,-87.614377000000005,41.840406000000002,1923-12-18
4402 S Komensky,1923.000000000000000,-87.725173999999996,41.813225000000003,1923-12-20
3060 Prairie ave.,1923.000000000000000,-87.620783000000003,41.838349000000001,1923-12-22
3419 State st,1923.000000000000000,-87.626315000000005,41.832523000000002,1923-12-22
State st. between 62nd and 63rd sts.,1923.000000000000000,-87.625322339999997,41.780832959999998,1923-12-23
LaSalle st between 31st and 32nd sts.,1923.000000000000000,-87.629935739999993,41.837115630000000,1923-12-24
8952 Greenbay ave.,1923.000000000000000,-87.541730999999999,41.732857000000003,1923-12-24
1451 S. State st.,1923.000000000000000,-87.627030000000005,41.862644000000003,1923-12-24
1925 S. Allport st.,1923.000000000000000,-87.657397000000003,41.855777000000003,1923-12-24
1925 S. Allport st.,1923.000000000000000,-87.657397000000003,41.855777000000003,1923-12-24
Southwest corner of Racine ave. and Harrison st.,1923.000000000000000,-87.656993869999994,41.874114620000000,1923-12-25
414 E. 33rd st.,1923.000000000000000,-87.615689000000003,41.834266000000000,1923-12-25
225 Alexander st.,1923.000000000000000,-87.621335999999999,41.851931000000000,1923-12-26
corner of Grenshaw st. and Independence Blvd.,1923.000000000000000,-87.719993590000001,41.867036130000002,1923-12-27
5211 Broadway,1923.000000000000000,-87.659713999999994,41.976609000000003,1923-12-29
2859  Madison st.,1924.000000000000000,-87.697999999999993,41.880963000000001,1924-01-01
2356 Wabash Ave.,1924.000000000000000,-87.685399000000004,41.883980999999999,1924-01-01
454 E 64st,1924.000000000000000,-87.613945999999999,41.778574999999996,1924-01-01
42nd st. and Prairie ave.,1924.000000000000000,-87.619850639999996,41.818344240000002,1924-01-03
8051 S Halsted,1924.000000000000000,-87.643764000000004,41.747883999999999,1924-01-04
Chicago av and Mazart,1924.000000000000000,-87.697956559999994,41.895648889999997,1924-01-06
3354 Indiana av,1924.000000000000000,-87.621983000000000,41.833731999999998,1924-01-07
79th st. and Merrill ave.,1924.000000000000000,-87.572386260000002,41.751608539999999,1924-01-07
3639 Waveland,1924.000000000000000,-87.719126000000003,41.948163000000001,1924-01-08
455 E. 31st St.,1924.000000000000000,-87.615074000000007,41.838363000000001,1924-01-09
4509 N. Marmora Ave.,1924.000000000000000,-87.774513999999996,41.962569999999999,1924-01-09
1016 S Morgan,1924.000000000000000,-87.651269999999997,41.869188000000001,1924-01-09
3528 Halsted st,1924.000000000000000,-87.646282999999997,41.830171999999997,1924-01-11
"Halsted st, between 38th Pl and 39th st.",1924.000000000000000,-87.645964620000001,41.824021010000003,1924-01-14
710 E. 38th st.,1924.000000000000000,-87.609634000000000,41.825837000000000,1924-01-15
2000 W. Division st.,1924.000000000000000,-87.677492000000001,41.903328000000002,1924-01-16
38th & State,1924.000000000000000,-87.626438140000005,41.825540060000002,1924-01-16
1841 W. 59th st.,1924.000000000000000,-87.670816000000002,41.786563000000001,1924-01-20
2725 Indiana ave.,1924.000000000000000,-87.621855999999994,41.843981999999997,1924-01-20
1107 Cambridge,1924.000000000000000,-87.642033999999995,41.902901999999997,1924-01-20
32nd st. & Prairie ave.,1924.000000000000000,-87.620666029999995,41.836540090000000,1924-01-22
Marquette Rd & Stoney Island ave,1924.000000000000000,-87.586269380000005,41.773232049999997,1924-01-25
4010 Vincennes,1924.000000000000000,-87.613426000000004,41.821024000000001,1924-01-27
530 N. Elizabeth St.,1924.000000000000000,-87.659683000000001,41.891958000000002,1924-01-28
2968 S LaSalle,1924.000000000000000,-87.630216000000004,41.839526999999997,1924-01-29
Walton / Ashland ave.,1924.000000000000000,-87.667336460000001,41.898747440000001,1924-01-30
Spaulding av and Hirsch,1924.000000000000000,-87.709329130000000,41.906429269999997,1924-01-30
2347 Clifton,1924.000000000000000,-87.656914999999998,41.924309000000001,1924-02-01
Ashland Auditorium 1600 W. Van Buren,1924.000000000000000,-87.666910999999999,41.876511999999998,1924-02-02
434 E. 31st. St.,1924.000000000000000,-87.615202999999994,41.838636999999999,1924-02-03
1828 Indiana ave.,1924.000000000000000,-87.622483000000003,41.857464000000000,1924-02-03
212 E. 44th st.,1924.000000000000000,-87.621067999999994,41.814857000000003,1924-02-04
26th near stewart,1924.000000000000000,-87.636330130000005,41.845428280000000,1924-02-07
1458 Madison st.,1924.000000000000000,-87.663432999999998,41.881636999999998,1924-02-08
4642 W. Madison st.,1924.000000000000000,-87.741570999999993,41.880693000000001,1924-02-09
209 N. Wood st.,1924.000000000000000,-87.671650999999997,41.885511999999999,1924-02-09
4642 W Madison,1924.000000000000000,-87.741570999999993,41.880693000000001,1924-02-09
3123 Vernon ave.,1924.000000000000000,-87.615215000000006,41.837829999999997,1924-02-10
4204 Michigan ave.,1924.000000000000000,-87.623267999999996,41.818095999999997,1924-02-11
3114 Moffat,1924.000000000000000,-87.705571000000006,41.914836999999999,1924-02-11
3513 Calumet St.,1924.000000000000000,-87.618205000000003,41.830748000000000,1924-02-12
3513 Calumet ave.,1924.000000000000000,-87.618205000000003,41.830748000000000,1924-02-12
721 S State,1924.000000000000000,-87.627275999999995,41.872796000000001,1924-02-19
114 E 114th pl,1924.000000000000000,-87.620320000000007,41.686436999999998,1924-02-20
1216 Carmen ave.,1924.000000000000000,-87.660247999999996,41.974736999999998,1924-02-22
833 So. Wood St.,1924.000000000000000,-87.671294000000003,41.871032000000000,1924-02-24
9330 Cottage Grove ave.,1924.000000000000000,-87.604746000000006,41.725155000000001,1924-02-25
324 S Racine,1924.000000000000000,-87.657183000000003,41.876883999999997,1924-02-25
63rd st. & Wentworth ave,1924.000000000000000,-87.630085949999994,41.779856889999998,1924-02-26
4958 Argyle st.,1924.000000000000000,-87.751672999999997,41.971736999999997,1924-02-27
40th and Drexel,1924.000000000000000,-87.605388160000004,41.821446530000003,1924-02-27
4019 Federal,1924.000000000000000,-87.628315000000001,41.821441000000000,1924-03-02
1100 W Taylor,1924.000000000000000,-87.654383999999993,41.869636999999997,1924-03-02
Jackson Blvd. At Keeler ave.,1924.000000000000000,-87.730379099999993,41.876942610000000,1924-03-03
3852 Indiana ave.,1924.000000000000000,-87.621782999999994,41.824663000000001,1924-03-05
33 W. 19th st.,1924.000000000000000,-87.628259999999997,41.856462999999998,1924-03-08
3121 Fifth ave.,1924.000000000000000,-87.704476000000000,41.878624000000002,1924-03-08
1511 Ogden Av,1924.000000000000000,-87.645778000000007,41.907446000000000,1924-03-08
2658 w Iowa,1924.000000000000000,-87.693231999999995,41.897637000000003,1924-03-10
640 W. Madison,1924.000000000000000,-87.644868000000002,41.903837000000003,1924-03-10
50th St. and Forrestville Ave.,1924.000000000000000,-87.612490649999998,41.803822220000001,1924-03-12
1340 Carroll ave.,1924.000000000000000,-87.660334000000006,41.887836999999998,1924-03-12
LaSalle and Divison,1924.000000000000000,-87.632896900000006,41.903858110000002,1924-03-14
42nd st. and Calumet ave.,1924.000000000000000,-87.618412969999994,41.818392209999999,1924-03-15
2012 dearborn st.,1924.000000000000000,-87.628855000000001,41.855217000000003,1924-03-18
3251 Giles ave.,1924.000000000000000,-87.619214999999997,41.835627000000002,1924-03-18
31st & Vernon av.,1924.000000000000000,-87.615537639999999,41.838362590000003,1924-03-19
619 S. Aberdeen st.,1924.000000000000000,-87.654700000000005,41.881279999999997,1924-03-22
47th st. & Mich. Ave.,1924.000000000000000,-87.622854709999999,41.809132419999997,1924-03-22
3776 Cottage Grove ave apt. 26,1924.000000000000000,-87.608413700000000,41.826387510000004,1924-03-23
31 No. State st.,1924.000000000000000,-87.627651999999998,41.882894999999998,1924-03-24
3107 Rhodes  Ave.,1924.000000000000000,-87.613214999999997,41.838242999999999,1924-03-24
5476 Woodlawn ave.,1924.000000000000000,-87.596727999999999,41.795757999999999,1924-03-24
43rd and State Sts,1924.000000000000000,-87.626287939999997,41.816377240000001,1924-03-26
1206 S Lawndale,1924.000000000000000,-87.717983000000004,41.866064000000001,1924-03-27
1134 Lake st.,1924.000000000000000,-87.655833000000001,41.885637000000003,1924-03-28
2434 N Rockwell,1924.000000000000000,-87.692719999999994,41.925556999999998,1924-03-29
Wabash ave at 24th st.,1924.000000000000000,-87.625408170000000,41.849248539999998,1924-03-29
49 E 38th st,1924.000000000000000,-87.625596999999999,41.825412000000000,1924-03-30
SE corner of Miller / Polk sts.,1924.000000000000000,-87.652122969999994,41.871717930000003,1924-03-31
S.E. corner of Ashalnd ave. & Madison st.,1924.000000000000000,-87.666542530000001,41.881336120000000,1924-03-31
Miller and Polk sts.,1924.000000000000000,-87.652273179999995,41.871797819999998,1924-03-31
810 N Carperter,1924.000000000000000,-87.653802999999996,41.896512999999999,1924-04-02
1406 N. Western Ave.,1924.000000000000000,-87.687282999999994,41.906931999999998,1924-04-05
4238  W. 119th st.,1924.000000000000000,-87.725100999999995,41.676737000000003,1924-04-05
1528 N. Wood St.,1924.000000000000000,-87.672752000000003,41.909568000000000,1924-04-07
6647 Rhodes Ave,1924.000000000000000,-87.611667999999995,41.773997999999999,1924-04-11
438 Belden,1924.000000000000000,-87.640110000000007,41.923836999999999,1924-04-11
1700 W. Harrison,1924.000000000000000,-87.669281999999995,41.874336999999997,1924-04-12
2710 S. Dearborn st.,1924.000000000000000,-87.628283999999994,41.844686000000003,1924-04-13
"NE corner of Ashland Blvd, and Taylor St,",1924.000000000000000,-87.666177750000003,41.869353099999998,1924-04-13
225 E. 35th st.,1924.000000000000000,-87.632479000000004,41.851343999999997,1924-04-14
1369 Blue Island,1924.000000000000000,-87.655866000000003,41.863847999999997,1924-04-18
1369 Blue Island ave.,1924.000000000000000,-87.655866000000003,41.863847999999997,1924-04-18
1369 Blue Island,1924.000000000000000,-87.655866000000003,41.863847999999997,1924-04-18
1369 Blue Island,1924.000000000000000,-87.655866000000003,41.863847999999997,1924-04-18
1369 Blue Island,1924.000000000000000,-87.655866000000003,41.863847999999997,1924-04-18
1369 Blue Island Ave.,1924.000000000000000,-87.655866000000003,41.863847999999997,1924-04-18
Rockwell and Madison,1924.000000000000000,-87.691068650000005,41.881064530000003,1924-04-18
1396 Blue Island,1924.000000000000000,-87.656508000000002,41.863638999999999,1924-04-18
1123 Madison st.,1924.000000000000000,-87.655221999999995,41.881462999999997,1924-04-19
1746 W. Polk st.,1924.000000000000000,-87.670075999999995,41.871737000000003,1924-04-20
2728 Wabash av.,1924.000000000000000,-87.625421000000003,41.844220000000000,1924-04-21
4852 Prairie Ave.,1924.000000000000000,-87.619682999999995,41.806562999999997,1924-04-22
74th and Ashland,1924.000000000000000,-87.663516999999999,41.759340070000000,1924-04-22
1507 Ogden Ave.,1924.000000000000000,-87.645793999999995,41.907425000000003,1924-04-28
63rd st. & Wentworth,1924.000000000000000,-87.630085949999994,41.779856889999998,1924-04-29
2060 Flournoy St.,1924.000000000000000,-87.679379999999995,41.873199999999997,1924-04-30
523 E 41st st,1924.000000000000000,-87.612928999999994,41.820163000000001,1924-05-03
1816 Jackson Blvd,1924.000000000000000,-87.672162000000000,41.877724999999998,1924-05-04
"Rush St, and Delaware Pl.",1924.000000000000000,-87.626888750000006,41.899162689999997,1924-05-04
2712 Federal St.,1924.000000000000000,-87.629946000000004,41.841763000000000,1924-05-05
SW corner of Irving Park Blvd / Hamlin ave.,1924.000000000000000,-87.722697260000004,41.953394500000002,1924-05-08
2300 S. Wabash ave,1924.000000000000000,-87.625583000000006,41.850963000000000,1924-05-08
943 W. 18th st.,1924.000000000000000,-87.650321000000005,41.857863000000002,1924-05-08
10731 Buffalo ave,1924.000000000000000,-87.543615000000003,41.700318000000003,1924-05-09
N.E. Corner of 90th st. and Cottage Grove ave.,1924.000000000000000,-87.604508400000000,41.731226800000002,1924-05-10
4215 Harrison st.,1924.000000000000000,-87.730913000000001,41.873263000000001,1924-05-10
2321 S. Sawyer ave.,1924.000000000000000,-87.710257999999996,41.849449000000000,1924-05-11
S.W. corner of 51st Place and Halsted st.,1924.000000000000000,-87.645428179999996,41.801326920000001,1924-05-12
Fullerton & Sheffield aves.,1924.000000000000000,-87.653646469999998,41.925286560000004,1924-05-12
69th and Indiana,1924.000000000000000,-87.620258329999999,41.769087180000000,1924-05-12
1760 Diversey Parkway,1924.000000000000000,-87.672759999999997,41.932487000000002,1924-05-13
1760 Deversy Parkway,1924.000000000000000,-87.672759999999997,41.932487000000002,1924-05-13
1150 S Wabash,1924.000000000000000,-87.626033000000007,41.868338000000001,1924-05-15
310 N. Morgan st.,1924.000000000000000,-87.652383000000000,41.887132999999999,1924-05-17
47th and Rockwell,1924.000000000000000,-87.689330580000004,41.808236749999999,1924-05-18
65th and State,1924.000000000000000,-87.625193600000003,41.776288530000002,1924-05-18
NW corner of Monroe st / Michigan ave.,1924.000000000000000,-87.624614240000000,41.880904770000001,1924-05-20
1921 Sedgewick st.,1924.000000000000000,-87.638541000000004,41.916967999999997,1924-05-20
1251 Roosevelt,1924.000000000000000,-87.658083000000005,41.866762999999999,1924-05-20
5116 Medill Ave,1924.000000000000000,-87.754126999999997,41.923336999999997,1924-05-21
43rd st. and Western ave.,1924.000000000000000,-87.684073450000000,41.815657590000001,1924-05-21
11923 Indiana ave.,1924.000000000000000,-87.617615000000001,41.677669999999999,1924-05-23
4750 N. Harding ave.,1924.000000000000000,-87.726934000000000,41.967354000000000,1924-05-24
16 E. 42nd st.,1924.000000000000000,-87.625730000000004,41.818437000000003,1924-05-26
948 W. Harrison St,1924.000000000000000,-87.650512000000006,41.874575999999998,1924-05-28
638 W. Division St.,1924.000000000000000,-87.643101999999999,41.857737000000000,1924-05-30
2709 N. Halsted st.,1924.000000000000000,-87.648814999999999,41.931724000000003,1924-05-30
51st and Archer aves.,1924.000000000000000,-87.731344699999994,41.800399149999997,1924-06-01
Kingsbury st. & Grand ave.,1924.000000000000000,-87.639827729999993,41.891495960000000,1924-06-03
203 S Western,1924.000000000000000,-87.686199999999999,41.878447000000001,1924-06-03
200 S Western,1924.000000000000000,-87.686570000000003,41.878453999999998,1924-06-03
47th st. between Troy st. & Kedzie ave.,1924.000000000000000,-87.703342440000000,41.808028829999998,1924-06-04
113 S Throoop,1924.000000000000000,-87.659363999999997,41.880701999999999,1924-06-05
1515 W. Polk st.,1924.000000000000000,-87.664578000000006,41.871561999999997,1924-06-07
2136 Wilson,1924.000000000000000,-87.682019999999994,41.965237000000002,1924-06-07
6340 Langley ave.,1924.000000000000000,-87.628994000000006,41.874048000000002,1924-06-08
Fullerton & Califronia aves.,1924.000000000000000,-87.697398660000005,41.924791650000003,1924-06-09
2347 E 91st,1924.000000000000000,-87.566629000000006,41.729762999999998,1924-06-09
4739 S. State st.,1924.000000000000000,-87.625915000000006,41.808568999999999,1924-06-10
3305 S Racine ave,1924.000000000000000,-87.655715000000001,41.833370000000002,1924-06-11
908 Wrightwood ave.,1924.000000000000000,-87.651650000000004,41.929136999999997,1924-06-14
2815 Dearborn,1924.000000000000000,-87.628000000000000,41.839837000000003,1924-06-14
3909 Federal St.,1924.000000000000000,-87.628399999999999,41.823421000000003,1924-06-15
6125 S Green,1924.000000000000000,-87.645915000000002,41.783003999999998,1924-06-15
8056 Anthony st.,1924.000000000000000,-87.584455000000005,41.748128999999999,1924-06-15
14th st. and Ashland ave.,1924.000000000000000,-87.666349409999995,41.863232910000001,1924-06-16
31st Federal,1924.000000000000000,-87.628991600000006,41.838250690000002,1924-06-16
554 E. 36th St.,1924.000000000000000,-87.611542000000000,41.828937000000003,1924-06-18
NW corner of 18th St./ Washtenaw Ave.,1924.000000000000000,-87.693021299999998,41.857479710000000,1924-06-19
3437 Federal st.,1924.000000000000000,-87.628872000000001,41.832087000000001,1924-06-19
1955 W. Harrison,1924.000000000000000,-87.675630999999996,41.873916000000001,1924-06-20
1332 N. Western ave,1924.000000000000000,-87.687282999999994,41.905751000000002,1924-06-20
1942 Lake St.,1924.000000000000000,-87.675344999999993,41.885236999999996,1924-06-21
31st and Federal Sts.,1924.000000000000000,-87.628991600000006,41.838250690000002,1924-06-22
454 E 37th st,1924.000000000000000,-87.615255000000005,41.827637000000003,1924-06-23
S.W. Corner of Wentworth ave. and Alexander st.,1924.000000000000000,-87.632188799999994,41.851278460000003,1924-06-24
6211 Wentworth ave.,1924.000000000000000,-87.630015000000000,41.781422999999997,1924-06-24
508 N. Green St.,1924.000000000000000,-87.648983000000001,41.891424999999998,1924-06-25
1809 Madison st.,1924.000000000000000,-87.672060999999999,41.881245000000000,1924-06-26
1834 Van Buren St.,1924.000000000000000,-87.672957999999994,41.876415999999999,1924-06-27
3800 Langley Ave.,1924.000000000000000,-87.610164999999995,41.825550999999997,1924-06-28
NE corner of 66th st. & South Park ave.,1924.000000000000000,-87.615258690000005,41.774704300000003,1924-06-28
9008 Cottage Grove ave.,1924.000000000000000,-87.604883000000001,41.730862000000002,1924-06-29
524 E. 63rd St.,1924.000000000000000,-87.612748150000002,41.780272920000002,1924-06-30
4832 Winthrop,1924.000000000000000,-87.657718000000003,41.969923000000001,1924-06-30
3121 Indiana Ave.,1924.000000000000000,-87.621714999999995,41.837918999999999,1924-07-01
5216 Loomis St.,1924.000000000000000,-87.660061999999996,41.799194999999997,1924-07-02
5609 N. Clark St.,1924.000000000000000,-87.668620000000004,41.983865999999999,1924-07-03
4411 Federal st.,1924.000000000000000,-87.628181999999995,41.814597999999997,1924-07-04
1155 Wash Blvd,1924.000000000000000,-87.656053000000000,41.882863000000000,1924-07-05
East corner of Archer & Ashland aves.,1924.000000000000000,-87.665598390000000,41.837930950000001,1924-07-06
Archer and Ashland,1924.000000000000000,-87.665727140000001,41.837659180000003,1924-07-06
Lake and Leavitt sts.,1924.000000000000000,-87.681605820000001,41.884802790000002,1924-07-08
Lake Shore Dr. and Scott st.,1924.000000000000000,-87.625086310000000,41.904816320000002,1924-07-10
1654 Montvale,1924.000000000000000,-87.663782999999995,41.687970999999997,1924-07-12
1806 W. 17th st.,1924.000000000000000,-87.671423000000004,41.858823000000001,1924-07-14
2939 Wabash av,1924.000000000000000,-87.625015000000005,41.841447000000002,1924-07-14
1842 Canalport ave.,1924.000000000000000,-87.641254000000004,41.857191999999998,1924-07-15
2939 Wabash Ave.,1924.000000000000000,-87.625015000000005,41.841447000000002,1924-07-16
1812 Dearborn St.,1924.000000000000000,-87.628883000000002,41.857551000000001,1924-07-17
305 E. 24th st.,1924.000000000000000,-87.620395000000002,41.849162999999997,1924-07-17
1301 Newberry ave.,1924.000000000000000,-87.647715000000005,41.865583999999998,1924-07-17
63rd st. and Dorchester ave,1924.000000000000000,-87.591419220000006,41.780384929999997,1924-07-18
4866 Broadway,1924.000000000000000,-87.659884000000005,41.970799999999997,1924-07-19
3626 Federal st.,1924.000000000000000,-87.629133999999993,41.829402000000002,1924-07-20
3636 Cottage Grove,1924.000000000000000,-87.609454999999997,41.828502999999998,1924-07-20
61 E. Randolph,1924.000000000000000,-87.625771000000000,41.884363000000000,1924-07-21
State and Polk sts.,1924.000000000000000,-87.627618310000003,41.872245210000003,1924-07-26
2708 LaSalle St.,1924.000000000000000,-87.630343440000004,41.841879550000002,1924-07-28
1623 Wabash Ave.,1924.000000000000000,-87.625415000000004,41.859828999999998,1924-07-29
1308 Waveland,1924.000000000000000,-87.660087000000004,41.893763000000000,1924-07-30
69th st and Wentworth ave.,1924.000000000000000,-87.629807000000000,41.768943139999998,1924-08-02
4227 Calumet ave.,1924.000000000000000,-87.618183999999999,41.817852999999999,1924-08-06
3835 State st.,1924.000000000000000,-87.626215000000002,41.824824000000000,1924-08-07
4070 Broadway,1924.000000000000000,-87.651696999999999,41.956117999999996,1924-08-07
533 E. 34th st.,1924.000000000000000,-87.613879999999995,41.833100000000002,1924-08-07
4731 Loomis st.,1924.000000000000000,-87.659914999999998,41.808055000000003,1924-08-08
3116 LaSalle St.,1924.000000000000000,-87.630183000000002,41.837958999999998,1924-08-11
1723 Washburn Ave.,1924.000000000000000,-87.670399000000003,41.865763000000001,1924-08-12
3608 Federal st.,1924.000000000000000,-87.629140000000007,41.829610000000002,1924-08-15
Harrison st. and Wabash Ave.,1924.000000000000000,-87.625987530000003,41.874354289999999,1924-08-15
Homan ave and Roosevelt Road,1924.000000000000000,-87.710444929999994,41.866333030000000,1924-08-19
1946 Walnut st.,1924.000000000000000,-87.675473999999994,41.886037000000002,1924-08-20
710 S. Aberdeen st.,1924.000000000000000,-87.654460999999998,41.872489000000002,1924-08-20
1917 Irving Park Blvd.,1924.000000000000000,-87.676850999999999,41.954062999999998,1924-08-24
35 St. / Giles Ave.,1924.000000000000000,-87.619335649999996,41.831024319999997,1924-08-25
35th st. and Giles ave.,1924.000000000000000,-87.619335649999996,41.831040309999999,1924-08-25
6342 Broadway,1924.000000000000000,-87.597468000000006,41.779254000000002,1924-08-27
"Chicago Bearing Metal Co., 43rd and Oakley ave.",1924.000000000000000,-87.682228089999995,41.815673590000003,1924-08-27
1106 W Erie,1924.000000000000000,-87.656037999999995,41.893436999999999,1924-08-28
426 W. Division st.,1924.000000000000000,-87.639250000000004,41.903837000000003,1924-08-29
45th st. and Talman Av.,1924.000000000000000,-87.690639500000003,41.811835330000001,1924-08-30
"32nd st., between Rhodes and Vernon Aves.",1924.000000000000000,-87.614614959999997,41.836971740000003,1924-09-02
18 E 33rd st,1924.000000000000000,-87.625913999999995,41.834837000000000,1924-09-04
1st Apt. 4429 State st.,1924.000000000000000,-87.626014999999995,41.814174999999999,1924-09-06
251 E 35th st,1924.000000000000000,-87.620061000000007,41.830962999999997,1924-09-07
SW corner of May and Taylor sts.,1924.000000000000000,-87.655448910000004,41.869289190000003,1924-09-08
5040 Greenwood Ave,1924.000000000000000,-87.599339000000001,41.803440999999999,1924-09-09
2620 Wabash av,1924.000000000000000,-87.625467999999998,41.845264999999998,1924-09-09
3230 Augusta st,1924.000000000000000,-87.707408999999998,41.899337000000003,1924-09-13
51st st 50 ft east of Racine av,1924.000000000000000,-87.654676440000003,41.801342910000002,1924-09-13
Clark and Roscoe sts.,1924.000000000000000,-87.653582099999994,41.943547760000001,1924-09-14
55 W. 35th St.,1924.000000000000000,-87.628641999999999,41.830863000000001,1924-09-18
4402 Vincennes Ave.,1924.000000000000000,-87.614182999999997,41.814749999999997,1924-09-19
721 E. 40th st.,1924.000000000000000,-87.609048000000001,41.821286999999998,1924-09-20
22nd and State,1924.000000000000000,-87.627081869999998,41.852828830000000,1924-09-20
Aberdeen and Madison,1924.000000000000000,-87.654354569999995,41.881671609999998,1924-09-20
3420 Roosevelt Rd.,1924.000000000000000,-87.711123999999998,41.866512000000000,1924-09-22
6342 Wentworth ave.,1924.000000000000000,-87.630330999999998,41.779214000000003,1924-09-22
19 E. 33 st.,1924.000000000000000,-87.625890999999996,41.834563000000003,1924-09-22
25th & California ave.,1924.000000000000000,-87.695317270000004,41.846403350000003,1924-09-27
533 W. Division st.,1924.000000000000000,-87.642019000000005,41.903562999999998,1924-09-28
1401 S State,1924.000000000000000,-87.627105999999998,41.863869000000001,1924-09-28
6 E. 31st.,1924.000000000000000,-87.626283999999998,41.838447000000002,1924-09-29
1115 W. Van Buren st.,1924.000000000000000,-87.654996999999995,41.876441999999997,1924-09-30
14th st and Nerberry,1924.000000000000000,-87.647852900000004,41.863520549999997,1924-10-01
32 W. 22nd st.,1924.000000000000000,-87.723280000000003,41.851599999999998,1924-10-02
1938 35th St.,1924.000000000000000,-87.674379000000002,41.830537000000000,1924-10-02
4065 Kenmore ave.,1924.000000000000000,-87.655929999999998,41.955759000000000,1924-10-02
715 S. Racine Ave.,1924.000000000000000,-87.656615000000002,41.872767000000003,1924-10-03
3601 State st,1924.000000000000000,-87.626315000000005,41.829662999999996,1924-10-03
215 W. 31 st.,1924.000000000000000,-87.631934000000001,41.838062999999998,1924-10-04
2215 W. 23rd st.,1924.000000000000000,-87.681285000000003,41.850163000000002,1924-10-05
5401 S. Aberdeen st.,1924.000000000000000,-87.652315000000002,41.795847000000002,1924-10-05
NW corner of 69th st. & Western ave.,1924.000000000000000,-87.683107849999999,41.768366999999998,1924-10-05
30th st and Vernon ave.,1924.000000000000000,-87.615516189999994,41.839689470000003,1924-10-10
2726 S. Dearborn st.,1924.000000000000000,-87.628283999999994,41.844642000000000,1924-10-10
NW corner of Dearborn & Van Buren sts.,1924.000000000000000,-87.629463670000007,41.876990540000001,1924-10-10
30 W. 22nd st.,1924.000000000000000,-87.723280000000003,41.851599999999998,1924-10-11
437 So. Clark St.,1924.000000000000000,-87.630515000000003,41.876418000000001,1924-10-11
2152 W. 19th st.,1924.000000000000000,-87.679651000000007,41.855936999999997,1924-10-11
Troy and Berteau,1924.000000000000000,-87.706990239999996,41.957543399999999,1924-10-12
307 E 37th st,1924.000000000000000,-87.618812000000005,41.827303999999998,1924-10-12
12 S. Canal st.,1924.000000000000000,-87.639864000000003,41.881639999999997,1924-10-14
2863 W. 21st,1924.000000000000000,-87.697422000000003,41.852663000000000,1924-10-15
4636 Vincennes ave.,1924.000000000000000,-87.613983000000005,41.810108999999997,1924-10-15
Addison st and Racine Av,1924.000000000000000,-87.659161089999998,41.947090840000001,1924-10-15
3230 Indiana,1924.000000000000000,-87.622050000000002,41.835895999999998,1924-10-15
4500 Calumet ave.,1924.000000000000000,-87.618382999999994,41.812863000000000,1924-10-16
52nd and Racine,1924.000000000000000,-87.654933929999999,41.799503360000003,1924-10-23
2103 Madison st.,1924.000000000000000,-87.679333999999997,41.881152000000000,1924-10-24
2920 Emerald ave.,1924.000000000000000,-87.645283000000006,41.841254999999997,1924-10-24
900 W 18th st,1924.000000000000000,-87.648900999999995,41.858220000000003,1924-10-24
5123 State,1924.000000000000000,-87.625701000000007,41.801358000000000,1924-10-26
3730 Cottage Grove ave.,1924.000000000000000,-87.608740999999995,41.827134999999998,1924-10-28
26 W. 18th St.,1924.000000000000000,-87.628020000000006,41.857937000000000,1924-10-29
9th and State St.,1924.000000000000000,-87.627532479999999,41.870503569999997,1924-10-30
Western ave. near 59th st.,1924.000000000000000,-87.683794500000005,41.786465049999997,1924-10-31
North ave. & Kingsbury st.,1924.000000000000000,-87.654075620000000,41.910756880000001,1924-11-02
North ave. and Kingsbury st,1924.000000000000000,-87.654075620000000,41.910756880000001,1924-11-02
North av. And Kingsbury st.,1924.000000000000000,-87.654075620000000,41.910756880000001,1924-11-02
North Av and Kingsbury,1924.000000000000000,-87.654075620000000,41.910756880000001,1924-11-02
2728 Wabash ave.,1924.000000000000000,-87.625421000000003,41.844220000000000,1924-11-03
Midway at Ellis ave.,1924.000000000000000,-87.601075170000001,41.786673049999997,1924-11-03
440 E 31st st,1924.000000000000000,-87.615166000000002,41.838636999999999,1924-11-04
3647 Parnell ave.,1924.000000000000000,-87.639767000000006,41.828144999999999,1924-11-04
750 Bowen av,1924.000000000000000,-87.607947999999993,41.819586999999999,1924-11-04
735 S. Halsted st.,1924.000000000000000,-87.646753000000004,41.872736000000003,1924-11-07
37th st. and Indiana av.,1924.000000000000000,-87.621696000000000,41.827346880000000,1924-11-07
37th st. & Indiana ave,1924.000000000000000,-87.621696000000000,41.827346880000000,1924-11-07
539 W. Polk st.,1924.000000000000000,-87.641098999999997,41.871862999999998,1924-11-08
539 W. Polk st.,1924.000000000000000,-87.641098999999997,41.871862999999998,1924-11-08
539 W. Polk st.,1924.000000000000000,-87.641098999999997,41.871862999999998,1924-11-08
64 E. Austin ave.,1924.000000000000000,-87.722115000000002,41.892479999999999,1924-11-08
539 W. Polk st.,1924.000000000000000,-87.641098999999997,41.871862999999998,1924-11-08
738 N. State st.,1924.000000000000000,-87.628326419999993,41.895888470000003,1924-11-10
2634 W. Cullerton St.,1924.000000000000000,-87.691515999999993,41.854837000000003,1924-11-12
N.W. corner of Central Park ave. and Roosevelt,1924.000000000000000,-87.715487479999993,41.866333030000000,1924-11-14
Goerge St. and Clybourn Ave.,1924.000000000000000,-87.680575849999997,41.934082600000004,1924-11-15
Root st. & Lowe ave.,1924.000000000000000,-87.642209530000002,41.818951920000003,1924-11-16
161 W. 22nd St.,1924.000000000000000,-87.723280000000003,41.851599999999998,1924-11-21
4717 - 19 S. Justine st.,1924.000000000000000,-87.663515000000004,41.808039000000001,1924-11-22
1113 Maxwell st.,1924.000000000000000,-87.653414999999995,41.864562999999997,1924-11-23
Lunt ave. and Clark st.,1924.000000000000000,-87.673859600000000,42.008823839999998,1924-11-23
1113 Maxwell st.,1924.000000000000000,-87.653414999999995,41.864562999999997,1924-11-23
51st and Michigan ave,1924.000000000000000,-87.622640129999994,41.801886770000003,1924-11-24
541 Aldine Square,1924.000000000000000,-87.643006000000000,41.942093000000000,1924-11-25
1972 Ogden Ave.,1924.000000000000000,-87.676140000000004,41.873221999999998,1924-11-29
Western ave. & Van Buren st.,1924.000000000000000,-87.686240670000004,41.876079850000004,1924-11-30
8515 S Paulina,1924.000000000000000,-87.665414999999996,41.739032000000002,1924-11-30
2007 S State,1924.000000000000000,-87.626998000000000,41.855206000000003,1924-11-30
8515 S. Paulina st.,1924.000000000000000,-87.665414999999996,41.739032000000002,1924-11-30
Eastwood ave and Shridan Rd.,1924.000000000000000,-87.654762270000006,41.966366899999997,1924-12-01
438 E. 45th st.,1924.000000000000000,-87.615405999999993,41.813177000000003,1924-12-04
205 Kensington ave.,1924.000000000000000,-87.617653000000004,41.683790000000002,1924-12-07
4958 S Wood st,1924.000000000000000,-87.669914000000006,41.803652999999997,1924-12-10
4958 S Wood,1924.000000000000000,-87.669914000000006,41.803652999999997,1924-12-10
646 1/2 Buckingham Place,1924.000000000000000,-87.645629999999997,41.942836999999997,1924-12-11
466 W Division,1924.000000000000000,-87.640217000000007,41.903837000000003,1924-12-12
Roosevelt rd and Michigan Ave.,1924.000000000000000,-87.624142169999999,41.867403650000000,1924-12-13
5006 Wentworth ave.,1924.000000000000000,-87.630930000000006,41.802123000000002,1924-12-13
3958 22nd st.,1924.000000000000000,-87.724050000000005,41.851737000000000,1924-12-14
3312 E. 91st st.,1924.000000000000000,-87.543778000000003,41.730274999999999,1924-12-16
1134 S Western,1924.000000000000000,-87.686283000000003,41.867325999999998,1924-12-19
1156 Cambridge ave.,1924.000000000000000,-87.642437999999999,41.903238999999999,1924-12-20
3523 E. 95th st.,1924.000000000000000,-87.537505999999993,41.722862999999997,1924-12-20
939 S. Western ave.,1924.000000000000000,-87.685873999999998,41.869196000000002,1924-12-21
1849 Grand ave,1924.000000000000000,-87.673237999999998,41.890763000000000,1924-12-21
Princeton av.  Between 51st and 52nd,1924.000000000000000,-87.633068559999998,41.800543120000000,1924-12-23
16 E. Congress,1924.000000000000000,-87.627204000000006,41.875836999999997,1924-12-23
37th st. & Prairie ave,1924.000000000000000,-87.620515819999994,41.827394849999997,1924-12-24
4112 W North Av,1924.000000000000000,-87.729433000000000,41.909993999999998,1924-12-24
4919 Vincennes,1924.000000000000000,-87.613714999999999,41.805370000000003,1924-12-24
217 W 22nd st,1924.000000000000000,-87.633399999999995,41.852150000000002,1924-12-25
2911 Burling st,1924.000000000000000,-87.647497999999999,41.934268000000003,1924-12-27
4241 Prairie,1924.000000000000000,-87.619614999999996,41.817632000000003,1924-12-27
647 W. 13th st.,1924.000000000000000,-87.645522000000000,41.865262999999999,1924-12-27
3159 Emerald ave.,1924.000000000000000,-87.644814999999994,41.836995999999999,1924-12-28
901 Cullerton st.,1924.000000000000000,-87.648410999999996,41.855162999999997,1924-12-28
602 W. 14th st.,1924.000000000000000,-87.642262000000002,41.862537000000003,1924-12-29
8929 Houston ave.,1924.000000000000000,-87.549715000000006,41.733187999999998,1924-12-29
942 W. Polk St.,1925.000000000000000,-87.653480000000002,41.871800000000000,1925-01-01
1032 So. Racine Ave.,1925.000000000000000,-87.656882999999993,41.868937000000003,1925-01-01
2030 Walnut,1925.000000000000000,-87.677609000000004,41.886003000000002,1925-01-01
3236 LaSalle,1925.000000000000000,-87.630123999999995,41.835800999999996,1925-01-03
388 Kensington,1925.000000000000000,-87.613760999999997,41.684137000000000,1925-01-04
5825 So. State St.,1925.000000000000000,-87.625386000000006,41.788684000000003,1925-01-04
22nd & Marshall,1925.000000000000000,-87.699050900000003,41.851821889999997,1925-01-04
4159 Prairie Ave,1925.000000000000000,-87.619657000000004,41.819161000000001,1925-01-05
2713 Dearborn st.,1925.000000000000000,-87.627915000000002,41.844678000000002,1925-01-06
1828 Fulton st.,1925.000000000000000,-87.672657999999998,41.886937000000003,1925-01-06
1448 Waldon,1925.000000000000000,-87.663678000000004,41.898988000000003,1925-01-08
4553 Prairie av,1925.000000000000000,-87.619461999999999,41.811999999999998,1925-01-08
4429 State St.,1925.000000000000000,-87.626014999999995,41.814174999999999,1925-01-09
325 S. Western Ave,1925.000000000000000,-87.686115000000001,41.877107000000002,1925-01-11
26th and Lowe,1925.000000000000000,-87.642831799999996,41.845364340000003,1925-01-12
2462 Clybourn av,1925.000000000000000,-87.671307999999996,41.926377000000002,1925-01-12
4335 S. Halsted,1925.000000000000000,-87.645515000000003,41.815277000000002,1925-01-13
Sacramento & Birchwood ave.,1925.000000000000000,-87.704265120000002,42.017241689999999,1925-01-13
1132 W. Madison,1925.000000000000000,-87.655747000000005,41.881737000000001,1925-01-15
1612 Michigan Ave.,1925.000000000000000,-87.624167999999997,41.859937000000002,1925-01-16
wood ST. and 22nd St.,1925.000000000000000,-87.670941350000007,41.852221470000003,1925-01-17
2329 Madison St,1925.000000000000000,-87.684757000000005,41.873762999999997,1925-01-17
2740 Cortez St.,1925.000000000000000,-87.695403999999996,41.900337000000000,1925-01-18
1513 Madison St.,1925.000000000000000,-87.665148000000002,41.881363000000000,1925-01-18
656 N May st,1925.000000000000000,-87.656155999999996,41.893526000000001,1925-01-18
73rd St and Lawndale Ave,1925.000000000000000,-87.714865209999999,41.760444489999998,1925-01-19
2018 So. Loomis St.,1925.000000000000000,-87.661383000000001,41.854849000000002,1925-01-21
Ashland Ave and Addison St.,1925.000000000000000,-87.668795590000002,41.946963169999997,1925-01-21
Root st and Princeton,1925.000000000000000,-87.633476259999995,41.819031870000003,1925-01-21
4162 W. Grand Ave.,1925.000000000000000,-87.730615000000000,41.907953999999997,1925-01-21
1223 S. Peoria st.,1925.000000000000000,-87.648799999999994,41.862200000000001,1925-01-21
618 S State,1925.000000000000000,-87.627869000000004,41.874076000000002,1925-01-23
Halsted st north of Washington,1925.000000000000000,-87.647402290000002,41.883396970000000,1925-01-23
157 E Kensington,1925.000000000000000,-87.619172000000006,41.683762999999999,1925-01-23
Halsted and Washington,1925.000000000000000,-87.647402290000002,41.883125389999996,1925-01-23
526 N. Paulina St.,1925.000000000000000,-87.624404999999996,41.798982000000002,1925-01-24
731 S. Clark St.,1925.000000000000000,-87.630450999999994,41.873035000000002,1925-01-25
2420 S Oakley,1925.000000000000000,-87.683283000000003,41.847833000000001,1925-01-25
2843 Indiana Ave.,1925.000000000000000,-87.622214999999997,41.842340000000000,1925-01-29
"Blue Island ave., 50ft. West of Paulina st.",1925.000000000000000,-87.668731210000004,41.851278460000003,1925-01-31
3721 Vincennes av,1925.000000000000000,-87.611588999999995,41.826963999999997,1925-01-31
921 W. Adams ST,1925.000000000000000,-87.650385000000000,41.879063000000002,1925-02-01
3250 Archer Ave.,1925.000000000000000,-87.670072000000005,41.835245999999998,1925-02-01
6812 S. Wabash Ave,1925.000000000000000,-87.623665000000003,41.770673000000002,1925-02-02
908 W. Taylor st.,1925.000000000000000,-87.649306999999993,41.869779999999999,1925-02-02
80th and Halsted st,1925.000000000000000,-87.643904689999999,41.748726990000002,1925-02-04
2637 1/2 State St.,1925.000000000000000,-87.626615000000001,41.845086999999999,1925-02-05
1847 W. Adams,1925.000000000000000,-87.673311999999996,41.878663000000003,1925-02-05
4412 S Ashland,1925.000000000000000,-87.665283000000002,41.813766000000001,1925-02-06
3027 State St.,1925.000000000000000,-87.626414999999994,41.839117999999999,1925-02-08
913 S. Ashland ave.,1925.000000000000000,-87.666214999999994,41.870317000000000,1925-02-08
Fulton st about 150 ft east of Oakley,1925.000000000000000,-87.683579920000000,41.886655859999998,1925-02-09
736 S Loomis,1925.000000000000000,-87.661883000000003,41.872359000000003,1925-02-09
2873 E. 91st.,1925.000000000000000,-87.554452999999995,41.729863000000002,1925-02-09
603 E. 39th St.,1925.000000000000000,-87.612341000000001,41.823763000000000,1925-02-10
4042 Federal St.,1925.000000000000000,-87.628682999999995,41.821173000000002,1925-02-11
3211 LaSalle,1925.000000000000000,-87.629771000000005,41.836232000000003,1925-02-15
2713 N Halsted,1925.000000000000000,-87.648814999999999,41.931761999999999,1925-02-15
Chicago Lying In Hospital,1925.000000000000000,-87.604165080000001,41.788176980000003,1925-02-15
416 E. 37th st.,1925.000000000000000,-87.619657000000004,41.819161000000001,1925-02-15
1065 Polk st.,1925.000000000000000,-87.653594999999996,41.871662999999998,1925-02-16
1112 N Clark,1925.000000000000000,-87.631583000000006,41.902298000000002,1925-02-19
27th st. & Lawndale,1925.000000000000000,-87.717096810000001,41.842407070000000,1925-02-19
3811 Federal,1925.000000000000000,-87.628887000000006,41.826799000000001,1925-02-20
5747 Prairie ave.,1925.000000000000000,-87.618915000000001,41.790239999999997,1925-02-22
1461 Lake st.,1925.000000000000000,-87.663522000000000,41.885263000000002,1925-02-22
5440Sheilds,1925.000000000000000,-87.634394000000000,41.795307999999999,1925-02-23
501 W. 37th St.,1925.000000000000000,-87.638910999999993,41.827063000000003,1925-02-23
50 ft East of Ashland Ave. in Ohio St.,1925.000000000000000,-87.666778559999997,41.892390460000001,1925-02-24
Harrison st. and Campbell ave.,1925.000000000000000,-87.688643929999998,41.873858980000001,1925-02-24
5131 S. Kedzie ave.,1925.000000000000000,-87.703581000000000,41.800190999999998,1925-02-24
2436 Warren Ave,1925.000000000000000,-87.687212000000002,41.882237000000003,1925-02-26
540 W Division,1925.000000000000000,-87.642578999999998,41.903837000000003,1925-02-28
4103 S. Ashland Ave.,1925.000000000000000,-87.665037999999996,41.819471999999998,1925-02-28
3605 S LaSalle,1925.000000000000000,-87.629576999999998,41.829034999999998,1925-03-01
904 Larrabee St,1925.000000000000000,-87.643182999999993,41.898978000000000,1925-03-03
1537 W. 63 St.,1925.000000000000000,-87.663267000000005,41.779362999999996,1925-03-04
3540 Prairie,1925.000000000000000,-87.620660999999998,41.830272000000001,1925-03-05
Diversey and Mason,1925.000000000000000,-87.774689199999997,41.931049620000003,1925-03-07
3767 Southport,1925.000000000000000,-87.663887000000003,41.950204999999997,1925-03-07
1530 W 13th st,1925.000000000000000,-87.666053000000005,41.865237000000000,1925-03-09
1530 W. 13th St.,1925.000000000000000,-87.666053000000005,41.865237000000000,1925-03-09
870 N. Franklin,1925.000000000000000,-87.635923000000005,41.898513999999999,1925-03-09
2432 Taylor st.,1925.000000000000000,-87.687008000000006,41.869436999999998,1925-03-09
59th and Calumet,1925.000000000000000,-87.617318630000000,41.787329020000001,1925-03-10
509 E. 44th St,1925.000000000000000,-87.613662000000005,41.814762999999999,1925-03-10
4156 Wabash ave.,1925.000000000000000,-87.624882999999997,41.819099999999999,1925-03-11
31st and Wells Sts.,1925.000000000000000,-87.628991600000006,41.838218710000000,1925-03-12
61st St. and Racine Ave.,1925.000000000000000,-87.654504779999996,41.783121059999999,1925-03-12
3121 Dearborn St.,1925.000000000000000,-87.627714999999995,41.837618999999997,1925-03-13
2943 Wabash Ave.,1925.000000000000000,-87.625015000000005,41.841403999999997,1925-03-13
Michigan Blvd at Walton,1925.000000000000000,-87.624120710000000,41.899977229999998,1925-03-14
1861 winnebags,1925.000000000000000,-87.686344000000005,41.915322000000003,1925-03-15
753 1/2 Clark St.,1925.000000000000000,-87.631198999999995,41.896008000000002,1925-03-15
5401 Wabash Ave.,1925.000000000000000,-87.623914999999997,41.796348000000002,1925-03-16
505 42nd pl.,1925.000000000000000,-87.638689999999997,41.817062999999997,1925-03-16
42nd place and Vincennes Ave.,1925.000000000000000,-87.613949779999999,41.817560649999997,1925-03-17
5108 Wabash,1925.000000000000000,-87.624471999999997,41.801715000000002,1925-03-20
508 S. Springfield ave.,1925.000000000000000,-87.723100000000002,41.876379999999997,1925-03-20
3741 S LaSalle,1925.000000000000000,-87.629514999999998,41.825260000000000,1925-03-21
907 S Fairfield,1925.000000000000000,-87.694614999999999,41.869919000000003,1925-03-22
457 N. Harding,1925.000000000000000,-87.724514999999997,41.889159999999997,1925-03-22
142 W. 47th St,1925.000000000000000,-87.628961000000004,41.809336999999999,1925-03-23
6353 Green,1925.000000000000000,-87.645814999999999,41.778308000000003,1925-03-23
1345 W. Taylor St.,1925.000000000000000,-87.660630999999995,41.869262999999997,1925-03-23
4105 W. Madison St.,1925.000000000000000,-87.728391000000002,41.880563000000002,1925-03-25
4006 Carroll av.,1925.000000000000000,-87.726206000000005,41.886937000000003,1925-03-26
1700 N Washtenaw,1925.000000000000000,-87.694783000000001,41.912239000000000,1925-03-27
2959 Wentworth,1925.000000000000000,-87.631514999999993,41.840121000000003,1925-03-27
4603 Calumet,1925.000000000000000,-87.618004999999997,41.811022000000001,1925-03-28
Oak and State,1925.000000000000000,-87.628283499999995,41.900632049999999,1925-03-29
2953 Vernon Ave.,1925.000000000000000,-87.615414999999999,41.841576000000003,1925-03-29
2318 W. 24th Place,1925.000000000000000,-87.671851000000004,41.850197000000001,1925-04-01
1123 S Peoria,1925.000000000000000,-87.648799999999994,41.862200000000001,1925-04-01
1700 S. Loomis,1925.000000000000000,-87.661483000000004,41.858663000000000,1925-04-03
22nd St/ Wabash Ave,1925.000000000000000,-87.625515460000003,41.852844810000001,1925-04-03
455 E. 31st st.,1925.000000000000000,-87.615074000000007,41.838363000000001,1925-04-04
1600 W. Van Buren,1925.000000000000000,-87.666910999999999,41.876511999999998,1925-04-04
5516 Lexington ST,1925.000000000000000,-87.759168000000003,41.871136999999997,1925-04-05
3453 State,1925.000000000000000,-87.626315000000005,41.831935000000001,1925-04-07
255 W 22 st,1925.000000000000000,-87.633399999999995,41.852150000000002,1925-04-07
511 N Halsted,1925.000000000000000,-87.647414999999995,41.891421000000001,1925-04-07
5085 Broadway,1925.000000000000000,-87.659554999999997,41.974853000000003,1925-04-09
1415 Sedgewick st.,1925.000000000000000,-87.638315000000006,41.907940000000004,1925-04-10
8959 Greenbay,1925.000000000000000,-87.541358000000002,41.732761000000004,1925-04-13
1327W. Ohio st.,1925.000000000000000,-87.660444999999996,41.892363000000003,1925-04-15
4548 Wabash Ave.,1925.000000000000000,-87.624683000000005,41.812126999999997,1925-04-15
116th st. Indiana ave.,1925.000000000000000,-87.617897990000003,41.682527819999997,1925-04-15
630 S. May St.,1925.000000000000000,-87.645484999999994,41.866137000000002,1925-04-17
4252 Indiana,1925.000000000000000,-87.621583000000001,41.817416000000001,1925-04-18
308 W. 32 St.,1925.000000000000000,-87.634450000000001,41.836537000000000,1925-04-19
1512 W. 19th St,1925.000000000000000,-87.664130000000000,41.856136999999997,1925-04-19
440 N. Albany,1925.000000000000000,-87.704082999999997,41.889212999999998,1925-04-19
4320 So. Ashland Ave.,1925.000000000000000,-87.665283000000002,41.815455000000000,1925-04-22
2412 Congress St.,1925.000000000000000,-87.686715000000007,41.875137000000002,1925-04-22
3443 N. halsted,1925.000000000000000,-87.649214000000001,41.944757000000003,1925-04-22
639 N. Avers Ave.,1925.000000000000000,-87.644816000000006,41.903837000000003,1925-04-22
517 W. Division St.,1925.000000000000000,-87.641711000000001,41.903562999999998,1925-04-23
3449 Federal St,1925.000000000000000,-87.628861999999998,41.831898000000002,1925-04-23
3815 State st.,1925.000000000000000,-87.626215000000002,41.825132000000004,1925-04-23
Leland & Winthrop aves.,1925.000000000000000,-87.657573220000003,41.967228440000000,1925-04-23
3907 S Halsted,1925.000000000000000,-87.645707000000002,41.823262999999997,1925-04-24
3006 Prairie,1925.000000000000000,-87.620783000000003,41.838349000000001,1925-04-25
4010 Federal St,1925.000000000000000,-87.628682999999995,41.821545999999998,1925-04-26
1625 S Racine,1925.000000000000000,-87.656283000000002,41.859516999999997,1925-04-27
3334 State,1925.000000000000000,-87.626863999999998,41.833972000000003,1925-04-27
15th and throop,1925.000000000000000,-87.659010890000005,41.861507000000003,1925-04-28
215 107th St.,1925.000000000000000,-87.628654999999995,41.699652999999998,1925-04-28
Kedzie and Sunnyside,1925.000000000000000,-87.708342079999994,41.963016340000003,1925-04-29
118 S May,1925.000000000000000,-87.655299999999997,41.872860000000003,1925-04-29
1807 N. Winchester,1925.000000000000000,-87.676128000000006,41.914361000000000,1925-04-30
23rd Place and Oakley Ave,1925.000000000000000,-87.683150769999997,41.849312480000002,1925-05-01
1407 S. Sangamon St.,1925.000000000000000,-87.649614999999997,41.861795999999998,1925-05-02
5125 State St.,1925.000000000000000,-87.625699999999995,41.801322999999996,1925-05-05
954 W. Grand,1925.000000000000000,-87.651235999999997,41.891236999999997,1925-05-09
5038 S Loomis,1925.000000000000000,-87.660143000000005,41.802472000000002,1925-05-10
107 W. 29th St,1925.000000000000000,-87.628799000000001,41.841163000000002,1925-05-10
45th and Marshfield,1925.000000000000000,-87.666199210000002,41.812043240000001,1925-05-11
3501 Wabash Ave.,1925.000000000000000,-87.624314999999996,41.830948999999997,1925-05-12
apt. 4b 3501 Wabash ave.,1925.000000000000000,-87.624314999999996,41.830948999999997,1925-05-12
61st St. and Racine Ave.,1925.000000000000000,-87.654504779999996,41.783121059999999,1925-05-12
Grand & Kenton aves.,1925.000000000000000,-87.740292550000007,41.911523359999997,1925-05-12
1711 N. Lockwood,1925.000000000000000,-87.758015000000000,41.911606999999997,1925-05-12
at 5245 Federal Street,1925.000000000000000,-87.627744000000007,41.799258999999999,1925-05-14
1104 W. Harrison St,1925.000000000000000,-87.654617999999999,41.874536999999997,1925-05-14
1255 14th Place,1925.000000000000000,-87.656912000000005,41.862363000000002,1925-05-14
8456 Commercial Ave.,1925.000000000000000,-87.551682999999997,41.741892999999997,1925-05-16
Ogden & Washtenaw ave.,1925.000000000000000,-87.693321699999998,41.862130250000000,1925-05-16
57th St & Blackston Ave,1925.000000000000000,-87.590260509999993,41.791520710000000,1925-05-17
2918 S. Dearborn St,1925.000000000000000,-87.628084999999999,41.839699000000003,1925-05-17
519 E. 44th St.,1925.000000000000000,-87.613491999999994,41.814762999999999,1925-05-18
919 Milwaukee,1925.000000000000000,-87.658693999999997,41.898586000000002,1925-05-18
1937 Archer Ave,1925.000000000000000,-87.627994000000001,41.856006000000001,1925-05-19
3739 Wabash,1925.000000000000000,-87.624679000000000,41.826211999999998,1925-05-20
Montrose av and Clark,1925.000000000000000,-87.665963169999998,41.961612250000002,1925-05-22
Seeley av and Grenshaw,1925.000000000000000,-87.677035329999995,41.867930970000003,1925-05-24
3144 Calumet St.,1925.000000000000000,-87.618382999999994,41.837586000000002,1925-05-28
1405 Marquette,1925.000000000000000,-87.659505999999993,41.772134999999999,1925-05-28
1229 W 31st Pl,1925.000000000000000,-87.656779000000000,41.836863000000001,1925-05-30
113th St. and South Park Ave.,1925.000000000000000,-87.613241669999994,41.689049859999997,1925-05-31
3105 Calumet Ave,1925.000000000000000,-87.618015000000000,41.838186000000000,1925-05-31
Taylor St. and Racine Ave.,1925.000000000000000,-87.656757830000004,41.869385059999999,1925-06-01
Roosevelt Rd. and Loomis St.,1925.000000000000000,-87.695918079999998,41.866460859999997,1925-06-03
309 Milwaukee,1925.000000000000000,-87.641665000000003,41.886837999999997,1925-06-03
4709 Schubert,1925.000000000000000,-87.744365999999999,41.929447000000003,1925-06-03
3400 Wallace,1925.000000000000000,-87.641433000000006,41.832639999999998,1925-06-05
Taylor & Western,1925.000000000000000,-87.686090469999996,41.868969610000001,1925-06-05
"2902 So., La Salle St.",1925.000000000000000,-87.630230999999995,41.840077000000001,1925-06-07
2352 Walnus,1925.000000000000000,-87.685402999999994,41.885837000000002,1925-06-07
1930 Lake St,1925.000000000000000,-87.675099000000003,41.885236999999996,1925-06-07
2352 Walnut St,1925.000000000000000,-87.685402999999994,41.885837000000002,1925-06-07
200 yd south of 95th St. in Western Ave.,1925.000000000000000,-87.681863309999997,41.720056530000001,1925-06-07
1124 Rosemont,1925.000000000000000,-87.658927000000006,41.996437000000000,1925-06-11
35th St. and Rhodes Ave.,1925.000000000000000,-87.613370419999995,41.831152230000001,1925-06-12
1627 Wells st.,1925.000000000000000,-87.634514999999993,41.911572999999997,1925-06-13
5940 Artesian Ave,1925.000000000000000,-87.685241000000005,41.785741999999999,1925-06-13
43rd St. and Cottage Grove Ave,1925.000000000000000,-87.606697080000004,41.816665100000002,1925-06-14
6535 Langley Ave.,1925.000000000000000,-87.608114999999998,41.776024000000000,1925-06-14
6240 Cottage Grove,1925.000000000000000,-87.606138999999999,41.781441000000001,1925-06-15
5760 La Fayette Ave.,1925.000000000000000,-87.626863999999998,41.789493000000000,1925-06-16
1629 W. Adams st.,1925.000000000000000,-87.667507999999998,41.878762999999999,1925-06-16
855 So. Paulina St.,1925.000000000000000,-87.668814999999995,41.870876000000003,1925-06-18
Lafflin St. and Jackson Blvd.,1925.000000000000000,-87.664310929999999,41.877629610000000,1925-06-21
2816 S Dearborn,1925.000000000000000,-87.627999000000003,41.839562999999998,1925-06-21
4555 Prairie Dv.,1925.000000000000000,-87.619461000000001,41.811967000000003,1925-06-22
SW corner of Ainslie St and Sheridan Road,1925.000000000000000,-87.655041220000001,41.971456199999999,1925-06-22
1532 W Lake,1925.000000000000000,-87.665616000000000,41.885536999999999,1925-06-27
1532 W Lake,1925.000000000000000,-87.665616000000000,41.885536999999999,1925-06-27
636 E 44th st,1925.000000000000000,-87.610062999999997,41.815058000000001,1925-06-28
2026 N Oakley,1925.000000000000000,-87.685182999999995,41.918540999999998,1925-06-29
4114 Calumet,1925.000000000000000,-87.618583000000001,41.819847000000003,1925-07-01
60th & Kedzie,1925.000000000000000,-87.703256609999997,41.784289070000000,1925-07-04
4857 State St.,1925.000000000000000,-87.625815000000003,41.806427999999997,1925-07-04
1145 Washington Blvd.,1925.000000000000000,-87.655946000000000,41.882863000000000,1925-07-04
3131 indiana,1925.000000000000000,-87.621714999999995,41.837755000000001,1925-07-05
6958 May St.,1925.000000000000000,-87.653126000000000,41.767665000000001,1925-07-05
1208 Frontier,1925.000000000000000,-87.645700000000005,41.903080000000003,1925-07-06
301 W North,1925.000000000000000,-87.636913000000007,41.910963000000002,1925-07-06
6628 S Richmond,1925.000000000000000,-87.697083000000006,41.773032000000001,1925-07-07
3036 Franklin Blvd.,1925.000000000000000,-87.703164000000001,41.890436999999999,1925-07-09
3406 Archer Ave,1925.000000000000000,-87.674963000000005,41.832197000000001,1925-07-11
848 Eastwood Ave,1925.000000000000000,-87.650925000000001,41.966537000000002,1925-07-12
Harrison and Morgan Sts.,1925.000000000000000,-87.651822569999993,41.874386240000000,1925-07-13
67th st. and Cottage Grove,1925.000000000000000,-87.605667109999999,41.772976010000001,1925-07-13
7th & Michigan av.,1925.000000000000000,-87.624185089999997,41.873123999999997,1925-07-13
4522 S. Laflin St,1925.000000000000000,-87.662783000000005,41.811746999999997,1925-07-13
811 S Racine,1925.000000000000000,-87.656615000000002,41.871450000000003,1925-07-14
89 S. Racine,1925.000000000000000,-87.656914999999998,41.880470000000003,1925-07-14
6243 So. Morgan St.,1925.000000000000000,-87.649471000000005,41.780707000000000,1925-07-15
3826m LaSalle St,1925.000000000000000,-87.629831999999993,41.823881000000000,1925-07-15
3231 Wabash Ave.,1925.000000000000000,-87.624814999999998,41.835259999999998,1925-07-16
5208 Wabash Ave.,1925.000000000000000,-87.624426999999997,41.799892999999997,1925-07-18
37th st. and Kedzie ave.,1925.000000000000000,-87.704479689999999,41.825268229999999,1925-07-18
NE corner of 29th/Wells Sts.,1925.000000000000000,-87.632789610000003,41.841224130000001,1925-07-18
712 W 31st,1925.000000000000000,-87.644339000000002,41.838236999999999,1925-07-19
1454 Foster Ave.,1925.000000000000000,-87.666707000000002,41.976382999999998,1925-07-19
4557 State st.,1925.000000000000000,-87.625958999999995,41.811917999999999,1925-07-20
1129 So. Morgan St.,1925.000000000000000,-87.650852000000000,41.867992000000001,1925-07-23
7930 S Racine,1925.000000000000000,-87.653882999999993,41.749901000000001,1925-07-23
Garfield Blvd. And Halsted St.,1925.000000000000000,-87.645084859999997,41.794048390000000,1925-07-23
1129 So. Morgan St.,1925.000000000000000,-87.650852000000000,41.867992000000001,1925-07-23
205 W. Madison,1925.000000000000000,-87.634022999999999,41.881846000000003,1925-07-26
Halsted St & Chicago Ave,1925.000000000000000,-87.647681239999997,41.896399580000001,1925-07-26
3630 Rhodes Ave,1925.000000000000000,-87.614582999999996,41.828578999999998,1925-07-26
75th & St. Lawrence ave.,1925.000000000000000,-87.610280509999996,41.758363670000001,1925-07-27
209 E. Oak St.,1925.000000000000000,-87.624780000000001,41.900779999999997,1925-07-29
1544 W 18th st,1925.000000000000000,-87.664886999999993,41.857937000000000,1925-08-02
Harrison st. and Laramie ave.,1925.000000000000000,-87.754647730000002,41.872836399999997,1925-08-02
Wabash Ave & 50ft. North of 31st St,1925.000000000000000,-87.625215049999994,41.837803059999999,1925-08-03
712 E 47th st,1925.000000000000000,-87.608469999999997,41.809637000000002,1925-08-03
712 E 47th,1925.000000000000000,-87.608469999999997,41.809637000000002,1925-08-03
Wahsburne and Hoyne,1925.000000000000000,-87.678623200000004,41.865805700000003,1925-08-05
2814 Arthington St,1925.000000000000000,-87.696481000000006,41.870316000000003,1925-08-05
161 E Grand Av,1925.000000000000000,-87.623490000000004,41.891609000000003,1925-08-06
5101 Lowe ave,1925.000000000000000,-87.641514999999998,41.801447000000003,1925-08-07
716 W. Harrison St.,1925.000000000000000,-87.643242999999998,41.874536999999997,1925-08-07
Pine Grove Ave and Surf St.,1925.000000000000000,-87.641501430000005,41.934290109999999,1925-08-08
95 th and Commercial,1925.000000000000000,-87.551035880000001,41.722771209999998,1925-08-09
3507 State st.,1925.000000000000000,-87.626315000000005,41.830806000000003,1925-08-12
State & 33rd & 34th st.,1925.000000000000000,-87.626588339999998,41.833822240000003,1925-08-13
3056 Calumet ave.,1925.000000000000000,-87.618882999999997,41.841160000000002,1925-08-13
Montrose Blvd & Clarendon Ave,1925.000000000000000,-87.649891380000000,41.961771810000002,1925-08-14
Waller & Madison,1925.000000000000000,-87.767951490000002,41.880042060000001,1925-08-15
3609 Calumet Ave.,1925.000000000000000,-87.618161000000001,41.829144999999997,1925-08-17
2940 S State,1925.000000000000000,-87.627041000000006,41.840893000000001,1925-08-18
1856 W 18th st,1925.000000000000000,-87.672432999999998,41.857837000000004,1925-08-18
1809 Fulton St,1925.000000000000000,-87.672268000000003,41.886662999999999,1925-08-20
3133 Dearborn st.,1925.000000000000000,-87.627714999999995,41.837421999999997,1925-08-20
1112 N. Oakley Blvd,1925.000000000000000,-87.684726999999995,41.901586000000002,1925-08-22
Kensington Av and Front st,1925.000000000000000,-87.612748150000002,41.683970100000003,1925-08-23
Rockwell & Huron sts.,1925.000000000000000,-87.691712379999998,41.893843990000001,1925-08-23
Rockwell and Huron sts.,1925.000000000000000,-87.691712379999998,41.893843990000001,1925-08-24
827 S. State St,1925.000000000000000,-87.627215000000007,41.871417999999998,1925-08-25
4722 Monroe,1925.000000000000000,-87.743444999999994,41.879410000000000,1925-08-28
83rd st. and Cicero ave.,1925.000000000000000,-87.741086480000007,41.741762710000003,1925-08-28
11814 S Michigan,1925.000000000000000,-87.620735999999994,41.679470000000002,1925-08-29
74th & Halsted,1925.000000000000000,-87.644205090000000,41.759628180000000,1925-08-29
3142 Federal,1925.000000000000000,-87.629140000000007,41.837384999999998,1925-08-30
Hollywood av and Broadway,1925.000000000000000,-87.660148140000004,41.985350019999998,1925-08-30
1529 Haddon,1925.000000000000000,-87.666072999999997,41.902355999999997,1925-09-02
4507 Prairie Ave,1925.000000000000000,-87.619501999999997,41.812753999999998,1925-09-02
5212 Troy,1925.000000000000000,-87.702664999999996,41.798673000000001,1925-09-03
2908 Federal,1925.000000000000000,-87.629142000000002,41.841071999999997,1925-09-03
Adams & Loomis Sts,1925.000000000000000,-87.661929130000004,41.878955670000003,1925-09-03
Polk and Leavith Sts.,1925.000000000000000,-87.681262489999995,41.871366410000000,1925-09-05
1631 N Kostner,1925.000000000000000,-87.735915000000006,41.910476000000003,1925-09-05
532 S. Halsted St.,1925.000000000000000,-87.647383000000005,41.875152999999997,1925-09-05
1811 W. Lake St,1925.000000000000000,-87.672210000000007,41.885044999999998,1925-09-06
1022 S. Sangamon St,1925.000000000000000,-87.649799999999999,41.862040000000000,1925-09-08
SE Corner of Bryn Mawr/Ashland Aves.,1925.000000000000000,-87.669568060000003,41.983244610000000,1925-09-10
3644 Cincennes Ave.,1925.000000000000000,-87.611645999999993,41.828111999999997,1925-09-11
NW corner 43rd St and Indiana Ave,1925.000000000000000,-87.621567249999998,41.816553159999998,1925-09-13
817 Cambridge,1925.000000000000000,-87.641615000000002,41.896822000000000,1925-09-13
SE coner of 35th st Wabash,1925.000000000000000,-87.624378199999995,41.830864439999999,1925-09-14
301 W. North Ave,1925.000000000000000,-87.636913000000007,41.910963000000002,1925-09-14
4840 S. Federal St.,1925.000000000000000,-87.628517000000002,41.806545999999997,1925-09-17
Polk and Cinton Sts.,1925.000000000000000,-87.640857699999998,41.871973580000002,1925-09-18
3635 S State,1925.000000000000000,-87.626315000000005,41.828327999999999,1925-09-18
4646 Federal st.,1925.000000000000000,-87.628404000000003,41.810299999999998,1925-09-18
1632 Fulton st.,1925.000000000000000,-87.667872000000003,41.887036999999999,1925-09-19
1642 W. 13th St,1925.000000000000000,-87.667488000000006,41.865237000000000,1925-09-20
3133 Dearborn St.,1925.000000000000000,-87.627714999999995,41.837421999999997,1925-09-20
Halsted and 122nd Sts.,1925.000000000000000,-87.641673089999998,41.672238649999997,1925-09-23
Crawford ave. 100ft south of Altgeld st.,1925.000000000000000,-87.726538180000006,41.925733579999999,1925-09-24
4848 Addison,1925.000000000000000,-87.748317999999998,41.946237000000004,1925-09-24
619 Belden Ave,1925.000000000000000,-87.644362000000001,41.923538000000001,1925-09-25
5210 Berkeley,1925.000000000000000,-87.600683000000004,41.800638999999997,1925-09-26
Foster av. & Clark st.,1925.000000000000000,-87.668409350000005,41.976130349999998,1925-09-28
Chicago Ave & Wells ST,1925.000000000000000,-87.634205820000005,41.896575270000000,1925-09-29
22nd st and Lawndale av,1925.000000000000000,-87.717332839999997,41.851518210000002,1925-09-30
1520 Augusta St.,1925.000000000000000,-87.666013000000007,41.899892000000001,1925-10-02
1418 Huron,1925.000000000000000,-87.663067999999996,41.894437000000003,1925-10-02
1422 E Marquette Rd,1925.000000000000000,-87.590563000000003,41.775236999999997,1925-10-03
5124 S Halsted,1925.000000000000000,-87.645508000000007,41.800916999999998,1925-10-03
"Hill St., 100 yds west of Orleans St.",1925.000000000000000,-87.638068200000006,41.902037479999997,1925-10-03
3680 Archer ave.,1925.000000000000000,-87.684200000000004,41.826587000000004,1925-10-04
Grand & Austin,1925.000000000000000,-87.775526049999996,41.920496919999998,1925-10-04
1912 Dearborn,1925.000000000000000,-87.628883000000002,41.855648000000002,1925-10-04
Addison and Mozart,1925.000000000000000,-87.699244019999995,41.946675900000002,1925-10-04
63rd and Carpenter Sts.,1925.000000000000000,-87.650792600000003,41.779472859999998,1925-10-05
44th St./Normal Ave.,1925.000000000000000,-87.638347150000001,41.814362209999999,1925-10-07
3517 Grand Blvd,1925.000000000000000,-87.714346000000006,41.901201999999998,1925-10-08
1122 Larrabee St.,1925.000000000000000,-87.643338000000000,41.902095000000003,1925-10-08
4033 Indiana,1925.000000000000000,-87.621379000000005,41.821361000000003,1925-10-10
Logan and California,1925.000000000000000,-87.697527410000006,41.928431560000000,1925-10-10
4933 Hoyne Ave,1925.000000000000000,-87.681514000000007,41.971147000000002,1925-10-10
31st/Shields Aves.,1925.000000000000000,-87.635364530000004,41.838170750000003,1925-10-10
1015 W. 31st Place,1925.000000000000000,-87.651595000000000,41.836942000000001,1925-10-11
6235 Princeton,1925.000000000000000,-87.632451000000003,41.781199999999998,1925-10-11
Roscoe St & California Ave,1925.000000000000000,-87.697956559999994,41.942749739999996,1925-10-11
Van Buren st and Western,1925.000000000000000,-87.686240670000004,41.876063870000003,1925-10-14
52nd and Mozart St.,1925.000000000000000,-87.695167060000003,41.799007480000000,1925-10-17
1926 N May St.,1925.000000000000000,-87.655600000000007,41.884219999999999,1925-10-17
253 W 43rd st,1925.000000000000000,-87.632859999999994,41.816262999999999,1925-10-18
915 S Halsted,1925.000000000000000,-87.646715000000000,41.870654999999999,1925-10-18
State st between 64 and 65th,1925.000000000000000,-87.625236509999993,41.776976609999998,1925-10-18
2943 Halsted St,1925.000000000000000,-87.648915000000002,41.935757000000002,1925-10-18
2582 Elston ave.,1925.000000000000000,-87.682513000000000,41.928331000000000,1925-10-20
4502 Drexel Ave,1925.000000000000000,-87.604583000000005,41.813032000000000,1925-10-22
68th St. and Hermitage Ave.,1925.000000000000000,-87.667508130000002,41.770191439999998,1925-10-23
503 N. Dearborn St.,1925.000000000000000,-87.629414999999995,41.891004000000002,1925-10-25
1445 E 60th st,1925.000000000000000,-87.590642000000003,41.785963000000002,1925-10-26
107th st and Vincennes av,1925.000000000000000,-87.658710479999996,41.699384410000000,1925-10-27
240 Englewood Ave.,1925.000000000000000,-87.635419999999996,41.780788000000001,1925-10-28
47th St. between Langley and Evans Aves.,1925.000000000000000,-87.608370780000001,41.809372320000001,1925-10-30
24th blvd and California,1925.000000000000000,-87.695381639999994,41.847873909999997,1925-10-31
2729 So. Kedzien Ave.,1925.000000000000000,-87.704768999999999,41.842153000000003,1925-11-02
2437 S. Leavitt,1925.000000000000000,-87.680414999999996,41.847391999999999,1925-11-02
100 feet north of Chestnut st. between Orleans & F,1925.000000000000000,-87.636459000000002,41.898524000000002,1925-11-02
8090 S. Chicago av.,1925.000000000000000,-87.579953000000003,41.747684000000000,1925-11-04
3421 Prairie ave.,1925.000000000000000,-87.620355000000004,41.832543999999999,1925-11-04
59th St. and Western Ave.,1925.000000000000000,-87.683773040000005,41.786433049999999,1925-11-05
1623 So. Jefferson St.,1925.000000000000000,-87.641699000000003,41.859622000000002,1925-11-08
1823 W North Av,1925.000000000000000,-87.673423000000000,41.910392999999999,1925-11-08
Central Park & Armitage ave.,1925.000000000000000,-87.716689110000004,41.917239760000001,1925-11-09
5233 Van Buren st.,1925.000000000000000,-87.755827999999994,41.874662999999998,1925-11-09
804 W. Roosevelt Rd.,1925.000000000000000,-87.647160000000000,41.867311999999998,1925-11-10
SW corner of Lawndale and North Aves,1925.000000000000000,-87.719221120000000,41.909686979999996,1925-11-10
Polk/Dearborn Sts.,1925.000000000000000,-87.629163270000006,41.872245210000003,1925-11-11
N.E. Corner of Sunnyside Milwaukee,1925.000000000000000,-87.755913730000003,41.962394080000003,1925-11-13
451 W Oak,1925.000000000000000,-87.640383999999997,41.900326000000000,1925-11-13
"30th st, between Dearborn and Federal",1925.000000000000000,-87.628626819999994,41.839513619999998,1925-11-14
NE corner of Irving Pk Blvd and Western Ave,1925.000000000000000,-87.688236239999995,41.954224300000000,1925-11-14
5216 S. Sangamon st.,1925.000000000000000,-87.649083000000005,41.799301000000000,1925-11-14
2922 Prairie ave,1925.000000000000000,-87.548000000000002,41.641599999999997,1925-11-14
3304 Vernon av.,1925.000000000000000,-87.614582999999996,41.834439000000003,1925-11-14
1011 Sedgewick,1925.000000000000000,-87.638715000000005,41.901353000000000,1925-11-15
3244 Rhodes,1925.000000000000000,-87.613583000000006,41.835059000000001,1925-11-15
608 N. Wells st.,1925.000000000000000,-87.634282999999996,41.892707999999999,1925-11-15
1411 S. Kedvale ave,1925.000000000000000,-87.728515000000002,41.862183000000002,1925-11-19
1148 Larrabee St,1925.000000000000000,-87.643383000000000,41.902850999999998,1925-11-20
31st / Dearborn Sts,1925.000000000000000,-87.627961639999995,41.838234700000001,1925-11-20
2418 Lowe Ave,1925.000000000000000,-87.644565000000000,41.847974000000001,1925-11-21
5051 Wells St,1925.000000000000000,-87.631916000000004,41.802587000000003,1925-11-21
3753 Federal St.,1925.000000000000000,-87.628720000000001,41.827938000000003,1925-11-23
5929 Prairie Ave,1925.000000000000000,-87.618814999999998,41.786887999999998,1925-11-23
"39th st., Wabash and State",1925.000000000000000,-87.625601290000006,41.823653229999998,1925-11-24
452 E. 42nd St.,1925.000000000000000,-87.615093999999999,41.818589000000003,1925-11-26
1428 Congress st.,1925.000000000000000,-87.662846999999999,41.875419999999998,1925-11-26
5232 So. Halsted St.,1925.000000000000000,-87.645482999999999,41.799106000000002,1925-11-27
5232 So. Halsted St.,1925.000000000000000,-87.645482999999999,41.799106000000002,1925-11-27
Blue Island av and Leavitt,1925.000000000000000,-87.680597309999996,41.846659099999997,1925-11-28
Ewing av and 95st,1925.000000000000000,-87.536573410000003,41.722947380000001,1925-11-29
5253 S.  Halsted St,1925.000000000000000,-87.735015000000004,41.874057000000001,1925-11-29
11255 Forrestville av,1925.000000000000000,-87.609361000000007,41.690021999999999,1925-12-02
2813 Calumet av,1925.000000000000000,-87.618545999999995,41.843198000000001,1925-12-03
544 Milwaukee,1925.000000000000000,-87.649072000000004,41.891972000000003,1925-12-03
1618 W. Division St.,1925.000000000000000,-87.668203000000005,41.903478999999997,1925-12-06
322 N. Washtenaw,1925.000000000000000,-87.693979999999996,41.886080000000000,1925-12-07
30 S. Canal st.,1925.000000000000000,-87.639848999999998,41.881452000000003,1925-12-08
30 S. Canal,1925.000000000000000,-87.639848999999998,41.881452000000003,1925-12-08
116th & Vincennes av.,1925.000000000000000,-87.668366430000006,41.683361140000002,1925-12-08
30 S. Canal st.,1925.000000000000000,-87.639848999999998,41.881452000000003,1925-12-08
30 S. Canal St,1925.000000000000000,-87.639848999999998,41.881452000000003,1925-12-08
130th St. and Indiana Ave.,1925.000000000000000,-87.618284230000000,41.659094320000001,1925-12-10
4055 Calumet av.,1925.000000000000000,-87.618261000000004,41.821066999999999,1925-12-10
Grand Ave and Ogden Ave.,1925.000000000000000,-87.658989430000005,41.891064679999999,1925-12-12
436 W. 39th St.,1925.000000000000000,-87.637551000000002,41.823737000000001,1925-12-12
1423 Sedgewick St.,1925.000000000000000,-87.638315000000006,41.908047000000003,1925-12-13
3900 Wentworth Ave,1925.000000000000000,-87.631508999999994,41.823583999999997,1925-12-13
7731 Greenwood,1925.000000000000000,-87.597814999999997,41.754384999999999,1925-12-13
3523 Ellis ave,1925.000000000000000,-87.608155999999994,41.829394000000001,1925-12-15
2811 S. LaSalle St.,1925.000000000000000,-87.630364889999996,41.840984339999999,1925-12-15
1106 Fullerton Ave,1925.000000000000000,-87.656208000000007,41.925511999999998,1925-12-16
55th st and Shields,1925.000000000000000,-87.634077070000004,41.793984399999999,1925-12-18
3410 Calumet Ave.,1925.000000000000000,-87.618228999999999,41.832768000000002,1925-12-18
911 W Belmont,1925.000000000000000,-87.652984000000004,41.939762999999999,1925-12-20
1454 W. Monroe,1925.000000000000000,-87.663256000000004,41.880383000000002,1925-12-20
1322 Mohawk st,1925.000000000000000,-87.642212000000001,41.906100000000002,1925-12-21
3727 Prairie Ave.,1925.000000000000000,-87.620215000000002,41.827066000000002,1925-12-21
East drive of Marguette Pk near 70th St,1925.000000000000000,-87.695016859999996,41.766094379999998,1925-12-22
2131 E. 75th st.,1925.000000000000000,-87.572215000000000,41.758763000000002,1925-12-22
125 W. Monroe St.,1925.000000000000000,-87.631559999999993,41.880563000000002,1925-12-22
NW corner of 63rd and Greenwood Ave,1925.000000000000000,-87.599165439999993,41.780432930000003,1925-12-24
90th & Burley,1925.000000000000000,-87.545692919999993,41.731947400000003,1925-12-24
5054 Western,1925.000000000000000,-87.689245999999997,41.973446000000003,1925-12-24
3127 Federal st,1925.000000000000000,-87.628784999999993,41.837671000000000,1925-12-25
South Chicago Ave and Ingleside Ave,1925.000000000000000,-87.602276799999999,41.763453560000002,1925-12-25
Division & Cicero av.,1925.000000000000000,-87.745914459999995,41.902293010000001,1925-12-25
730 E. 45th St,1925.000000000000000,-87.608114999999998,41.813336999999997,1925-12-25
3017 Polk St.,1925.000000000000000,-87.701431999999997,41.870863000000000,1925-12-26
67th St and Ashland Ave,1925.000000000000000,-87.663967610000000,41.772031830000003,1925-12-27
4318  State,1925.000000000000000,-87.626441999999997,41.816122999999997,1925-12-28
4049 Armitage Ave,1925.000000000000000,-87.728212999999997,41.917062999999999,1925-12-29
Halsted and Willow Sts.,1925.000000000000000,-87.648324970000004,41.913790820000003,1925-12-30
2947 E. 96th St.,1925.000000000000000,-87.552237509999998,41.720769240000003,1925-12-30
713 W. 47th St.,1925.000000000000000,-87.643502999999995,41.808762999999999,1925-12-31
47th st. and St. Louis,1926.000000000000000,-87.711324689999998,41.807884880000003,1926-01-01
1006 S. State St.,1926.000000000000000,-87.627683000000005,41.869914999999999,1926-01-06
76th st and Vincennes av,1926.000000000000000,-87.632188799999994,41.756138720000003,1926-01-07
2526 S. Avers Ave,1926.000000000000000,-87.721082999999993,41.845562999999999,1926-01-07
1845 W. Madison,1926.000000000000000,-87.672819000000004,41.881211000000000,1926-01-08
3552 Wilton av,1926.000000000000000,-87.653129000000007,41.946398000000002,1926-01-09
914 S. Halsted,1926.000000000000000,-87.647283000000002,41.870663000000000,1926-01-10
4310 Gladys,1926.000000000000000,-87.733288999999999,41.876237000000003,1926-01-12
3555 N. Racine,1926.000000000000000,-87.658953999999994,41.946575000000003,1926-01-13
345 E 29th st,1926.000000000000000,-87.619185999999999,41.841932999999997,1926-01-14
345 E. 29th St.,1926.000000000000000,-87.619185999999999,41.841932999999997,1926-01-14
Lincoln & Webster Aves.,1926.000000000000000,-87.643797399999997,41.921901920000003,1926-01-15
2123 Adams St.,1926.000000000000000,-87.679629000000006,41.878563000000000,1926-01-16
362-364 W. Chicago,1926.000000000000000,-87.637825000000007,41.896692000000002,1926-01-16
5317 S. Halsted,1926.000000000000000,-87.645066999999997,41.797370999999998,1926-01-16
41 W. 18th St.,1926.000000000000000,-87.628343000000001,41.857663000000002,1926-01-17
41st St and Indiana Ave,1926.000000000000000,-87.621502879999994,41.820183249999999,1926-01-17
California & Potomac,1926.000000000000000,-87.696905139999998,41.904672589999997,1926-01-17
1646 S. Spaulding Ave.,1926.000000000000000,-87.708055999999999,41.858581999999998,1926-01-17
S.E. Corner of 16th & Lawndale,1926.000000000000000,-87.717375759999996,41.858726279999999,1926-01-18
3120 Prairie av,1926.000000000000000,-87.620783000000003,41.837955000000001,1926-01-18
N. E. Corner of Throop & Madison Sts.,1926.000000000000000,-87.659504409999997,41.881655639999998,1926-01-19
3540 W. 13th ST,1926.000000000000000,-87.713903999999999,41.864237000000003,1926-01-19
3236 State,1926.000000000000000,-87.626915999999994,41.835877000000004,1926-01-24
4401 So. Wood St.,1926.000000000000000,-87.669807000000006,41.813853000000002,1926-01-26
9457 Ewing av,1926.000000000000000,-87.537113000000005,41.723920999999997,1926-01-26
2053 N. Avery Ave.,1926.000000000000000,-87.722714999999994,41.918154999999999,1926-01-26
31st & California av.,1926.000000000000000,-87.695059779999994,41.837387399999997,1926-01-28
Keeler & Grand av.,1926.000000000000000,-87.731151580000002,41.908026210000003,1926-01-31
2153 13th st.,1926.000000000000000,-87.679924999999997,41.864763000000004,1926-01-31
N.W. corner of Taylor & Paulina,1926.000000000000000,-87.669117450000002,41.869321139999997,1926-02-01
2516 Lake St.,1926.000000000000000,-87.689643000000004,41.884737000000001,1926-02-01
3261 Ellis,1926.000000000000000,-87.611016000000006,41.835509000000002,1926-02-02
13th & Wabash,1926.000000000000000,-87.625794409999997,41.865693839999999,1926-02-03
Clybourn & Southport Aves.,1926.000000000000000,-87.663130760000001,41.920704479999998,1926-02-05
Elston & Austin,1926.000000000000000,-87.777843480000001,41.989831760000001,1926-02-05
Clybourn & Southport,1926.000000000000000,-87.663130760000001,41.920704479999998,1926-02-05
238 E. 16th St,1926.000000000000000,-87.632982999999996,41.848123000000001,1926-02-06
28th st. and Stewart ave.,1926.000000000000000,-87.636523249999996,41.843637950000002,1926-02-06
1823 Lake St.,1926.000000000000000,-87.672469000000007,41.885035000000002,1926-02-07
6648 Yale Ave.,1926.000000000000000,-87.631833999999998,41.773617999999999,1926-02-07
5106 So. Halsted St.,1926.000000000000000,-87.645553000000007,41.801318000000002,1926-02-07
16th & Michigan,1926.000000000000000,-87.624013419999997,41.860308430000003,1926-02-08
35 W 22nd st,1926.000000000000000,-87.723280000000003,41.851599999999998,1926-02-10
2618 Throop st.,1926.000000000000000,-87.655807999999993,41.845153000000003,1926-02-13
4433-35 Prairie Ave,1926.000000000000000,-87.619515000000007,41.814155000000000,1926-02-13
31st and Michigan,1926.000000000000000,-87.623455519999993,41.838330620000001,1926-02-14
3638 Federal St.,1926.000000000000000,-87.629129000000006,41.829262999999997,1926-02-14
11311 Laflin St.,1926.000000000000000,-87.659897000000001,41.687241000000000,1926-02-14
Calumet Ave. & 44th,1926.000000000000000,-87.618284230000000,41.814682060000003,1926-02-14
Tayler and Halstead Sts.,1926.000000000000000,-87.655427459999999,41.869289190000003,1926-02-15
Roosevelt Rd. at Independence Blvd.,1926.000000000000000,-87.719950679999997,41.866125289999999,1926-02-16
Milwaukee Ave & Robey St,1926.000000000000000,-87.677443030000006,41.910309759999997,1926-02-16
Noble & Kinzie st.,1926.000000000000000,-87.662229539999998,41.888780439999998,1926-02-17
262 W 26th st,1926.000000000000000,-87.632604000000001,41.845637000000004,1926-02-20
4701 So. Halsted St.,1926.000000000000000,-87.645314999999997,41.808739000000003,1926-02-21
1908 Milwaukee Ave,1926.000000000000000,-87.686520999999999,41.916058000000000,1926-02-21
85th st. and Burley ave.,1926.000000000000000,-87.545349599999994,41.741090260000000,1926-02-25
433 E. 42nd Place,1926.000000000000000,-87.615561999999997,41.817397999999997,1926-02-25
Canal and Madison Sts.,1926.000000000000000,-87.639720440000005,41.881847350000001,1926-02-25
2015 Grand Ave.,1926.000000000000000,-87.677350000000004,41.890695999999998,1926-02-25
84th & Halsted,1926.000000000000000,-87.643690109999994,41.741474519999997,1926-02-25
SE corner of Armitage Ave/Wood St.,1926.000000000000000,-87.672636510000004,41.917718770000000,1926-02-26
847 Lakeside Pl.,1926.000000000000000,-87.651307000000003,41.968063000000001,1926-02-27
Washington & Long av.,1926.000000000000000,-87.760076519999998,41.882214789999999,1926-02-27
3550 N. California Ave,1926.000000000000000,-87.698156999999995,41.945667999999998,1926-02-27
1909 23rd St.,1926.000000000000000,-87.673696000000007,41.850262999999998,1926-02-27
1406 W 14th,1926.000000000000000,-87.660275999999996,41.862583999999998,1926-02-28
109 W. 18th,1926.000000000000000,-87.629858999999996,41.857663000000002,1926-03-01
109 W. 18th,1926.000000000000000,-87.629858999999996,41.857663000000002,1926-03-01
Cottage Grove Ave. between 33rd St. & 33rd Pl.,1926.000000000000000,-87.611653799999999,41.834062050000000,1926-03-02
4642 Vincennes Ave.,1926.000000000000000,-87.613983000000005,41.810054000000001,1926-03-04
29th and Dearborn Sts.,1926.000000000000000,-87.627961639999995,41.842007430000002,1926-03-04
22nd and keeler Ave.,1926.000000000000000,-87.729520800000003,41.851342400000000,1926-03-06
2011 w 63 st,1926.000000000000000,-87.674398999999994,41.779162999999997,1926-03-06
3821 Emerald ave.,1926.000000000000000,-87.644514999999998,41.824840000000002,1926-03-07
5142 So. Halstead St.,1926.000000000000000,-87.645482999999999,41.800395000000002,1926-03-07
419 N Hermitage,1926.000000000000000,-87.670514999999995,41.889356999999997,1926-03-09
4257 State St.,1926.000000000000000,-87.626114999999999,41.817286000000003,1926-03-09
35th & Wallace,1926.000000000000000,-87.641222479999996,41.830800480000001,1926-03-10
4220 S. Michigan ave.,1926.000000000000000,-87.623255000000000,41.817850000000000,1926-03-10
211 E. 45th st,1926.000000000000000,-87.620963000000003,41.812783000000003,1926-03-10
4525 Calumet Ave.,1926.000000000000000,-87.618015000000000,41.812477999999999,1926-03-12
5201 S. Kedie Ave,1926.000000000000000,-87.703514999999996,41.798847000000002,1926-03-12
Cullom/Keystone Aves.,1926.000000000000000,-87.729263309999993,41.958963539999999,1926-03-14
9 E. 33rd. St.,1926.000000000000000,-87.626125999999999,41.834563000000003,1926-03-15
Roosevelt Rd. & Western Ave.,1926.000000000000000,-87.686047549999998,41.866572720000001,1926-03-16
1321 Randolph st,1926.000000000000000,-87.659476999999995,41.883963000000001,1926-03-17
Western & Grand ave,1926.000000000000000,-87.686712740000004,41.890681319999999,1926-03-18
2218 N Cicero,1926.000000000000000,-87.746404999999996,41.921008999999998,1926-03-20
2951 Indiana Ave.,1926.000000000000000,-87.621786999999998,41.841014000000001,1926-03-20
802 S. California ave.,1926.000000000000000,-87.696183000000005,41.870950000000001,1926-03-20
1657 Lake,1926.000000000000000,-87.668301000000000,41.885205999999997,1926-03-23
451 N Eliz,1926.000000000000000,-87.658816000000002,41.890323000000002,1926-03-25
2707 W. Chicago ave.,1926.000000000000000,-87.694514999999996,41.895563000000003,1926-03-26
Southport av and McLean,1926.000000000000000,-87.663109300000002,41.918565000000001,1926-03-26
4642 S Mozart,1926.000000000000000,-87.695639999999997,41.809311000000001,1926-03-28
18th and Union Sts.,1926.000000000000000,-87.644827370000002,41.857559620000004,1926-03-28
1404 S. Peoria St.,1926.000000000000000,-87.648983000000001,41.861474999999999,1926-03-29
14th st. and State,1926.000000000000000,-87.627382280000006,41.863968000000000,1926-03-29
1113 S. Halsted,1926.000000000000000,-87.646715000000000,41.868085000000001,1926-03-30
4913 State St.,1926.000000000000000,-87.625782999999998,41.805247999999999,1926-04-02
534 E 50th st,1926.000000000000000,-87.612361000000007,41.804136999999997,1926-04-02
Sheridan Rd. and Diversity Blvd.,1926.000000000000000,-87.639398569999997,41.932869420000003,1926-04-03
1922 Laflin st.,1926.000000000000000,-87.663882999999998,41.855724000000002,1926-04-03
"Ellis Ave, about 150 ft. south of 79th St.",1926.000000000000000,-87.600259780000002,41.750680060000001,1926-04-04
in Wood st between Lake and Walnut,1926.000000000000000,-87.671842580000003,41.885633480000003,1926-04-06
3518 LaSalle St.,1926.000000000000000,-87.614582999999996,41.830643999999999,1926-04-06
295 W Lyndale,1926.000000000000000,-87.679900000000004,41.922699999999999,1926-04-07
Huron st. and Milwaukee ave.,1926.000000000000000,-87.652659420000006,41.894434980000000,1926-04-08
969 W. Chicago Ave,1926.000000000000000,-87.652119999999996,41.896220000000000,1926-04-09
2012 State st.,1926.000000000000000,-87.627362000000005,41.855142999999998,1926-04-10
3251 Grenshaw st.,1926.000000000000000,-87.708830000000006,41.867162999999998,1926-04-11
4400 Wabash Ave.,1926.000000000000000,-87.624770999999996,41.814557000000001,1926-04-11
312 E. 49th st.,1926.000000000000000,-87.619062000000000,41.805836999999997,1926-04-12
124 N. Hamlin Ave.,1926.000000000000000,-87.720983000000004,41.882238000000001,1926-04-13
56th & St. Louis ave.,1926.000000000000000,-87.710766789999994,41.791440719999997,1926-04-15
80th st Emerald,1926.000000000000000,-87.642703060000002,41.748742999999997,1926-04-16
2321 Southport ave.,1926.000000000000000,-87.706215000000000,41.849440000000001,1926-04-16
4109 S. State St.,1926.000000000000000,-87.626181000000003,41.819803999999998,1926-04-17
4530 Evans,1926.000000000000000,-87.608450000000005,41.812565999999997,1926-04-18
10 E. 18th St.,1926.000000000000000,-87.626800000000003,41.857962000000001,1926-04-19
Kildare Ave. & Hirsch St.,1926.000000000000000,-87.733640670000000,41.906030029999997,1926-04-21
4458 So. Honore ST.,1926.000000000000000,-87.618059000000002,41.813791000000002,1926-04-23
91st and Mackinaw,1926.000000000000000,-87.542967800000000,41.730185929999998,1926-04-23
8911 Greenbay Ave.,1926.000000000000000,-87.541398000000001,41.733499000000002,1926-04-24
4336 Federal St.,1926.000000000000000,-87.628196000000003,41.815700000000000,1926-04-25
310 E 33rd,1926.000000000000000,-87.618922999999995,41.834873999999999,1926-04-27
112 N LaSalle,1926.000000000000000,-87.632582999999997,41.883533000000000,1926-04-27
3501 Wabash,1926.000000000000000,-87.624314999999996,41.830948999999997,1926-04-28
1017 So. Hamilton Ave.,1926.000000000000000,-87.680115000000001,41.868721000000001,1926-04-30
8 E. 33 st.,1926.000000000000000,-87.626149999999996,41.834837000000000,1926-04-30
33rd & State st.,1926.000000000000000,-87.626609799999997,41.834637610000001,1926-05-01
Oakley Ave. and Lake St.,1926.000000000000000,-87.684051990000000,41.884659010000000,1926-05-02
4336 Hermitage Ave.,1926.000000000000000,-87.672522000000001,41.960425000000001,1926-05-08
3611 W. 55th Place,1926.000000000000000,-87.713897000000003,41.792262999999998,1926-05-09
228 S. Halsted St.,1926.000000000000000,-87.647482999999994,41.878438000000003,1926-05-09
5201 Greenwood Ave,1926.000000000000000,-87.599604999999997,41.800756999999997,1926-05-09
5942 S. Keating Ave.,1926.000000000000000,-87.741282999999996,41.783341000000000,1926-05-10
619 W. 12th Place,1926.000000000000000,-87.642679000000001,41.866737000000001,1926-05-10
6358 Vernon Ave,1926.000000000000000,-87.614582999999996,41.779212000000001,1926-05-10
635 S Racine,1926.000000000000000,-87.656615000000002,41.873842000000003,1926-05-11
2041 W. Division,1926.000000000000000,-87.677995999999993,41.903033000000001,1926-05-12
"Indiana Ave., near 33rd st.",1926.000000000000000,-87.621803279999995,41.834285880000003,1926-05-15
Drake and Diversey aves.,1926.000000000000000,-87.715852260000005,41.931879709999997,1926-05-15
4200 Prairie Ave.,1926.000000000000000,-87.619983000000005,41.818263000000002,1926-05-15
1810 W. 69th St,1926.000000000000000,-87.669269999999997,41.768636999999998,1926-05-15
4160 Archer Ave,1926.000000000000000,-87.698196999999993,41.817985999999998,1926-05-17
306 E 43rd,1926.000000000000000,-87.619421000000003,41.816737000000003,1926-05-17
4160 S. Archer ave.,1926.000000000000000,-87.698196999999993,41.817985999999998,1926-05-17
SE corner of Central Park and Roosevelt,1926.000000000000000,-87.715144159999994,41.866061369999997,1926-05-19
3086 Lyman st.,1926.000000000000000,-87.659074000000004,41.838377999999999,1926-05-21
3522 Roosevelt Rd.,1926.000000000000000,-87.713634999999996,41.866436999999998,1926-05-22
3407 Indiana Ave.,1926.000000000000000,-87.621615000000006,41.832655000000003,1926-05-23
4108 S. State st.,1926.000000000000000,-87.626551000000006,41.819800999999998,1926-05-24
Walnut St. and Oakley Ave.,1926.000000000000000,-87.684094909999999,41.885681409999997,1926-05-26
3603 Broadway,1926.000000000000000,-87.647122999999993,41.947622000000003,1926-05-27
Ogden and Grand Aves.,1926.000000000000000,-87.659032339999996,41.891016759999999,1926-05-31
42nd and State,1926.000000000000000,-87.626287939999997,41.818296259999997,1926-05-31
910 E. 53 St.,1926.000000000000000,-87.603443999999996,41.799537000000001,1926-05-31
808 Cambridge Ave.,1926.000000000000000,-87.641982999999996,41.896726000000001,1926-06-01
5231 S. Cicero av.,1926.000000000000000,-87.742615000000001,41.798034999999999,1926-06-01
808 Cambridge Ave,1926.000000000000000,-87.641982999999996,41.896726000000001,1926-06-01
51st St. 50 ft. est of Robey St.,1926.000000000000000,-87.674095629999997,41.801118969999997,1926-06-02
5646 North,1926.000000000000000,-87.767380000000003,41.909537000000000,1926-06-03
1620 Lawrence Ave.,1926.000000000000000,-87.669912999999994,41.969037000000000,1926-06-04
1600 Wallen Ave.,1926.000000000000000,-87.670685000000006,42.002737000000003,1926-06-04
2424 Union Ave.,1926.000000000000000,-87.638900000000007,41.646619999999999,1926-06-05
208 E. 48th St.,1926.000000000000000,-87.620907000000003,41.807637000000000,1926-06-06
122 W Grand,1926.000000000000000,-87.631994000000006,41.891736999999999,1926-06-07
325 Belden,1926.000000000000000,-87.637658000000002,41.923662999999998,1926-06-07
1244 Roscoe St,1926.000000000000000,-87.660152999999994,41.943590999999998,1926-06-07
Western av and 101st st,1926.000000000000000,-87.681648730000006,41.709989610000001,1926-06-08
1619 W. 14th Place,1926.000000000000000,-87.666882999999999,41.862237999999998,1926-06-08
S.E. Corner of Ashland and Carroll Aves.,1926.000000000000000,-87.666778559999997,41.887278860000002,1926-06-10
26 W. 18th St.,1926.000000000000000,-87.628020000000006,41.857937000000000,1926-06-10
9126 Burley Ave.,1926.000000000000000,-87.545783000000000,41.729562999999999,1926-06-11
6064 So. State St.,1926.000000000000000,-87.625620999999995,41.784371999999998,1926-06-15
Lake Shore Drive near Cedar St.,1926.000000000000000,-87.624506949999997,41.902436750000000,1926-06-16
3653 Michigan,1926.000000000000000,-87.623014999999995,41.828218000000000,1926-06-16
NW Corner of 75th St. & Cottage Grove Ave.,1926.000000000000000,-87.605152129999993,41.758571760000002,1926-06-17
83rd & Western (so),1926.000000000000000,-87.682549949999995,41.742739360000002,1926-06-20
4218 S. Honore St,1926.000000000000000,-87.671520000000001,41.827159999999999,1926-06-20
1119 W. Grand Ave.,1926.000000000000000,-87.655328999999995,41.890962999999999,1926-06-23
930 S. Marshfield,1926.000000000000000,-87.667910000000006,41.869826000000003,1926-06-23
Western ave. and School st.,1926.000000000000000,-87.688107489999993,41.941297310000003,1926-06-24
3533 W 13th pl,1926.000000000000000,-87.713761000000005,41.863962999999998,1926-06-26
3501 Wabash Ave.,1926.000000000000000,-87.624314999999996,41.830948999999997,1926-06-27
326 S. Desplaines st.,1926.000000000000000,-87.644182999999998,41.877690999999999,1926-06-27
2932 State,1926.000000000000000,-87.627049000000000,41.841065999999998,1926-06-28
1541 Chicago av.,1926.000000000000000,-87.666229999999999,41.895963000000002,1926-06-28
1248 Madison st.,1926.000000000000000,-87.659047999999999,41.881737000000001,1926-06-29
71st and S Shore Dr,1926.000000000000000,-87.562794690000004,41.766286430000001,1926-07-01
3020 Broadway,1926.000000000000000,-87.644411000000005,41.936796000000001,1926-07-02
Southport & Irving Pk.,1926.000000000000000,-87.664225099999996,41.954320050000000,1926-07-02
Racine and Roosevelt,1926.000000000000000,-87.656650540000001,41.866908289999998,1926-07-04
933 Orleans st.,1926.000000000000000,-87.637114999999994,41.899884999999998,1926-07-05
302 E. 35th ST,1926.000000000000000,-87.619077000000004,41.831237000000002,1926-07-10
3962 Langley Ave,1926.000000000000000,-87.609983000000000,41.822181000000000,1926-07-10
5309 Federal St.,1926.000000000000000,-87.627673999999999,41.797511999999998,1926-07-10
302 E. 35th st.,1926.000000000000000,-87.619077000000004,41.831237000000002,1926-07-10
2204-2206 Wilson Ave,1926.000000000000000,-87.684373859999994,41.964771419999998,1926-07-10
4102 St. Lawrence ave.,1926.000000000000000,-87.611982999999995,41.820134000000003,1926-07-11
1016 W 57th st,1926.000000000000000,-87.650542000000002,41.790737000000000,1926-07-12
3001 Wentworth Ave.,1926.000000000000000,-87.631514999999993,41.839585999999997,1926-07-12
3139 Flournoy St.,1926.000000000000000,-87.704423000000006,41.872663000000003,1926-07-13
Jackson Blvd. And Racine Ave.,1926.000000000000000,-87.656993869999994,41.877773400000002,1926-07-14
1110 S. Crawford ave.,1926.000000000000000,-87.721699999999998,41.727919999999997,1926-07-15
1017 S. Wabash,1926.000000000000000,-87.625715000000000,41.869861000000000,1926-07-15
4726 S. Laflin,1926.000000000000000,-87.662683000000001,41.808062999999997,1926-07-16
1718 Lawrence Ave,1926.000000000000000,-87.671768000000000,41.968989000000001,1926-07-17
2649 Lawrence Ave,1926.000000000000000,-87.695413000000002,41.968463000000000,1926-07-17
554 E. 36th st.,1926.000000000000000,-87.611542000000000,41.828937000000003,1926-07-17
Congress and State Sts,1926.000000000000000,-87.627618310000003,41.875584549999999,1926-07-17
2533 Warren Ave.,1926.000000000000000,-87.690511000000001,41.881931999999999,1926-07-19
3206 Wabash ave.,1926.000000000000000,-87.625184000000004,41.835414000000000,1926-07-19
441 W. Oak st.,1926.000000000000000,-87.640277999999995,41.900336000000003,1926-07-21
3128 Wabash Ave.,1926.000000000000000,-87.625237999999996,41.835878000000001,1926-07-22
3128 Wabash,1926.000000000000000,-87.625237999999996,41.835878000000001,1926-07-22
Southport and Irving Park,1926.000000000000000,-87.664225099999996,41.954320050000000,1926-07-22
6154 So. Ashland Ave.,1926.000000000000000,-87.664483000000004,41.782131999999997,1926-07-23
2110 Walnut st.,1926.000000000000000,-87.679598999999996,41.885936999999998,1926-07-23
3056 Calument Ave.,1926.000000000000000,-87.618882999999997,41.841160000000002,1926-07-24
4038 N. Clark St,1926.000000000000000,-87.662948999999998,41.955207999999999,1926-07-24
Racine av and Altgeld,1926.000000000000000,-87.658517360000005,41.927042669999999,1926-07-31
35th & Halsted,1926.000000000000000,-87.646093370000003,41.830720540000002,1926-07-31
42nd St. and Cottage Gr.,1926.000000000000000,-87.606782910000007,41.818584110000003,1926-08-01
440 N. Western,1926.000000000000000,-87.686882999999995,41.889766999999999,1926-08-02
2034 Dearborn St.,1926.000000000000000,-87.628846999999993,41.855159000000000,1926-08-04
66th and Green sts.,1926.000000000000000,-87.645792959999994,41.774144210000003,1926-08-05
NW corner of 65 & Richmond,1926.000000000000000,-87.696733469999998,41.775424409999999,1926-08-06
1201 Wilson,1926.000000000000000,-87.659713999999994,41.965263000000000,1926-08-07
Normandy and Grand ave.,1926.000000000000000,-87.792434689999993,41.923498469999998,1926-08-07
1520 Avers (So.) av.,1926.000000000000000,-87.721558000000002,41.860249000000003,1926-08-10
2814 Dearborn st.,1926.000000000000000,-87.628000999999998,41.839562999999998,1926-08-13
5918 Wood st.,1926.000000000000000,-87.669382999999996,41.786285999999997,1926-08-13
3243 LaSalle St.,1926.000000000000000,-87.629751999999996,41.835690000000000,1926-08-13
Ashland between 84th and 85 th,1926.000000000000000,-87.663087840000003,41.740225670000001,1926-08-14
"Ashland ave, and 84th st.",1926.000000000000000,-87.663109300000002,41.741170310000001,1926-08-14
61st and Ingleside,1926.000000000000000,-87.602663039999996,41.783905070000003,1926-08-15
83rd st. & Stewart av.,1926.000000000000000,-87.634034159999999,41.743411799999997,1926-08-15
Madison & Kostner,1926.000000000000000,-87.735335829999997,41.880537320000002,1926-08-15
5255 S Morgan,1926.000000000000000,-87.645115000000004,41.798740000000002,1926-08-16
3321 Calumet Ave.,1926.000000000000000,-87.617901000000003,41.834304000000003,1926-08-16
NW corner of 14th St Racine Ave,1926.000000000000000,-87.656736370000004,41.863504570000003,1926-08-19
456 W. Division St.,1926.000000000000000,-87.640006000000000,41.903837000000003,1926-08-20
2263 Wentworth Ave.,1926.000000000000000,-87.669167999999999,41.850895999999999,1926-08-20
222 E. 42nd St.,1926.000000000000000,-87.620957000000004,41.818465000000003,1926-08-21
2281 Ogden Ave,1926.000000000000000,-87.683053999999998,41.867089000000000,1926-08-23
29th and Federal Sts.,1926.000000000000000,-87.629377840000004,41.841783630000002,1926-08-23
96th St. and Ewing Ave.,1926.000000000000000,-87.535307410000001,41.721377850000003,1926-08-25
2256 North Ave.,1926.000000000000000,-87.737515000000002,41.921686000000001,1926-08-25
4811 Vincennes,1926.000000000000000,-87.613647000000000,41.807312000000003,1926-08-27
434 W. 31st sT.,1926.000000000000000,-87.638030000000001,41.838337000000003,1926-08-28
1752 W. 14th St,1926.000000000000000,-87.670051000000001,41.863337000000001,1926-08-28
641 Madison St.,1926.000000000000000,-87.644924000000003,41.925362999999997,1926-08-28
823 Larrabee St,1926.000000000000000,-87.642726999999994,41.896917999999999,1926-08-29
Cortland and Paulina,1926.000000000000000,-87.670297619999999,41.916058200000002,1926-08-29
119 E. 51st St.,1926.000000000000000,-87.622259000000000,41.801862999999997,1926-08-29
347 W. Chestnut St.,1926.000000000000000,-87.637457999999995,41.898063000000000,1926-08-29
2414 Maypole ave,1926.000000000000000,-87.689003999999997,41.883861000000003,1926-08-30
2708 LaSalle St.,1926.000000000000000,-87.630343440000004,41.841879550000002,1926-08-30
4709 St. Laurence av.,1926.000000000000000,-87.611215000000001,41.809224000000000,1926-09-01
119th St. and Indiana Ave.,1926.000000000000000,-87.617769240000001,41.678104640000001,1926-09-05
70th & Racine ave.,1926.000000000000000,-87.654097080000000,41.766702549999998,1926-09-06
4236 Langley ave.,1926.000000000000000,-87.609382999999994,41.817909000000000,1926-09-07
1421 So. Canal St.,1926.000000000000000,-87.638947999999999,41.863804999999999,1926-09-07
3526 So. LaSalle St.,1926.000000000000000,-87.629982999999996,41.830531000000001,1926-09-07
3101 S. State st.,1926.000000000000000,-87.626411000000004,41.838166000000001,1926-09-08
2816 LaSalle st.,1926.000000000000000,-87.630407809999994,41.840856449999997,1926-09-14
1746 Superior St,1926.000000000000000,-87.670827000000003,41.895237000000002,1926-09-15
Harrison and Jefferson Sts.,1926.000000000000000,-87.642467019999998,41.874370270000000,1926-09-19
3011 Cottage Grove,1926.000000000000000,-87.613624999999999,41.839506000000000,1926-09-20
4610 Prairie ave,1926.000000000000000,-87.619782999999998,41.810819000000002,1926-09-20
4600 Calumet Ave.,1926.000000000000000,-87.618375000000000,41.811056999999998,1926-09-22
442 E 34th st,1926.000000000000000,-87.614941000000002,41.833236999999997,1926-09-22
130 W 114th st,1926.000000000000000,-87.626309000000006,41.687237000000003,1926-09-23
89th and Escabara,1926.000000000000000,-87.554104330000001,41.733660780000001,1926-09-25
740 W. 61st Place,1926.000000000000000,-87.643280000000004,41.782637000000001,1926-09-26
2038 So. Halsted ST.,1926.000000000000000,-87.646745999999993,41.854501999999997,1926-09-26
3230 Michigan av.,1926.000000000000000,-87.623579000000007,41.835900000000002,1926-10-04
1737 Washburne Ave.,1926.000000000000000,-87.670530999999997,41.865763000000001,1926-10-05
4501 Calumet,1926.000000000000000,-87.618015000000000,41.812846999999998,1926-10-05
5738 Grace,1926.000000000000000,-87.770302000000001,41.949637000000003,1926-10-05
4926 Vincennes Ave.,1926.000000000000000,-87.614082999999994,41.805262999999997,1926-10-06
NW corner of Halsted and North av,1926.000000000000000,-87.648432249999999,41.911044310000001,1926-10-10
535 E. 40th st.,1926.000000000000000,-87.613528000000002,41.821063000000002,1926-10-10
31st and Benson sts.,1926.000000000000000,-87.660856249999995,41.837819050000000,1926-10-11
7066 S. Chicago av.,1926.000000000000000,-87.632699000000002,41.895046000000001,1926-10-11
1344 N. Ridgeway Ave,1926.000000000000000,-87.720483000000002,41.905361999999997,1926-10-13
Michigan Ave and Ontario,1926.000000000000000,-87.624163629999998,41.893268970000001,1926-10-14
808 W. Roosevelt Rd.,1926.000000000000000,-87.647212999999994,41.867305999999999,1926-10-14
8106 S. Halsted,1926.000000000000000,-87.644082999999995,41.746769999999998,1926-10-14
1243 Hastings St.,1926.000000000000000,-87.657587000000007,41.864162999999998,1926-10-17
1156 W. 63rd ST,1926.000000000000000,-87.653796999999997,41.779736999999997,1926-10-18
Clark and Taylor,1926.000000000000000,-87.630472179999998,41.869928340000001,1926-10-22
9835 Throop st.,1926.000000000000000,-87.655015000000006,41.714835000000001,1926-10-22
8443 So. Chicago Ave.,1926.000000000000000,-87.572090000000003,41.741608999999997,1926-10-23
207 E. 37th st.,1926.000000000000000,-87.621290000000002,41.827263000000002,1926-10-24
3518 Rhodes ave.,1926.000000000000000,-87.614582999999996,41.830643999999999,1926-10-24
11315 S. Park ave.,1926.000000000000000,-87.609979999999993,41.648560000000003,1926-10-27
1705 Walnut,1926.000000000000000,-87.669680999999997,41.885950000000001,1926-10-29
312 E. 116st ST,1926.000000000000000,-87.616211000000007,41.682737000000003,1926-10-30
1123 W. Chicago Ave.,1926.000000000000000,-87.656114000000002,41.896147999999997,1926-10-30
74th and Halsted sts.,1926.000000000000000,-87.644205090000000,41.759628180000000,1926-10-30
3309 Vernon av.,1926.000000000000000,-87.614215000000002,41.834409999999998,1926-10-30
1507 Fulton St.,1926.000000000000000,-87.664671999999996,41.886429999999997,1926-10-30
Canal and Washington,1926.000000000000000,-87.639741900000004,41.883141369999997,1926-10-31
625 W. 61st pl.,1926.000000000000000,-87.640687999999997,41.782400000000003,1926-10-31
1614 N. Kedzie ave.,1926.000000000000000,-87.706992999999997,41.910389000000002,1926-11-04
6555 Aberdeen ST.,1926.000000000000000,-87.651760999999993,41.775022000000000,1926-11-06
4626 Wabash Ave,1926.000000000000000,-87.624650000000003,41.810557000000003,1926-11-06
2953 Vernon Ave.,1926.000000000000000,-87.615414999999999,41.841576000000003,1926-11-06
1906 Loomis,1926.000000000000000,-87.661383000000001,41.855919000000000,1926-11-06
1711 Carroll Ave,1926.000000000000000,-87.669909000000004,41.887663000000003,1926-11-07
1668 Juneway Terrace,1926.000000000000000,-87.672476000000003,42.022637000000003,1926-11-08
83rd St. and Vincennes Ave.,1926.000000000000000,-87.635836600000005,41.744068210000002,1926-11-11
Leavitt st and Archer,1926.000000000000000,-87.680103779999996,41.828817880000003,1926-11-13
4322 Clarendon av.,1926.000000000000000,-87.650041580000007,41.960766589999999,1926-11-15
1236 Madison st.,1926.000000000000000,-87.658550000000005,41.881737000000001,1926-11-15
Richmond and Fillmore,1926.000000000000000,-87.699608799999993,41.868250549999999,1926-11-16
3636 W. 46th st.,1926.000000000000000,-87.641660000000002,41.810800000000000,1926-11-16
2752 Lake St.,1926.000000000000000,-87.668182999999999,41.931364000000002,1926-11-17
157 W 26th st,1926.000000000000000,-87.629959999999997,41.845407000000002,1926-11-20
3053 N. Western Ave.,1926.000000000000000,-87.687793999999997,41.937040000000003,1926-11-20
303 E. 116th St,1926.000000000000000,-87.616513999999995,41.682462999999998,1926-11-22
2333 S Michigan,1926.000000000000000,-87.620783000000003,41.850847000000002,1926-11-22
3453 Indiana Ave.,1926.000000000000000,-87.621615000000006,41.831947000000000,1926-11-25
10 W. 31st,1926.000000000000000,-87.627122999999997,41.838436999999999,1926-11-25
4326 Calumet Ave.,1926.000000000000000,-87.618482999999998,41.816063000000000,1926-11-25
5822 Indiana Ave.,1926.000000000000000,-87.620857000000001,41.788797000000002,1926-11-26
Ashland Ave at 86th St.,1926.000000000000000,-87.662980559999994,41.737567769999998,1926-11-30
4226 Agusta St.,1926.000000000000000,-87.731842999999998,41.899037000000000,1926-12-01
3238 Ellis Ave,1926.000000000000000,-87.611384000000001,41.835642000000000,1926-12-02
10501 Edbrooke Ave.,1926.000000000000000,-87.619425000000007,41.703341000000002,1926-12-03
1941 S. Spaulding,1926.000000000000000,-87.707589999999996,41.854954999999997,1926-12-04
2118 W Huron,1926.000000000000000,-87.679980000000000,41.894213000000001,1926-12-06
12 E. 42nd St.,1926.000000000000000,-87.625833000000000,41.818437000000003,1926-12-06
30 S. Canal,1926.000000000000000,-87.639848999999998,41.881452000000003,1926-12-08
1st fl. 2817 State st.,1926.000000000000000,-87.626514999999998,41.842979000000000,1926-12-11
Leavitt & Grand,1926.000000000000000,-87.681798929999999,41.890713259999998,1926-12-13
4257 Armitage av.,1926.000000000000000,-87.733148999999997,41.916963000000003,1926-12-16
515 S. Sacramento Blvd,1926.000000000000000,-87.700815000000006,41.874214000000002,1926-12-17
2103 Devon ave.,1926.000000000000000,-87.682834000000000,41.997762999999999,1926-12-17
606 E. 43rd St,1926.000000000000000,-87.611243000000002,41.816937000000003,1926-12-18
1523 W 14th st,1926.000000000000000,-87.665949999999995,41.863163000000000,1926-12-19
1342 W. 108th Pl.,1926.000000000000000,-87.655711999999994,41.696893000000003,1926-12-19
6412 Eggleston,1926.000000000000000,-87.604491999999993,41.778353000000003,1926-12-21
427 Diversey Pkwy,1926.000000000000000,-87.639927999999998,41.932763000000001,1926-12-21
5056 Wentworth Ave.,1926.000000000000000,-87.630915000000002,41.802016000000002,1926-12-22
1443 Fulton st,1926.000000000000000,-87.663304999999994,41.886462999999999,1926-12-22
Lowe Ave. between 76th and 77th Sts.,1926.000000000000000,-87.640407089999997,41.755130260000001,1926-12-24
1848 Lake,1926.000000000000000,-87.673027000000005,41.885288000000003,1926-12-25
SW corner of Van Buren and Halsted,1926.000000000000000,-87.647380830000003,41.876511229999998,1926-12-26
1412 Blue Island ave.,1926.000000000000000,-87.656891000000002,41.863190000000003,1926-12-26
California Ave. and Madison St.,1926.000000000000000,-87.696261410000005,41.881048550000003,1926-12-27
1738 W. Lake St.,1926.000000000000000,-87.670890000000000,41.885413000000000,1926-12-30
1210 W. 13th st.,1926.000000000000000,-87.656931999999998,41.865336999999997,1926-12-31
2234 Indiana av,1927.000000000000000,-87.712315000000004,41.850788999999999,1927-01-01
312 E 49th st,1927.000000000000000,-87.619062000000000,41.805836999999997,1927-01-02
3007 Cottage Grove Ave.,1927.000000000000000,-87.613641000000001,41.839543999999997,1927-01-03
5223 S Laflin,1927.000000000000000,-87.662087999999997,41.799014999999997,1927-01-03
568 E. 35th St.,1927.000000000000000,-87.612330000000000,41.831336999999998,1927-01-04
415 E. 63rd St,1927.000000000000000,-87.614964000000001,41.780113999999998,1927-01-04
44th and Prairie,1927.000000000000000,-87.619743349999993,41.814634079999998,1927-01-05
Berteau and Western Ave.,1927.000000000000000,-87.688601019999993,41.957639139999998,1927-01-05
713 W. 48th Pl.,1927.000000000000000,-87.643452999999994,41.806043000000003,1927-01-06
8853 Houston Ave.,1927.000000000000000,-87.549762999999999,41.734653000000002,1927-01-09
1651 W. Lake st.,1927.000000000000000,-87.668171999999998,41.885210999999998,1927-01-09
1307 So. Union Ave.,1927.000000000000000,-87.662013000000002,41.949036999999997,1927-01-10
1400 N. Halsted,1927.000000000000000,-87.648382999999995,41.906540999999997,1927-01-13
4541 Broadway,1927.000000000000000,-87.656544999999994,41.964429000000003,1927-01-14
4200 Michigan,1927.000000000000000,-87.623271000000003,41.818157999999997,1927-01-16
4419 Indiana ave.,1927.000000000000000,-87.621190999999996,41.814315000000001,1927-01-16
4200 Michigan Ave,1927.000000000000000,-87.623271000000003,41.818157999999997,1927-01-16
360 Chicago Ave.,1927.000000000000000,-87.637793000000002,41.896695000000001,1927-01-26
241 E 35th,1927.000000000000000,-87.620182000000000,41.830962999999997,1927-01-27
Normal av at Englewood,1927.000000000000000,-87.637403010000000,41.780624950000004,1927-01-28
2616 Southport ave.,1927.000000000000000,-87.663583000000003,41.929186000000001,1927-01-29
147 W 46th st,1927.000000000000000,-87.629499999999993,41.810800000000000,1927-01-31
4717 Forestville ave.,1927.000000000000000,-87.612493000000001,41.809089999999998,1927-02-02
1341 S. Peoria st.,1927.000000000000000,-87.648615000000007,41.862029000000000,1927-02-05
1954 Walnut St.,1927.000000000000000,-87.675646000000000,41.886037000000002,1927-02-06
51st & Racine,1927.000000000000000,-87.654998300000003,41.801294929999997,1927-02-06
Fullerton & Crawford aves.,1927.000000000000000,-87.726666929999993,41.924344630000000,1927-02-06
5037 N. Kedzie,1927.000000000000000,-87.708414000000005,41.972808999999998,1927-02-09
5633 Calumet ave.,1927.000000000000000,-87.617379999999997,41.792327000000000,1927-02-10
2140 W. 22nd st.,1927.000000000000000,-87.679304999999999,41.852237000000002,1927-02-13
3126 Wabash,1927.000000000000000,-87.625240000000005,41.835889999999999,1927-02-13
66th st. and Halsted st.,1927.000000000000000,-87.644634249999996,41.774144210000003,1927-02-14
Roosevelt Rd and California Ave.,1927.000000000000000,-87.695918079999998,41.866460859999997,1927-02-19
3800 Washington Blvd,1927.000000000000000,-87.720984000000001,41.882036999999997,1927-02-19
2625 S. Dearborn st.,1927.000000000000000,-87.627915000000002,41.844918999999997,1927-02-21
533 42nd st.,1927.000000000000000,-87.639358999999999,41.817962999999999,1927-02-21
2046 W Chicago,1927.000000000000000,-87.678183000000004,41.896089000000003,1927-02-22
45th St. and Michigan Ave.,1927.000000000000000,-87.622919080000003,41.812970839999998,1927-02-22
3011 State st,1927.000000000000000,-87.626414999999994,41.839269000000002,1927-02-25
4239 W 22st,1927.000000000000000,-87.731001379999995,41.851150590000003,1927-02-28
1447 E. 55th St.,1927.000000000000000,-87.589993000000007,41.795363000000002,1927-02-28
Potamac and Western,1927.000000000000000,-87.687056060000003,41.904800350000002,1927-03-04
3739 Wabash,1927.000000000000000,-87.624679000000000,41.826211999999998,1927-03-05
California and Potomac Ave.,1927.000000000000000,-87.696905139999998,41.904672589999997,1927-03-05
209 E 59th,1927.000000000000000,-87.620288000000002,41.787281000000000,1927-03-06
74th St/ Morgan St,1927.000000000000000,-87.649011610000002,41.759516130000002,1927-03-06
1333 W Hastings,1927.000000000000000,-87.659880000000001,41.864162999999998,1927-03-07
4903 Forestville Ave,1927.000000000000000,-87.612414999999999,41.805616999999998,1927-03-10
2839 Palmer st.,1927.000000000000000,-87.698931000000002,41.921562999999999,1927-03-11
2115 Flourney,1927.000000000000000,-87.679287000000002,41.873063000000002,1927-03-12
25th pl & California,1927.000000000000000,-87.695252900000000,41.845556160000001,1927-03-12
2259 W 21st pl,1927.000000000000000,-87.682174000000003,41.854036999999998,1927-03-13
3600 - 3602 Douglas Blvd.,1927.000000000000000,-87.715501000000003,41.863019999999999,1927-03-13
3858 Dearborn,1927.000000000000000,-87.627782999999994,41.824469999999998,1927-03-14
Harrison and Kedzie,1927.000000000000000,-87.705960270000006,41.873635290000003,1927-03-18
2835 Vernon ave.,1927.000000000000000,-87.615409999999997,41.843643000000000,1927-03-19
Roosevelt & Morgan,1927.000000000000000,-87.651028629999999,41.867068080000003,1927-03-19
40 So. Mayfield Ave.,1927.000000000000000,-87.771566000000007,41.879078999999997,1927-03-20
4828 Federal,1927.000000000000000,-87.628657000000004,41.806730000000002,1927-03-22
2103 Madison st.,1927.000000000000000,-87.679333999999997,41.881152000000000,1927-03-22
200 W. 22nd st.,1927.000000000000000,-87.633399999999995,41.852150000000002,1927-03-23
3206 W. Lake st.,1927.000000000000000,-87.706509999999994,41.884551999999999,1927-03-24
158 n. Ashland Ave,1927.000000000000000,-87.667083000000005,41.884757999999998,1927-03-24
2852 Archer av.,1927.000000000000000,-87.656103999999999,41.842700999999998,1927-03-25
7522 Ridge Ave,1927.000000000000000,-87.684713000000002,42.018410000000003,1927-03-25
612 E 42,1927.000000000000000,-87.611287000000004,41.818637000000003,1927-03-29
43rd and State,1927.000000000000000,-87.626287939999997,41.816377240000001,1927-03-29
529 Bickerdike,1927.000000000000000,-87.624403999999998,41.798945000000003,1927-03-29
905 S. Seeley av.,1927.000000000000000,-87.677700000000002,41.876460000000002,1927-03-29
47th St. and Greenwood,1927.000000000000000,-87.599208349999998,41.809420310000000,1927-03-30
7524 S Halsted,1927.000000000000000,-87.644383000000005,41.757241999999998,1927-04-03
1447 E. 55th st.,1927.000000000000000,-87.589993000000007,41.795363000000002,1927-04-03
Oakley Ave and 21st St.,1927.000000000000000,-87.683258060000000,41.853883699999997,1927-04-04
Clark and Wacker,1927.000000000000000,-87.631030080000002,41.886863529999999,1927-04-04
Crawford av. Near Augusta st.,1927.000000000000000,-87.726066110000005,41.899242549999997,1927-04-04
Crawford av and 5th av,1927.000000000000000,-87.725293640000004,41.872884329999998,1927-04-06
3713 Rhodes,1927.000000000000000,-87.614215000000002,41.827154999999998,1927-04-06
1807 N Sawyer,1927.000000000000000,-87.708324000000005,41.913961000000000,1927-04-07
2858 W. 39th ST.,1927.000000000000000,-87.696032000000002,41.822037000000002,1927-04-08
3844 S Dearborn,1927.000000000000000,-87.627782999999994,41.824686000000000,1927-04-09
south of logan Blvd between Mozart St. and Francis,1927.000000000000000,-87.699329849999998,41.927745100000003,1927-04-09
Laflin & Taylor st.,1927.000000000000000,-87.664053440000004,41.869273210000003,1927-04-10
4305 Langley,1927.000000000000000,-87.609003000000001,41.816592000000000,1927-04-13
31st Place and Benson St.,1927.000000000000000,-87.660834789999996,41.836891809999997,1927-04-13
2315 Washington Blvd,1927.000000000000000,-87.684588430000005,41.882917710000001,1927-04-13
Wacker Dr. & Frankilin st.,1927.000000000000000,-87.635428910000002,41.886671839999998,1927-04-14
Washington Blvd and Western,1927.000000000000000,-87.686455249999995,41.882949660000001,1927-04-16
4749 Calumet,1927.000000000000000,-87.617914999999996,41.808459999999997,1927-04-17
14 E. 13th st.,1927.000000000000000,-87.626824999999997,41.865869000000004,1927-04-17
1840 Cortland st.,1927.000000000000000,-87.674220000000005,41.916136999999999,1927-04-18
71st St. and Vincennes Ave.,1927.000000000000000,-87.627875799999998,41.765358159999998,1927-04-19
Milwaukee & Ogden aves,1927.000000000000000,-87.654912469999999,41.895808610000003,1927-04-22
1411 S Halsted,1927.000000000000000,-87.646614999999997,41.863188000000001,1927-04-24
Western Ave and Lake St,1927.000000000000000,-87.686541079999998,41.884627060000000,1927-04-30
414 E 29th,1927.000000000000000,-87.616535999999996,41.842236999999997,1927-05-08
83rd st and Muskegon,1927.000000000000000,-87.555134300000006,41.744548520000002,1927-05-08
4744 Dearborn st.,1927.000000000000000,-87.627382999999995,41.808919000000003,1927-05-08
3335 W. Addison st.,1927.000000000000000,-87.711776000000000,41.946463000000001,1927-05-10
May and Polk,1927.000000000000000,-87.655363080000001,41.871701950000002,1927-05-14
3106 State,1927.000000000000000,-87.626976999999997,41.838059000000001,1927-05-14
2233 Fulton,1927.000000000000000,-87.683121000000000,41.886563000000002,1927-05-15
1259 W. 112th st.,1927.000000000000000,-87.653453999999996,41.690263000000002,1927-05-15
2838 S. State St,1927.000000000000000,-87.627082999999999,41.842621000000001,1927-05-15
4450 Hazel Av,1927.000000000000000,-87.652584000000004,41.963020000000000,1927-05-19
630 Miller St,1927.000000000000000,-87.609915000000001,41.807836999999999,1927-05-20
25 S Aberdeen,1927.000000000000000,-87.654515000000004,41.880968000000003,1927-05-21
4603 Glad's av,1927.000000000000000,-87.740737999999993,41.875863000000003,1927-05-22
711 E 50th st,1927.000000000000000,-87.608468000000002,41.803879999999999,1927-05-22
309 E 47th st,1927.000000000000000,-87.619140000000002,41.809263000000001,1927-05-23
4901 Drexel Blvd.,1927.000000000000000,-87.603695999999999,41.805777999999997,1927-05-25
3300 S Michigan,1927.000000000000000,-87.623482999999993,41.834563000000003,1927-05-26
6438 Paulina,1927.000000000000000,-87.666782999999995,41.776878000000004,1927-05-26
831 N. Clark St.,1927.000000000000000,-87.631066000000004,41.897326999999997,1927-05-26
3041 Sheffield,1927.000000000000000,-87.653715000000005,41.937438999999998,1927-05-28
2639 Washington Blvd,1927.000000000000000,-87.691010000000006,41.882863000000000,1927-05-28
4454 S Wells,1927.000000000000000,-87.632482999999993,41.813225000000003,1927-05-29
Paulina and Van Buren,1927.000000000000000,-87.669181820000006,41.876287550000001,1927-05-30
N.E. corner of Halsted & Garfield,1927.000000000000000,-87.644934649999996,41.794336350000002,1927-05-31
7501 S. Sangamon st.,1927.000000000000000,-87.647615000000002,41.757548999999997,1927-06-02
3565 Fifth Av.,1927.000000000000000,-87.714793999999998,41.875791000000000,1927-06-07
1126 Adams st.,1927.000000000000000,-87.655343000000002,41.879237000000003,1927-06-09
3345 N. Ashland,1927.000000000000000,-87.668614000000005,41.942711000000003,1927-06-10
Leavitt st and Wilson,1927.000000000000000,-87.683966159999997,41.964946920000003,1927-06-12
3603 Lowe Ave.,1927.000000000000000,-87.642214999999993,41.828817000000001,1927-06-13
3255 Indiana,1927.000000000000000,-87.621661000000003,41.835521999999997,1927-06-14
Root & State sts.,1927.000000000000000,-87.626352310000001,41.819127819999999,1927-06-14
2142 Washington Blvd.,1927.000000000000000,-87.680188000000001,41.883237000000001,1927-06-15
6314 Cottage Grove,1927.000000000000000,-87.586663000000001,41.780304000000001,1927-06-18
1157 W. Harrison St.,1927.000000000000000,-87.655941999999996,41.874063000000000,1927-06-19
4830 Vincennes,1927.000000000000000,-87.614041000000000,41.807091000000000,1927-06-21
4936 N Rockwell,1927.000000000000000,-87.694084000000004,41.971203000000003,1927-06-23
Campbell & Superior,1927.000000000000000,-87.689266200000006,41.894754429999999,1927-06-23
707 So. Halsted St.,1927.000000000000000,-87.629514999999998,41.895187000000000,1927-06-24
3533 Walnut,1927.000000000000000,-87.714461999999997,41.885367000000002,1927-06-24
4600 Dearborn st.,1927.000000000000000,-87.627150000000000,41.810187999999997,1927-06-24
4112 Vincennes Ave.,1927.000000000000000,-87.613669000000002,41.819927000000000,1927-06-25
2002 Grand Ave.,1927.000000000000000,-87.677154999999999,41.891002000000000,1927-06-26
Lawemce amd Rodgewau,1927.000000000000000,-87.721817490000007,41.968169740000000,1927-06-26
3536 Wentworth,1927.000000000000000,-87.631682999999995,41.830089999999998,1927-06-26
1044 Taylor St.,1927.000000000000000,-87.652767999999995,41.869636999999997,1927-06-29
125 N. Elizabeth St.,1927.000000000000000,-87.658614999999998,41.883640999999997,1927-07-01
96th and Loomis,1927.000000000000000,-87.657637600000001,41.718799249999996,1927-07-05
5730 W. 56th,1927.000000000000000,-87.765687999999997,41.791037000000003,1927-07-07
26th & Union ave.,1927.000000000000000,-87.644033429999993,41.845332370000001,1927-07-07
1400 N. Park,1927.000000000000000,-87.636351590000004,41.907802640000000,1927-07-08
Keystone & Elston,1927.000000000000000,-87.729220389999995,41.960527249999998,1927-07-09
1025 Taylor St.,1927.000000000000000,-87.651914000000005,41.869363000000000,1927-07-11
4557 S State,1927.000000000000000,-87.625958999999995,41.811917999999999,1927-07-13
65th Place and Stoney Island Ave.,1927.000000000000000,-87.586269380000005,41.776128499999999,1927-07-16
3200 S. Kedzie,1927.000000000000000,-87.704956999999993,41.835951999999999,1927-07-18
Garfield & Michigan,1927.000000000000000,-87.622425559999996,41.794416339999998,1927-07-18
4057 Kemore ave.,1927.000000000000000,-87.655925999999994,41.955621999999998,1927-07-20
9514 Perry ave.,1927.000000000000000,-87.626383000000004,41.721262000000003,1927-07-23
824 :826 Taylor,1927.000000000000000,-87.647738000000004,41.869821000000002,1927-07-24
S.E. corner of Clifton & Fullerton ave.,1927.000000000000000,-87.657079699999997,41.925190770000000,1927-07-28
4609 Evans Ave.,1927.000000000000000,-87.607614999999996,41.811024000000003,1927-07-29
22nd and Archer Ave.,1927.000000000000000,-87.634935380000002,41.852844810000001,1927-07-31
1432 N. Clark St.,1927.000000000000000,-87.631782999999999,41.908400999999998,1927-07-31
3917 Prairie Ave,1927.000000000000000,-87.619793000000001,41.823407000000003,1927-07-31
622 W. 26th St,1927.000000000000000,-87.642163999999994,41.845537000000000,1927-08-01
71 E. 46th St.,1927.000000000000000,-87.623788000000005,41.810963000000001,1927-08-02
71 E. 42nd st.,1927.000000000000000,-87.623987999999997,41.818162999999998,1927-08-02
4922 Forrestville,1927.000000000000000,-87.612782999999993,41.805323999999999,1927-08-03
6965 Kimbark Ave.,1927.000000000000000,-87.593815000000006,41.768566000000000,1927-08-04
4616 S. State st.,1927.000000000000000,-87.626283000000001,41.810617000000001,1927-08-04
946 W. 19th St.,1927.000000000000000,-87.650084000000007,41.856836999999999,1927-08-05
4036 State,1927.000000000000000,-87.626582999999997,41.821145999999999,1927-08-06
910 W. 119th st.,1927.000000000000000,-87.644650999999996,41.677937000000000,1927-08-07
47th St. and Archer Ave.,1927.000000000000000,-87.714114190000004,41.807916870000000,1927-08-07
2946 Indiana Ave.,1927.000000000000000,-87.622157999999999,41.841092000000003,1927-08-08
4415 Calumet Ave,1927.000000000000000,-87.618094999999997,41.814438000000003,1927-08-08
7615 Dobson av.,1927.000000000000000,-87.599095000000005,41.756438000000003,1927-08-11
3611 Vernon,1927.000000000000000,-87.615314999999995,41.826431999999997,1927-08-12
3701 Emerald av,1927.000000000000000,-87.644606999999993,41.826953000000003,1927-08-13
16th & Wabash av.,1927.000000000000000,-87.625687119999995,41.860180579999998,1927-08-13
29th and Calumet,1927.000000000000000,-87.618777750000007,41.842007430000002,1927-08-13
5132 So. State St.,1927.000000000000000,-87.626064999999997,41.801194000000002,1927-08-14
Clark St. and Diversey,1927.000000000000000,-87.644999029999994,41.932805569999999,1927-08-17
2977 LaSalle St.,1927.000000000000000,-87.630021569999997,41.839545590000000,1927-08-19
153 W.46th St.,1927.000000000000000,-87.629499999999993,41.810800000000000,1927-08-21
7469 S. Chicago Ave,1927.000000000000000,-87.596418860000000,41.759356070000003,1927-08-27
2133 S. Halsted,1927.000000000000000,-87.646315000000001,41.853282999999998,1927-08-28
Canal and Madison,1927.000000000000000,-87.639720440000005,41.881847350000001,1927-08-31
31st & Calumet ave.,1927.000000000000000,-87.618262770000001,41.838378579999997,1927-09-02
2042 Taylor,1927.000000000000000,-87.677391000000000,41.869236999999998,1927-09-03
4750 N. Monticello,1927.000000000000000,-87.719633999999999,41.967402999999997,1927-09-03
41st & Indiana Ave,1927.000000000000000,-87.621502879999994,41.820183249999999,1927-09-04
2436 Waqbash,1927.000000000000000,-87.625583000000006,41.848858000000000,1927-09-05
1938 N. Halsted,1927.000000000000000,-87.648623000000001,41.916873000000002,1927-09-06
241 S. Dearborn St.,1927.000000000000000,-87.629114999999999,41.878881000000000,1927-09-07
Lincoln & Addison sts.,1927.000000000000000,-87.673752309999998,41.946947209999998,1927-09-08
Augusta st and Campbell,1927.000000000000000,-87.689373489999994,41.899338380000003,1927-09-08
4935 Racine Ave.,1927.000000000000000,-87.654915000000003,41.804017999999999,1927-09-12
Ogden Ave and Washington Blvd,1927.000000000000000,-87.664611339999993,41.882837830000000,1927-09-12
69th & State st.,1927.000000000000000,-87.624850269999996,41.769039169999999,1927-09-12
5420 W. Monroe,1927.000000000000000,-87.760099999999994,41.879477000000001,1927-09-13
1638 Burlington St.,1927.000000000000000,-87.647306000000000,41.912042000000000,1927-09-13
Corner of Polk & Clark St,1927.000000000000000,-87.630794050000006,41.872293139999996,1927-09-14
453 E. 42nd pl,1927.000000000000000,-87.615110999999999,41.817414999999997,1927-09-15
58 E. 29th st.,1927.000000000000000,-87.624797999999998,41.842137000000001,1927-09-15
872 Cambridge Ave,1927.000000000000000,-87.641982999999996,41.897685000000003,1927-09-17
453 E 30th st,1927.000000000000000,-87.614609000000002,41.839562999999998,1927-09-19
3808 Prairie ave.,1927.000000000000000,-87.620582999999996,41.825339999999997,1927-09-19
410 N. Desplaines St.,1927.000000000000000,-87.644482999999994,41.889361999999998,1927-09-20
4459 W. Lake St.,1927.000000000000000,-87.737095359999998,41.885905049999998,1927-09-20
4455 Grand av,1927.000000000000000,-87.737781999999996,41.910469450000001,1927-09-21
1215S.Sawyer Ave,1927.000000000000000,-87.706693999999999,41.866038000000003,1927-09-21
4432 Indiana Ave.,1927.000000000000000,-87.621548000000004,41.814129000000001,1927-09-23
1230 S Morgan,1927.000000000000000,-87.651183000000003,41.866377000000000,1927-09-23
Armour av and Superior,1927.000000000000000,-87.665641309999998,41.895153749999999,1927-09-24
8 S. Dearborn st.,1927.000000000000000,-87.629582999999997,41.881790000000002,1927-09-24
215 E. 49th St.,1927.000000000000000,-87.620728000000000,41.805562999999999,1927-09-26
Fulton St. and Artesian Ave.,1927.000000000000000,-87.687807079999999,41.886607939999998,1927-09-28
9170 Houston ave.,1927.000000000000000,-87.549982999999997,41.728886000000003,1927-09-30
2129 W. Grand Ave.,1927.000000000000000,-87.680108000000004,41.890663000000004,1927-10-01
2833 Shields Ave,1927.000000000000000,-87.635215000000002,41.842055999999999,1927-10-01
300 E. Garfield Ave,1927.000000000000000,-87.619015000000005,41.794837000000001,1927-10-01
5140 Michigan Ave.,1927.000000000000000,-87.622843000000003,41.801105999999997,1927-10-01
3853 Federal,1927.000000000000000,-87.628809000000004,41.825389000000001,1927-10-02
88th st. & Ashland,1927.000000000000000,-87.663044929999998,41.733965030000000,1927-10-02
1516 Madison st.,1927.000000000000000,-87.665215000000003,41.881636999999998,1927-10-02
4109 W. 28th St.,1927.000000000000000,-87.727340999999996,41.840363000000004,1927-10-03
4109 W. 28th st.,1927.000000000000000,-87.727340999999996,41.840363000000004,1927-10-03
677 N. Clark St.,1927.000000000000000,-87.631015000000005,41.894396000000000,1927-10-03
1337 Hastings st.,1927.000000000000000,-87.659966999999995,41.864162999999998,1927-10-04
304 S. Clark St,1927.000000000000000,-87.630968999999993,41.878014000000000,1927-10-06
10636 Torrence Ave.,1927.000000000000000,-87.559782999999996,41.702046000000003,1927-10-08
NE Corner of 43rd St and Western Ave,1927.000000000000000,-87.683901789999993,41.815801520000001,1927-10-09
Harrison and Hoyne,1927.000000000000000,-87.678902149999999,41.873954849999997,1927-10-10
1561 Howard st,1927.000000000000000,-87.670327000000000,42.019263000000002,1927-10-10
41st St. b/w Calumet Ave. and South Parkway,1927.000000000000000,-87.617812160000000,41.820215230000002,1927-10-11
53rd & Wells sts.,1927.000000000000000,-87.631931300000005,41.798095670000002,1927-10-12
3317 Calumet Ave,1927.000000000000000,-87.617902999999998,41.834372999999999,1927-10-13
40th and Drexel+,1927.000000000000000,-87.605388160000004,41.821446530000003,1927-10-15
4733 St. Lawrence av.,1927.000000000000000,-87.611215000000001,41.808855000000001,1927-10-16
8047 Rhodes Ave,1927.000000000000000,-87.611014999999995,41.748493000000003,1927-10-17
8047 Rhodes ave.,1927.000000000000000,-87.611014999999995,41.748493000000003,1927-10-17
2133 S Dearborn,1927.000000000000000,-87.628444999999999,41.854925000000001,1927-10-20
4547 Montrose,1927.000000000000000,-87.740688000000006,41.960662999999997,1927-10-20
Warren and Homan,1927.000000000000000,-87.710874079999996,41.881719539999999,1927-10-21
NE corner of 51st and Princeton,1927.000000000000000,-87.633004189999994,41.801806790000001,1927-10-21
1939 Maypole,1927.000000000000000,-87.677526000000000,41.883862999999998,1927-10-22
4188 Union av,1927.000000000000000,-87.643510000000006,41.817974999999997,1927-10-23
1153 Grand Ave,1927.000000000000000,-87.656394000000006,41.890962999999999,1927-10-23
44 E. 43rd st.,1927.000000000000000,-87.624921000000001,41.816637000000000,1927-10-24
6349 W. 22nd St.,1927.000000000000000,-87.768619999999999,41.850900000000003,1927-10-24
1545 Howard st,1927.000000000000000,-87.669995000000000,42.019263000000002,1927-10-26
39th and Central Park Ave.,1927.000000000000000,-87.713899609999999,41.822421970000001,1927-10-29
4838 Prairie,1927.000000000000000,-87.619682999999995,41.806778000000001,1927-10-30
1007 W. Jackson Blvd.,1927.000000000000000,-87.652240000000006,41.877749000000001,1927-10-30
Halsted st north of 31st,1927.000000000000000,-87.646265029999995,41.838634360000000,1927-10-30
3450 State,1927.000000000000000,-87.626810000000006,41.831966999999999,1927-10-31
24 W. 51st St.,1927.000000000000000,-87.626490000000004,41.802036999999999,1927-10-31
604 E 43rd st,1927.000000000000000,-87.611300000000000,41.816937000000003,1927-11-01
47th and Princeton ave.,1927.000000000000000,-87.633347509999993,41.808956479999999,1927-11-01
6308 S. Marshfield ave.,1927.000000000000000,-87.665534019999996,41.779152840000002,1927-11-03
515 E. 36th Pl.,1927.000000000000000,-87.611765000000005,41.828662999999999,1927-11-03
9349 Cottage Grove Ave.,1927.000000000000000,-87.604364000000004,41.724913000000001,1927-11-10
3715 State St.,1927.000000000000000,-87.626315000000005,41.827067999999997,1927-11-10
Roosevelt rd and Loomis,1927.000000000000000,-87.661585810000005,41.866876329999997,1927-11-12
1346 So. Sangamon St.,1927.000000000000000,-87.649983000000006,41.862005000000003,1927-11-13
512 E 42nd st,1927.000000000000000,-87.613316999999995,41.818637000000003,1927-11-14
848 Taylor St,1927.000000000000000,-87.648186999999993,41.869808999999997,1927-11-14
312 E. 61st St.,1927.000000000000000,-87.618488999999997,41.783937000000002,1927-11-15
521 E 37th st,1927.000000000000000,-87.613698999999997,41.827362999999998,1927-11-16
38th St. and Cottage Grove Ave.,1927.000000000000000,-87.607963089999998,41.826051730000003,1927-11-17
55 W. Washington St.,1927.000000000000000,-87.629698000000005,41.883063000000000,1927-11-17
1252 S Morgan,1927.000000000000000,-87.651183000000003,41.866021000000003,1927-11-20
4758 and St. Lawrence,1927.000000000000000,-87.611582999999996,41.808470000000000,1927-11-20
5760 Lafayett,1927.000000000000000,-87.626863999999998,41.789493000000000,1927-11-21
2203 Wentworth Ave,1927.000000000000000,-87.631815000000003,41.852612000000001,1927-11-21
9004 Greenbay ave.,1927.000000000000000,-87.541683000000006,41.731800999999997,1927-11-24
65th and California,1927.000000000000000,-87.693257329999994,41.775376399999999,1927-11-24
Oakwood blvd and Vincennes,1927.000000000000000,-87.612919809999994,41.822629849999998,1927-11-24
SW corner of Oakley Blvd and Harrison ST,1927.000000000000000,-87.683944699999998,41.873747139999999,1927-11-25
92nd st. & Brandon,1927.000000000000000,-87.546851630000006,41.728296299999997,1927-11-25
4021 So. Dearborn St.,1927.000000000000000,-87.627356000000006,41.822581999999997,1927-11-26
2968 Michigan Ave.,1927.000000000000000,-87.623683000000000,41.840660000000000,1927-11-26
70th and Ashland,1927.000000000000000,-87.663774489999994,41.766558510000003,1927-11-26
1035 Monroe St.,1927.000000000000000,-87.653008000000000,41.880262999999999,1927-11-26
1031 Polk St.,1927.000000000000000,-87.652488000000005,41.871735000000001,1927-11-27
3055 W. 22nd St.,1927.000000000000000,-87.702076000000005,41.851663000000002,1927-11-27
6136 So. Racine Ave.,1927.000000000000000,-87.654741999999999,41.782502999999998,1927-11-28
Montrose ave and Spaulding,1927.000000000000000,-87.710766789999994,41.961085709999999,1927-11-30
1342 Madison,1927.000000000000000,-87.661164999999997,41.881703999999999,1927-11-30
3740 N. Monticello Ave,1927.000000000000000,-87.719083999999995,41.949055000000001,1927-11-30
2235 S. Kenneth ave.,1927.000000000000000,-87.622382999999999,41.852173999999998,1927-12-01
4612 Cottage Grove,1927.000000000000000,-87.606762000000003,41.811059999999998,1927-12-01
4322 - 4324 S Ashland,1927.000000000000000,-87.665283000000002,41.815424000000000,1927-12-01
So. Chicago and Stoney Island Ave.,1927.000000000000000,-87.585797310000004,41.751784639999997,1927-12-03
Western av and Taylor,1927.000000000000000,-87.686111929999996,41.868985590000001,1927-12-03
3107 Rhodes,1927.000000000000000,-87.613214999999997,41.838242999999999,1927-12-04
633 S. Dearborn St,1927.000000000000000,-87.613015000000004,41.779809000000000,1927-12-04
1021 N. State St.,1927.000000000000000,-87.628114999999994,41.901012000000001,1927-12-05
650 E. 44th st.,1927.000000000000000,-87.609891000000005,41.815072000000001,1927-12-06
1408 W 14th st,1927.000000000000000,-87.665700999999999,41.863436999999998,1927-12-10
250 W. 25th St,1927.000000000000000,-87.633600000000001,41.846400000000003,1927-12-10
1920 Keystone,1927.000000000000000,-87.727907999999999,41.915762999999998,1927-12-10
3831 LaSalle st,1927.000000000000000,-87.629468000000003,41.823926999999998,1927-12-11
1656 Fulton,1927.000000000000000,-87.668389000000005,41.887036999999999,1927-12-13
4103 Vincennes,1927.000000000000000,-87.613263000000003,41.820076999999998,1927-12-14
3524 N Ashland,1927.000000000000000,-87.669010000000000,41.945701999999997,1927-12-15
211 S. Albany Ave,1927.000000000000000,-87.703380999999993,41.878087999999998,1927-12-16
Taylor and Wells Ave,1927.000000000000000,-87.633562089999998,41.869800509999997,1927-12-16
1142 E. 93rd St.,1927.000000000000000,-87.595802000000006,41.725963000000000,1927-12-16
4406 Western Ave,1927.000000000000000,-87.688884000000002,41.961784000000002,1927-12-20
3148 3148 Calumet,1927.000000000000000,-87.618382999999994,41.837524000000002,1927-12-21
2355 W. Lake St.,1927.000000000000000,-87.685402999999994,41.885837000000002,1927-12-21
74th and S. Chicago ave.,1927.000000000000000,-87.598114010000003,41.760396470000003,1927-12-21
5623 Cottage Grove Ave.,1927.000000000000000,-87.606014999999999,41.792608999999999,1927-12-21
542 Bowen Ave.,1927.000000000000000,-87.612807000000004,41.819536999999997,1927-12-22
630 E 46th st,1927.000000000000000,-87.645484999999994,41.866137000000002,1927-12-23
630 E 48th st,1927.000000000000000,-87.610050000000001,41.811436999999998,1927-12-23
709 S Hoyne,1927.000000000000000,-87.631015000000005,41.895128999999997,1927-12-26
80th and State Sts.,1927.000000000000000,-87.624421119999994,41.748999150000003,1927-12-26
558 E. 49th St.,1927.000000000000000,-87.612076999999999,41.805937000000000,1927-12-27
2712 State St,1927.000000000000000,-87.551306999999994,41.630136999999998,1927-12-28
4501 So. Wabash Ave.,1927.000000000000000,-87.624314999999996,41.812945999999997,1927-12-28
5055 State,1927.000000000000000,-87.625715000000000,41.802672999999999,1927-12-29
2nd Apt 4539 Prairie,1927.000000000000000,-87.619473999999997,41.812229000000002,1927-12-30
1458 W. Taylor St.,1927.000000000000000,-87.663420000000002,41.869436999999998,1927-12-30
2450 Van Buren,1927.000000000000000,-87.687184000000002,41.876237000000003,1927-12-31
1300 So. Jefferson St.,1927.000000000000000,-87.642274000000000,41.864657999999999,1927-12-31
1840 W Madison,1928.000000000000000,-87.672736000000000,41.881489999999999,1928-01-01
31st St. and Indiana Ave.,1928.000000000000000,-87.621932029999996,41.838298649999999,1928-01-01
31st St. and Indiana Ave.,1928.000000000000000,-87.621932029999996,41.838298649999999,1928-01-01
31st St. & Indiana Ave.,1928.000000000000000,-87.621932029999996,41.838298649999999,1928-01-01
3109 S. State st.,1928.000000000000000,-87.626407000000000,41.838031000000001,1928-01-01
3109 S. State st.,1928.000000000000000,-87.626407000000000,41.838031000000001,1928-01-01
2310 S. Sacramento ave.,1928.000000000000000,-87.700467000000003,41.849702999999998,1928-01-03
7743 Halstead St.,1928.000000000000000,-87.643915000000007,41.753501000000000,1928-01-04
102nd st. and Ave. L,1928.000000000000000,-87.536487579999999,41.700922429999999,1928-01-06
18th st. & Western ave.,1928.000000000000000,-87.685768600000003,41.857687470000002,1928-01-08
Stockton dr at LaSalle,1928.000000000000000,-87.631716729999994,41.913343720000000,1928-01-08
2538 W. Chicago ave.,1928.000000000000000,-87.690790000000007,41.895837000000000,1928-01-08
18th & Western,1928.000000000000000,-87.685768600000003,41.857687470000002,1928-01-08
Logan Blvd. At Mozart st.,1928.000000000000000,-87.698729040000003,41.928447530000000,1928-01-10
2323 S Oakley,1928.000000000000000,-87.622382999999999,41.850624000000003,1928-01-12
2027 Iowa St,1928.000000000000000,-87.677864000000000,41.897562999999998,1928-01-12
Ogden av at Jackson,1928.000000000000000,-87.670683859999997,41.877517779999998,1928-01-13
63rd st. and Hamilton ave.,1928.000000000000000,-87.677550319999995,41.779120829999997,1928-01-13
2514 W. Jackson Blvd.,1928.000000000000000,-87.689256000000000,41.877637000000000,1928-01-13
218 N. Oakley Blvd.,1928.000000000000000,-87.684282999999994,41.885300999999998,1928-01-14
114th St. & Langley Ave.,1928.000000000000000,-87.605838779999999,41.687383349999998,1928-01-14
15th & Clark Sts,1928.000000000000000,-87.630214690000003,41.861858580000003,1928-01-14
1249 Loomis St.,1928.000000000000000,-87.661315000000002,41.865785000000002,1928-01-15
4625 So. Paulina St.,1928.000000000000000,-87.667286000000004,41.809883999999997,1928-01-15
2935 W. 38th st.,1928.000000000000000,-87.697990000000004,41.824424999999998,1928-01-15
2813 Calumet Ave.,1928.000000000000000,-87.618545999999995,41.843198000000001,1928-01-17
1015 N Clark,1928.000000000000000,-87.631138000000007,41.900902000000002,1928-01-20
3645 Indiana,1928.000000000000000,-87.621515000000002,41.828588000000003,1928-01-20
415 S. Western ave.,1928.000000000000000,-87.686115000000001,41.875951000000001,1928-01-20
59th st. and Loomis Blvd,1928.000000000000000,-87.659461500000006,41.786657050000002,1928-01-21
1602 W. 47th St.,1928.000000000000000,-87.665244000000001,41.808737000000001,1928-01-22
1602 W. 47th St.,1928.000000000000000,-87.665244000000001,41.808737000000001,1928-01-22
3152 Dearborn st.,1928.000000000000000,-87.628083000000004,41.837111000000000,1928-01-22
6505 S. State st.,1928.000000000000000,-87.625015000000005,41.776215999999998,1928-01-23
1220 Blue Island Ave.,1928.000000000000000,-87.653751999999997,41.866734999999998,1928-01-24
2728 Jackson Blvd.,1928.000000000000000,-87.694568000000004,41.877605000000003,1928-01-28
2728 Jackson Blvd.,1928.000000000000000,-87.694568000000004,41.877605000000003,1928-01-28
Spaulding and Montrose aves.,1928.000000000000000,-87.710745329999995,41.961117620000003,1928-01-28
3417 Wabash,1928.000000000000000,-87.624870000000001,41.833661999999997,1928-01-29
2922 S. State st.,1928.000000000000000,-87.627058000000005,41.841282000000000,1928-02-02
1247 W Taylor,1928.000000000000000,-87.658555000000007,41.869262999999997,1928-02-03
2956 Emerald ave.,1928.000000000000000,-87.645283000000006,41.840701000000003,1928-02-03
63rd st. & Princeton ave.,1928.000000000000000,-87.632532119999993,41.779760889999999,1928-02-04
3029 Vernon,1928.000000000000000,-87.615378000000007,41.840620000000001,1928-02-04
3218 S Parnell,1928.000000000000000,-87.640282999999997,41.835886000000002,1928-02-04
2835 N. Kedzie Ave.,1928.000000000000000,-87.707251999999997,41.932718999999999,1928-02-04
2835 N. Kedzie Ave.,1928.000000000000000,-87.707251999999997,41.932718999999999,1928-02-04
Blue Island av and Leavitt,1928.000000000000000,-87.680597309999996,41.846659099999997,1928-02-05
Blue Island and Leavitt,1928.000000000000000,-87.680597309999996,41.846659099999997,1928-02-05
519 W. 14th St.,1928.000000000000000,-87.639499999999998,41.863463000000003,1928-02-05
519 W. 14th St.,1928.000000000000000,-87.639499999999998,41.863463000000003,1928-02-05
3035 Michigan Ave.,1928.000000000000000,-87.623315000000005,41.839475999999998,1928-02-05
Webster ave and Robey st.,1928.000000000000000,-87.677743430000007,41.921391020000002,1928-02-05
5018 Wentworth,1928.000000000000000,-87.630927000000000,41.802097000000003,1928-02-08
206 W. 31st st.,1928.000000000000000,-87.631226999999996,41.838337000000003,1928-02-08
513 &1/2 E. 47th St.,1928.000000000000000,-87.613264000000001,41.809310000000004,1928-02-08
131 E. 35th St.,1928.000000000000000,-87.622744999999995,41.830899000000002,1928-02-09
Lumber and Halsted Sts.,1928.000000000000000,-87.646543980000004,41.850223550000003,1928-02-09
Lumber and Halsted Sts.,1928.000000000000000,-87.646543980000004,41.850223550000003,1928-02-09
4439 Indiana Ave.,1928.000000000000000,-87.621173999999996,41.814048000000000,1928-02-09
4439 Indiana Ave.,1928.000000000000000,-87.621173999999996,41.814048000000000,1928-02-09
131 E. 35th St.,1928.000000000000000,-87.622744999999995,41.830899000000002,1928-02-09
Addison st. and Nordica ave.,1928.000000000000000,-87.803227899999996,41.945207609999997,1928-02-09
131 E. 35th st.,1928.000000000000000,-87.622744999999995,41.830899000000002,1928-02-09
3638 Cottage Grove ave.,1928.000000000000000,-87.609442000000001,41.828479999999999,1928-02-09
432 E. 48th St.,1928.000000000000000,-87.615425999999999,41.807737000000003,1928-02-09
507 E. 30th St.,1928.000000000000000,-87.614199999999997,41.839700000000001,1928-02-10
46th and state,1928.000000000000000,-87.626073360000007,41.810923709999997,1928-02-11
3253 Michigan Blvd.,1928.000000000000000,-87.623210999999998,41.835545000000003,1928-02-13
2421 W. 21st pl.,1928.000000000000000,-87.686042000000000,41.852843999999997,1928-02-13
3361 Elston ave,1928.000000000000000,-87.702565000000007,41.942520999999999,1928-02-13
1934 Orchard st.,1928.000000000000000,-87.646258000000003,41.916742999999997,1928-02-13
3253 Michigan Blvd.,1928.000000000000000,-87.623210999999998,41.835545000000003,1928-02-13
3600 Ellis Park,1928.000000000000000,-87.608163000000005,41.828788000000003,1928-02-15
Irving Park Blvd. & Campbell Ave,1928.000000000000000,-87.690896989999999,41.953968979999999,1928-02-16
960 W Harrison,1928.000000000000000,-87.650778000000003,41.874567999999996,1928-02-17
5819 Augusta St.,1928.000000000000000,-87.771129000000002,41.898263000000000,1928-02-17
5819 Augusta St.,1928.000000000000000,-87.771129000000002,41.898263000000000,1928-02-17
1046 W. Harrison St.,1928.000000000000000,-87.653125000000003,41.874536999999997,1928-02-17
1151 Madison,1928.000000000000000,-87.656329999999997,41.881462999999997,1928-02-18
3936 State st.,1928.000000000000000,-87.626582999999997,41.823045999999998,1928-02-19
17 E. 24th St.,1928.000000000000000,-87.626389000000003,41.849100000000000,1928-02-19
Archer and Ashland,1928.000000000000000,-87.665727140000001,41.837659180000003,1928-02-19
3351 Indiana Ave,1928.000000000000000,-87.621615000000006,41.833778000000002,1928-02-19
1150 Madison st.,1928.000000000000000,-87.656300000000002,41.881737000000001,1928-02-19
4801 Prairie ave.,1928.000000000000000,-87.619315000000000,41.807347000000000,1928-02-19
3143 federal,1928.000000000000000,-87.628771000000000,41.837375999999999,1928-02-21
9503 Ewing Ave.,1928.000000000000000,-87.536314000000004,41.722923000000002,1928-02-21
9503 Ewing Ave.,1928.000000000000000,-87.536314000000004,41.722923000000002,1928-02-21
3750 So. Lasalle St.,1928.000000000000000,-87.629883000000007,41.824843000000001,1928-02-22
920 S. Loomis st.,1928.000000000000000,-87.661834999999996,41.869853999999997,1928-02-23
2600 S. State st. apt 419,1928.000000000000000,-87.627082999999999,41.845463000000002,1928-02-23
4523 Vincennes,1928.000000000000000,-87.613714999999999,41.812466999999998,1928-02-24
4523 Vincennes Ave,1928.000000000000000,-87.613714999999999,41.812466999999998,1928-02-24
27 W. 19th St.,1928.000000000000000,-87.628164999999996,41.856462999999998,1928-02-25
27 W. 19th St.,1928.000000000000000,-87.628164999999996,41.856462999999998,1928-02-25
4532 Evans ave.,1928.000000000000000,-87.608447999999996,41.812533000000002,1928-02-25
Montrose & Kimball Aves.,1928.000000000000000,-87.713019849999995,41.960974020000002,1928-02-26
4628 Champlain Ave,1928.000000000000000,-87.610382999999999,41.810732000000002,1928-02-26
166 W. Washington St.,1928.000000000000000,-87.632952000000003,41.883336999999997,1928-02-26
2904 W. 26th st.,1928.000000000000000,-87.697976999999995,41.844825000000000,1928-02-26
1307 Clybourn ave.,1928.000000000000000,-87.642080000000007,41.905841000000002,1928-02-27
6741 Creiger Ave.,1928.000000000000000,-87.581215000000000,41.772632000000002,1928-02-28
458 W. 79th st.,1928.000000000000000,-87.636027999999996,41.750937000000000,1928-02-28
16 S. Peoria St.,1928.000000000000000,-87.649860000000004,41.881413000000002,1928-03-01
"2728 Indiana ave, 2nd Fl.",1928.000000000000000,-87.622223000000005,41.843936999999997,1928-03-02
302 E. 33rd St.,1928.000000000000000,-87.619172000000006,41.834854999999997,1928-03-03
302 E. 33rd St.,1928.000000000000000,-87.619172000000006,41.834854999999997,1928-03-03
8344 So.Throop St.,1928.000000000000000,-87.656135000000006,41.742379999999997,1928-03-04
Roscoe & Western,1928.000000000000000,-87.688150410000006,41.943068949999997,1928-03-05
1925 S. Crawford ave.,1928.000000000000000,-87.721699999999998,41.727919999999997,1928-03-06
1536 Cleveland Ave.,1928.000000000000000,-87.641182999999998,41.909930000000003,1928-03-06
1536 Cleveland Ave.,1928.000000000000000,-87.641182999999998,41.909930000000003,1928-03-06
3985 Ridgeway ave.,1928.000000000000000,-87.721294999999998,41.953353000000000,1928-03-06
1433 W. 45th St.,1928.000000000000000,-87.663021000000001,41.812063000000002,1928-03-07
1433 W. 45th St.,1928.000000000000000,-87.663021000000001,41.812063000000002,1928-03-07
4625 St. Lawrence ave.,1928.000000000000000,-87.611315000000005,41.810845000000000,1928-03-08
1727 Van Buren st.,1928.000000000000000,-87.670305999999997,41.876162999999998,1928-03-08
1727 Van Buren st.,1928.000000000000000,-87.670305999999997,41.876162999999998,1928-03-08
1529 So. Homan Ave.,1928.000000000000000,-87.710183000000001,41.860292999999999,1928-03-09
158 So. Western Ave.,1928.000000000000000,-87.686582999999999,41.878906999999998,1928-03-10
1429 W. Washington Blvd.,1928.000000000000000,-87.663105999999999,41.882762999999997,1928-03-10
Warner av West of Lincoln av,1928.000000000000000,-87.681434150000001,41.956857249999999,1928-03-15
3757 Indiana Ave.,1928.000000000000000,-87.621472999999995,41.826129999999999,1928-03-16
59th St. and Western Ave.,1928.000000000000000,-87.683773040000005,41.786433049999999,1928-03-17
2643 Roosevelt Rd.,1928.000000000000000,-87.692712999999998,41.866418000000003,1928-03-17
2344 W. Lake st.,1928.000000000000000,-87.685196000000005,41.884891000000003,1928-03-18
610 S. Laflin st.,1928.000000000000000,-87.664384999999996,41.873399999999997,1928-03-20
610 S. Laflin St.,1928.000000000000000,-87.664384999999996,41.873399999999997,1928-03-20
810 S. Oakley Ave.,1928.000000000000000,-87.683873000000006,41.871152000000002,1928-03-21
810 S. Oakley Ave.,1928.000000000000000,-87.683873000000006,41.871152000000002,1928-03-21
1406 S. Sangamon St.,1928.000000000000000,-87.649983000000006,41.861800000000002,1928-03-21
29 S. Dearborn st.,1928.000000000000000,-87.629215000000002,41.881570000000004,1928-03-22
1109 S. Peoria St,1928.000000000000000,-87.648799999999994,41.862200000000001,1928-03-23
Addison St. & Greenview,1928.000000000000000,-87.666435239999998,41.947011050000000,1928-03-23
2625 Dearborn St.,1928.000000000000000,-87.627915000000002,41.844918999999997,1928-03-24
2625 Dearborn St.,1928.000000000000000,-87.627915000000002,41.844918999999997,1928-03-24
60th and Western Ave.,1928.000000000000000,-87.683751580000006,41.784641080000000,1928-03-24
38 W. 27th st.,1928.000000000000000,-87.628358000000006,41.844436999999999,1928-03-25
4113 So. Halstead St.,1928.000000000000000,-87.645615000000006,41.819647000000003,1928-03-26
43rd St & Ashland Ave,1928.000000000000000,-87.665126319999999,41.815785529999999,1928-03-29
4781 Milwaukee,1928.000000000000000,-87.760249000000002,41.967508000000002,1928-03-29
215 E. 46th St.,1928.000000000000000,-87.620913000000002,41.810963000000001,1928-03-29
10850 Glenroy ave.,1928.000000000000000,-87.658182999999994,41.697501000000003,1928-04-01
Jackson Blvd and Crawford Ave.,1928.000000000000000,-87.725379469999993,41.877022490000002,1928-04-01
1263 Milwaukee ave,1928.000000000000000,-87.668377000000007,41.904788000000003,1928-04-01
4804 Sheridan Rd.,1928.000000000000000,-87.654983999999999,41.969329000000002,1928-04-01
63rd and Ada Sts.,1928.000000000000000,-87.658152580000007,41.779408859999997,1928-04-03
63rd and Ada Sts.,1928.000000000000000,-87.658152580000007,41.779408859999997,1928-04-03
9655 Commercial ave.,1928.000000000000000,-87.550815000000000,41.719915999999998,1928-04-04
2037 Archer Avae,1928.000000000000000,-87.629740999999996,41.855131999999998,1928-04-04
28th st. & Lowe ave.,1928.000000000000000,-87.642745970000007,41.843542040000003,1928-04-05
2216 N Lorell av,1928.000000000000000,-87.759905000000003,41.920780000000001,1928-04-05
3409 S. State st.,1928.000000000000000,-87.626315000000005,41.832695999999999,1928-04-05
5005 N Tripp Ave,1928.000000000000000,-87.734114000000005,41.972022000000003,1928-04-05
516 E 48th st,1928.000000000000000,-87.613156000000004,41.807737000000003,1928-04-07
6340 University Ave.,1928.000000000000000,-87.608541000000002,41.779601999999997,1928-04-07
31st & Vernon ave.,1928.000000000000000,-87.615537639999999,41.838362590000003,1928-04-07
914 S. Central Park Ave,1928.000000000000000,-87.715682999999999,41.869655999999999,1928-04-07
39th st. & Ashland ave.,1928.000000000000000,-87.665383820000002,41.823093569999997,1928-04-08
#6 W. 44th ST,1928.000000000000000,-87.631339999999994,41.813699999999997,1928-04-08
516 W. Division St.,1928.000000000000000,-87.641692000000006,41.903837000000003,1928-04-09
340 W. 31st st.,1928.000000000000000,-87.635593999999998,41.838337000000003,1928-04-09
13th St. and Hoyne Ave.,1928.000000000000000,-87.678709029999993,41.864926810000000,1928-04-10
13th St. and Hoyne Ave.,1928.000000000000000,-87.678709029999993,41.864926810000000,1928-04-10
500 N. Hamlin Ave.,1928.000000000000000,-87.721191000000005,41.890034000000000,1928-04-10
1081 Maxwell st. in basement flat,1928.000000000000000,-87.652782999999999,41.864562999999997,1928-04-11
317 E. 120th pl.,1928.000000000000000,-87.616178000000005,41.675263000000001,1928-04-11
43rd st and Arfcher,1928.000000000000000,-87.702054980000000,41.815321760000003,1928-04-12
936 Fletcher st.,1928.000000000000000,-87.652642000000000,41.939081000000002,1928-04-12
Marshfield ave. and Van Buren st.,1928.000000000000000,-87.668001649999994,41.876303530000001,1928-04-14
Fullerton Ave at Lawndale Ave,1928.000000000000000,-87.719328399999995,41.924488310000001,1928-04-17
46th st. & Dackers ave.,1928.000000000000000,-87.658495900000005,41.810331949999998,1928-04-18
3958 Michigan Ave,1928.000000000000000,-87.623383000000004,41.822771000000003,1928-04-18
5028 Archer ave.,1928.000000000000000,-87.725099999999998,41.801526000000003,1928-04-18
39th st. & Michigan ave.,1928.000000000000000,-87.623176569999998,41.823717190000004,1928-04-18
Granville and Hermitage,1928.000000000000000,-87.673344610000001,41.994217509999999,1928-04-19
1357 S. Peoria St.,1928.000000000000000,-87.648615000000007,41.861975999999999,1928-04-21
7316 Merrill Ave,1928.000000000000000,-87.572682999999998,41.762117000000003,1928-04-23
90th & Burley ave.,1928.000000000000000,-87.545692919999993,41.731947400000003,1928-04-23
3938 Madison st.,1928.000000000000000,-87.724210999999997,41.880896000000000,1928-04-24
4114 Washington Blvd.,1928.000000000000000,-87.728594999999999,41.882216999999997,1928-04-25
8827 Buffalo ave.,1928.000000000000000,-87.544214999999994,41.735047000000002,1928-04-27
652 E. 43rd St.,1928.000000000000000,-87.609949000000000,41.816937000000003,1928-04-27
3903 Wentworth Ave.,1928.000000000000000,-87.631152000000000,41.823507999999997,1928-04-28
3903 Wentworth Ave.,1928.000000000000000,-87.631152000000000,41.823507999999997,1928-04-28
5050 Forrestville Ave,1928.000000000000000,-87.612683000000004,41.802962999999998,1928-04-29
330 W. 35th St.,1928.000000000000000,-87.634990999999999,41.831037000000002,1928-04-30
330 W. 35th St.,1928.000000000000000,-87.634990999999999,41.831037000000002,1928-04-30
1808 Wabash Ave,1928.000000000000000,-87.625774000000007,41.857669000000001,1928-04-30
4635 Calumet,1928.000000000000000,-87.617977999999994,41.810530000000000,1928-05-01
3505 Indiana ave.,1928.000000000000000,-87.621601999999996,41.830908000000001,1928-05-03
9166 Harbor Ave,1928.000000000000000,-87.542241000000004,41.729115999999998,1928-05-07
53rd St. and So. Western Blvd.,1928.000000000000000,-87.684116360000004,41.797375819999999,1928-05-07
6818 So. Chicago Ave.,1928.000000000000000,-87.612040039999997,41.770127420000001,1928-05-08
46th St. between Prairie & Calumet Ave,1928.000000000000000,-87.618885039999995,41.811003669999998,1928-05-08
Fairbanks & Superior,1928.000000000000000,-87.620236869999999,41.895792640000003,1928-05-09
4830 St. Lawrence Ave,1928.000000000000000,-87.611582999999996,41.807071000000001,1928-05-12
1728 Fulton st.,1928.000000000000000,-87.670267999999993,41.887005000000002,1928-05-13
2212 Harrison St.,1928.000000000000000,-87.681752000000003,41.874118000000003,1928-05-13
2212 Harrison St.,1928.000000000000000,-87.681752000000003,41.874118000000003,1928-05-13
Lake and Robey Sts.,1928.000000000000000,-87.676756380000000,41.884930590000003,1928-05-14
Lake and Robey Sts.,1928.000000000000000,-87.676756380000000,41.884930590000003,1928-05-14
4300 W. 14th st.,1928.000000000000000,-87.732911000000001,41.862537000000003,1928-05-14
1018 W. Taylor St,1928.000000000000000,-87.651737999999995,41.869636999999997,1928-05-15
1016 Lake st.,1928.000000000000000,-87.652762999999993,41.885682000000003,1928-05-15
33rd St. & Calumet Ave.,1928.000000000000000,-87.618198390000003,41.834685569999998,1928-05-16
4029 Dearborn St.,1928.000000000000000,-87.627352999999999,41.822516999999998,1928-05-16
311 S. Western Ave,1928.000000000000000,-87.686115000000001,41.877249999999997,1928-05-17
1530 W. 13th St,1928.000000000000000,-87.666053000000005,41.865237000000000,1928-05-18
61st St. & Drexel Ave,1928.000000000000000,-87.604250910000005,41.783921069999998,1928-05-20
4749 Calumet ave.,1928.000000000000000,-87.617914999999996,41.808459999999997,1928-05-21
Clybourn & Marshfield aves.,1928.000000000000000,-87.669847009999998,41.925510070000001,1928-05-25
816 N. Clark st.,1928.000000000000000,-87.631415000000004,41.897032000000003,1928-05-25
2122 Lincoln Ave,1928.000000000000000,-87.642166610000004,41.920480959999999,1928-05-26
Robey and Fulton Sts.,1928.000000000000000,-87.676756380000000,41.886751709999999,1928-05-28
Robey and Fulton Sts.,1928.000000000000000,-87.676756380000000,41.886751709999999,1928-05-28
23rd st. and Wentworth ave.,1928.000000000000000,-87.631995680000003,41.850942809999999,1928-05-28
1339 Mohawk st,1928.000000000000000,-87.641858999999997,41.906396000000001,1928-05-30
71st. And South Park,1928.000000000000000,-87.615237239999999,41.765598230000002,1928-05-30
543 N. Harding Ave,1928.000000000000000,-87.724514999999997,41.890701000000000,1928-05-30
443 E. 37th st.,1928.000000000000000,-87.615739000000005,41.827362999999998,1928-06-02
2315 W. 47th St.,1928.000000000000000,-87.682801999999995,41.808262999999997,1928-06-03
53rd st. and Maplewood ave.,1928.000000000000000,-87.687764169999994,41.797359819999997,1928-06-03
5432 Harper ave.,1928.000000000000000,-87.589183000000006,41.797165000000000,1928-06-03
7143 S. Halsted st.,1928.000000000000000,-87.644215000000003,41.764400999999999,1928-06-03
936 Leland ave.,1928.000000000000000,-87.653702999999993,41.967436999999997,1928-06-05
936 Leland ave.,1928.000000000000000,-87.653702999999993,41.967436999999997,1928-06-05
1115 WW.14th st.,1928.000000000000000,-87.652429999999995,41.863363000000000,1928-06-06
12 E. 43rd st.,1928.000000000000000,-87.625809000000004,41.816637000000000,1928-06-06
4437 Calumet ave.,1928.000000000000000,-87.618076000000002,41.814098999999999,1928-06-06
Kostener Ave & 21st St.,1928.000000000000000,-87.734456059999999,41.853244390000000,1928-06-08
6356 Harvard Ave,1928.000000000000000,-87.633583000000002,41.779409000000001,1928-06-12
814 N. Rockwell,1928.000000000000000,-87.691982999999993,41.896017999999998,1928-06-12
43rd & Indiana,1928.000000000000000,-87.621374130000007,41.816425219999999,1928-06-12
3153 Dearborn St,1928.000000000000000,-87.627714999999995,41.837094000000000,1928-06-17
123 E. 37th Pl,1928.000000000000000,-87.622752000000006,41.826363000000001,1928-06-17
Madison & Laflin Sts.,1928.000000000000000,-87.664396760000002,41.881463930000002,1928-06-17
3733 Giles ave.,1928.000000000000000,-87.619015000000005,41.826889000000001,1928-06-18
Root and State Sts.,1928.000000000000000,-87.626352310000001,41.819127819999999,1928-06-18
Root and State Sts.,1928.000000000000000,-87.626352310000001,41.819127819999999,1928-06-18
1961 Evergreen ave.,1928.000000000000000,-87.676360000000003,41.905862999999997,1928-06-18
115 E. 46th St,1928.000000000000000,-87.622529000000000,41.810963000000001,1928-06-23
4032 Indiana Ave.,1928.000000000000000,-87.621747999999997,41.821365000000000,1928-06-23
2731 W. 23d St.,1928.000000000000000,-87.693943980000000,41.849951830000002,1928-06-24
2731 W. 23d St.,1928.000000000000000,-87.693943980000000,41.849951830000002,1928-06-24
4702 Wentworth ave.,1928.000000000000000,-87.631079000000000,41.808923000000000,1928-06-24
3918 Wallace St,1928.000000000000000,-87.641266999999999,41.823064000000002,1928-06-24
5515 Kimbark Ave,1928.000000000000000,-87.594714999999994,41.794732000000003,1928-06-25
51st St. & St Lawrence Ave,1928.000000000000000,-87.611267569999995,41.802046730000001,1928-06-25
2356 Maypole,1928.000000000000000,-87.685401999999996,41.884608000000000,1928-06-26
2525 Morse Ave.,1928.000000000000000,-87.693196000000000,42.006663000000003,1928-06-26
50th st. & Forrestville ave.,1928.000000000000000,-87.612490649999998,41.803822220000001,1928-06-27
401 S. Halsted st.,1928.000000000000000,-87.647014999999996,41.876551999999997,1928-06-27
4230  Calumet Ave.,1928.000000000000000,-87.618549999999999,41.817796000000001,1928-06-30
4752 Forresville ave.,1928.000000000000000,-87.612791060000006,41.808428679999999,1928-07-01
2939 Prairie av,1928.000000000000000,-87.548000000000002,41.641599999999997,1928-07-01
27 E. 43rd st.,1928.000000000000000,-87.625393000000003,41.816363000000003,1928-07-01
3724 Wrightwood,1928.000000000000000,-87.720454000000004,41.928336999999999,1928-07-03
1424 W. Erie St.,1928.000000000000000,-87.663240999999999,41.893537000000002,1928-07-04
4556 S. Laflin St.,1928.000000000000000,-87.662783000000005,41.811258000000002,1928-07-04
4556 S. Laflin St.,1928.000000000000000,-87.662783000000005,41.811258000000002,1928-07-04
50th and Drexel Blvd,1928.000000000000000,-87.604165080000001,41.803950180000001,1928-07-04
1007 E. 55th st.,1928.000000000000000,-87.601139000000003,41.794862999999999,1928-07-04
4709 Lawrence St.,1928.000000000000000,-87.745830999999995,41.967863000000001,1928-07-04
218 Alexander St.,1928.000000000000000,-87.632411000000005,41.851621999999999,1928-07-05
2645 W. 17th St.,1928.000000000000000,-87.691806999999997,41.858263000000001,1928-07-07
2645 W. 17th St.,1928.000000000000000,-87.691806999999997,41.858263000000001,1928-07-07
"2244 N. Halsted st., 3rd fl. Rear",1928.000000000000000,-87.648839949999996,41.922780029999998,1928-07-08
363 E 115th st,1928.000000000000000,-87.613817999999995,41.685262999999999,1928-07-10
8833 Racine ave.,1928.000000000000000,-87.653075999999999,41.733493000000003,1928-07-10
Francisco Ave. and Adams St.,1928.000000000000000,-87.698643210000000,41.878300639999999,1928-07-11
1145 W. 14th st.,1928.000000000000000,-87.652782000000002,41.863363000000000,1928-07-12
3212 S. State St.,1928.000000000000000,-87.626926999999995,41.836280000000002,1928-07-12
Troy St. and Fifth Ave.,1928.000000000000000,-87.705016139999998,41.878604189999997,1928-07-13
Troy St. and Fifth Ave.,1928.000000000000000,-87.705016139999998,41.878604189999997,1928-07-13
Patomac and Western Aves.,1928.000000000000000,-87.687056060000003,41.904800350000002,1928-07-13
Patomac and Western Aves.,1928.000000000000000,-87.687056060000003,41.904800350000002,1928-07-13
3506 Rita St.,1928.000000000000000,-87.650784000000002,41.945639000000000,1928-07-14
3506 Rita St.,1928.000000000000000,-87.650784000000002,41.945639000000000,1928-07-14
549 W. 13th St.,1928.000000000000000,-87.747360000000000,41.863999999999997,1928-07-15
549 W. 13th St.,1928.000000000000000,-87.747360000000000,41.863999999999997,1928-07-15
3501 Wabash Ave,1928.000000000000000,-87.624314999999996,41.830948999999997,1928-07-15
330 E. 35th st.,1928.000000000000000,-87.617801000000000,41.831237000000002,1928-07-16
3610 Cottge Grove ave.,1928.000000000000000,-87.609627000000003,41.828803999999998,1928-07-17
8315 Essex Ave.,1928.000000000000000,-87.563514999999995,41.744132000000000,1928-07-17
5529 Michigan Ave,1928.000000000000000,-87.622279000000006,41.793908999999999,1928-07-20
3620 Lowe Ave.,1928.000000000000000,-87.642583000000002,41.828555000000001,1928-07-21
3620 Lowe Ave.,1928.000000000000000,-87.642583000000002,41.828555000000001,1928-07-21
10753 Hoxie Ave.,1928.000000000000000,-87.560563000000002,41.700000000000003,1928-07-21
Hastings and Wood ST,1928.000000000000000,-87.671327590000004,41.864047900000003,1928-07-22
1126 Larrabee st.,1928.000000000000000,-87.643345999999994,41.902178999999997,1928-07-22
3524 Prairie ave.,1928.000000000000000,-87.620667999999995,41.830547000000003,1928-07-23
44th st. & Vincennes ave.,1928.000000000000000,-87.613992690000003,41.814730040000001,1928-07-23
Halsted and Ohio Sts,1928.000000000000000,-87.647616859999999,41.892214760000002,1928-07-23
1209 E. 63rd St,1928.000000000000000,-87.595911999999998,41.780363000000001,1928-07-24
Congress St. & Ashland Ave,1928.000000000000000,-87.666606900000005,41.875153160000004,1928-07-24
4907 Medill,1928.000000000000000,-87.749032999999997,41.923163000000002,1928-07-26
1271 Ardmore Ave.,1928.000000000000000,-87.662869999999998,41.988062999999997,1928-07-26
5761 Richmond st.,1928.000000000000000,-87.697114999999997,41.788924000000002,1928-07-27
418 S. Western ave.,1928.000000000000000,-87.686482999999996,41.875948999999999,1928-07-27
1053 Madison St.,1928.000000000000000,-87.653666000000001,41.881563000000000,1928-07-28
2053 Maypole Ave,1928.000000000000000,-87.677948999999998,41.883862999999998,1928-07-29
Lake St and Artesian Ave,1928.000000000000000,-87.687721249999996,41.884563159999999,1928-07-29
3401 S. LaSalle,1928.000000000000000,-87.629660000000001,41.832849000000003,1928-07-29
815 W. Harrison St.,1928.000000000000000,-87.602473000000003,41.746896000000000,1928-07-30
Milwaukee & Saint George Court,1928.000000000000000,-87.695939539999998,41.921949820000002,1928-07-30
2416 Roosevelt,1928.000000000000000,-87.686611999999997,41.866737000000001,1928-07-31
7434 Racine,1928.000000000000000,-87.654163999999994,41.758530000000000,1928-08-01
654 E. 43rd st.,1928.000000000000000,-87.609925000000004,41.816937000000003,1928-08-02
4627 Indiana Ave,1928.000000000000000,-87.621083999999996,41.810552999999999,1928-08-02
448 W. Division St.,1928.000000000000000,-87.639837000000000,41.903837000000003,1928-08-03
3021 Federal St.,1928.000000000000000,-87.628815000000003,41.840260999999998,1928-08-04
47th St. and Michigan Blvd.,1928.000000000000000,-87.622854709999999,41.809132419999997,1928-08-05
3045 Archer Ave,1928.000000000000000,-87.662593999999999,41.839219999999997,1928-08-05
3759 Federal St.,1928.000000000000000,-87.628716999999995,41.827869000000000,1928-08-06
3759 Federal St.,1928.000000000000000,-87.628716999999995,41.827869000000000,1928-08-06
73rd St. and Stony Island Ave.,1928.000000000000000,-87.586205010000000,41.762397200000002,1928-08-06
73rd St. and Stony Island Ave.,1928.000000000000000,-87.586205010000000,41.762397200000002,1928-08-06
615 W. 48th St.,1928.000000000000000,-87.641105999999994,41.806963000000003,1928-08-06
736 S. Paulina St,1928.000000000000000,-87.669244000000006,41.872382999999999,1928-08-07
24th st. & Central Park ave.,1928.000000000000000,-87.714800830000001,41.847937850000001,1928-08-07
1019 Larrabee st.,1928.000000000000000,-87.642915000000002,41.900697000000001,1928-08-09
3487 State St.,1928.000000000000000,-87.626315000000005,41.831347000000001,1928-08-09
5220 Prairie ave.,1928.000000000000000,-87.619523999999998,41.799895999999997,1928-08-11
1200 W. Taylor,1928.000000000000000,-87.656881999999996,41.869537000000001,1928-08-11
3804 Wentworth ave.,1928.000000000000000,-87.631566000000007,41.824910000000003,1928-08-12
4952 and 4954 so. State st.,1928.000000000000000,-87.626130000000003,41.804589000000000,1928-08-16
2025 Monroe St.,1928.000000000000000,-87.677413999999999,41.879863000000000,1928-08-16
3122 S. Dearborn St.,1928.000000000000000,-87.628083000000004,41.837601999999997,1928-08-17
2220 S. State st.,1928.000000000000000,-87.627257999999998,41.852370000000001,1928-08-17
909 W. Harrison St.,1928.000000000000000,-87.649619999999999,41.874234000000001,1928-08-18
459 W. Division st.,1928.000000000000000,-87.640068999999997,41.903562999999998,1928-08-18
958 N. Racine,1928.000000000000000,-87.657782999999995,41.898887999999999,1928-08-18
24th & State sts.,1928.000000000000000,-87.627017499999994,41.849216570000003,1928-08-19
1032 E. 43rd st.,1928.000000000000000,-87.600391000000002,41.817036999999999,1928-08-19
902 Cambridge ave.,1928.000000000000000,-87.641982999999996,41.898201000000000,1928-08-20
Huron St. and Michigan Blvd.,1928.000000000000000,-87.624292370000006,41.894914159999999,1928-08-21
28th St. & Stewart Ave.,1928.000000000000000,-87.636523249999996,41.843637950000002,1928-08-22
St. Louis and Ogden Aves.,1928.000000000000000,-87.712419030000007,41.855274180000002,1928-08-25
St. Louis and Ogden Aves.,1928.000000000000000,-87.712419030000007,41.855274180000002,1928-08-25
1418 Elston Ave.,1928.000000000000000,-87.660376999999997,41.907460999999998,1928-08-25
2821 Vernon Ave,1928.000000000000000,-87.615300000000005,41.843623999999998,1928-08-25
Milwaukee & California Ave,1928.000000000000000,-87.697355750000000,41.922939679999999,1928-08-25
3541 S. State St.,1928.000000000000000,-87.626315000000005,41.830486000000001,1928-08-26
6323 Eberhardt ave.,1928.000000000000000,-87.645498000000003,41.866137000000002,1928-08-27
LeClaire & Grand aves.,1928.000000000000000,-87.753231529999994,41.916744790000003,1928-08-27
607 S. Cicero Ave,1928.000000000000000,-87.744815000000003,41.873049000000002,1928-08-27
55 E. 31st St,1928.000000000000000,-87.624903000000003,41.838217000000000,1928-08-27
2643 N. Sayre Ave.,1928.000000000000000,-87.709215000000000,41.929211000000002,1928-08-28
2643 N. Sayre Ave.,1928.000000000000000,-87.709215000000000,41.929211000000002,1928-08-28
75th st and State St.,1928.000000000000000,-87.624721530000002,41.758059549999999,1928-08-28
2160 Lake st,1928.000000000000000,-87.680625000000006,41.885078000000000,1928-08-30
6228 S. Wabash,1928.000000000000000,-87.623918000000003,41.781357000000000,1928-08-30
344 E. 35th st.,1928.000000000000000,-87.617737000000005,41.831237000000002,1928-08-31
6661 Albion St.,1928.000000000000000,-87.794495999999995,42.000829000000003,1928-09-02
227 N. Ada St.,1928.000000000000000,-87.660615000000007,41.885792000000002,1928-09-02
227 N. Ada St.,1928.000000000000000,-87.660615000000007,41.885792000000002,1928-09-02
4557 S. Ashland ave.,1928.000000000000000,-87.664859000000007,41.811191000000001,1928-09-03
868 N. Clark st.,1928.000000000000000,-87.631483000000003,41.898468999999999,1928-09-03
905 So. Kedzie Ave.,1928.000000000000000,-87.705596999999997,41.869843000000003,1928-09-04
51st and Federal,1928.000000000000000,-87.627983090000001,41.801806790000001,1928-09-05
845 Grace st.,1928.000000000000000,-87.650597000000005,41.951016000000003,1928-09-06
701 E 31st st,1928.000000000000000,-87.613209999999995,41.838363000000001,1928-09-06
364 E. 25th St.,1928.000000000000000,-87.619518999999997,41.847636999999999,1928-09-06
#61 W. Madison st.,1928.000000000000000,-87.629836999999995,41.881863000000003,1928-09-07
49 E 31st st,1928.000000000000000,-87.625069999999994,41.838211000000001,1928-09-08
Major and Grand Aves.,1928.000000000000000,-87.768144609999993,41.919107859999997,1928-09-08
3941 S. Michigan Ave,1928.000000000000000,-87.623011000000005,41.823020999999997,1928-09-08
1166 Larrabee St.,1928.000000000000000,-87.643383000000000,41.903101999999997,1928-09-09
1701 Racine Ave.,1928.000000000000000,-87.656215000000003,41.858756000000000,1928-09-09
2800 W. Van Buren,1928.000000000000000,-87.696390149999999,41.876079850000004,1928-09-09
3416 W. 74th Ave.,1928.000000000000000,-87.708122000000003,41.759014999999998,1928-09-12
3416 W. 74th Ave.,1928.000000000000000,-87.708122000000003,41.759014999999998,1928-09-12
4416 So. Kilpatrick Ave.,1928.000000000000000,-87.740983000000000,41.812716999999999,1928-09-12
56 E. Harrison st.,1928.000000000000000,-87.625653000000000,41.874557000000003,1928-09-12
79th st. & Albany ave.,1928.000000000000000,-87.699866290000003,41.749543449999997,1928-09-12
6310 Stony Island Ave,1928.000000000000000,-87.650819999999996,41.880659999999999,1928-09-12
Linder ave. & Irving Park Blvd.,1928.000000000000000,-87.764453889999999,41.953059379999999,1928-09-13
120 W. Grand ave.,1928.000000000000000,-87.631929000000000,41.891736999999999,1928-09-13
2207 W. 21st,1928.000000000000000,-87.681128000000001,41.853763000000001,1928-09-14
Ashland and Hollywood Aves.,1928.000000000000000,-87.669868469999997,41.984983170000000,1928-09-17
2342 So. State St.,1928.000000000000000,-87.627183000000002,41.850275000000003,1928-09-18
4721 S. State St.,1928.000000000000000,-87.625915000000006,41.808796999999998,1928-09-18
606 N. Clark st.,1928.000000000000000,-87.631315999999998,41.892653000000003,1928-09-20
North Ave & Lawler Ave,1928.000000000000000,-87.752072810000001,41.909431480000002,1928-09-20
57th Place and State St.,1928.000000000000000,-87.625558380000001,41.789872870000004,1928-09-21
18th & Throop sts.,1928.000000000000000,-87.658882140000003,41.857911219999998,1928-09-21
Lake St. & Kedzie Ave,1928.000000000000000,-87.706196309999996,41.884323539999997,1928-09-22
5317 Calumet Ave.,1928.000000000000000,-87.617514999999997,41.798000999999999,1928-09-22
5317 Calumet Ave.,1928.000000000000000,-87.617514999999997,41.798000999999999,1928-09-22
912 So. Laflin St.,1928.000000000000000,-87.664282999999998,41.870368999999997,1928-09-22
912 So. Laflin St.,1928.000000000000000,-87.664282999999998,41.870368999999997,1928-09-22
N. W. corner of 68th & Cottage Grove,1928.000000000000000,-87.605752940000002,41.771279669999998,1928-09-22
2941 W. Madison st.,1928.000000000000000,-87.699755999999994,41.880920000000003,1928-09-23
4457 Calumet,1928.000000000000000,-87.618370060000004,41.813802459999998,1928-09-23
330 E. 56th st.,1928.000000000000000,-87.618274999999997,41.793095000000001,1928-09-25
Lawndale Ave. and Roosevelt Rd.,1928.000000000000000,-87.717719079999995,41.866125289999999,1928-09-26
4523 St Lawrence,1928.000000000000000,-87.611315000000005,41.812609000000002,1928-09-28
1237 W. Huron St.,1928.000000000000000,-87.658776000000003,41.894263000000002,1928-09-28
3133 Calumet ave.,1928.000000000000000,-87.618015000000000,41.837755000000001,1928-09-29
4337 S. Halsted St.,1928.000000000000000,-87.645515000000003,41.815232000000002,1928-09-30
4337 S. Halsted St.,1928.000000000000000,-87.645515000000003,41.815232000000002,1928-09-30
41st and Cottage Grove,1928.000000000000000,-87.606761460000001,41.820375140000003,1928-10-01
3559 Giles Ave,1928.000000000000000,-87.619084000000001,41.829951000000001,1928-10-02
237 W. 24th Pl.,1928.000000000000000,-87.632961269999996,41.848209580000002,1928-10-02
237 W. 24th Pl.,1928.000000000000000,-87.632961269999996,41.848209580000002,1928-10-02
5258 wabash ave.,1928.000000000000000,-87.649914999999993,41.797851999999999,1928-10-02
3552 Prairie ave,1928.000000000000000,-87.620654999999999,41.830066000000002,1928-10-02
3359 Giles Ave,1928.000000000000000,-87.619184000000004,41.833579999999998,1928-10-02
4540 Wentworth ave.,1928.000000000000000,-87.631623000000005,41.811199000000002,1928-10-06
4540 Wentworth Ave.,1928.000000000000000,-87.631623000000005,41.811199000000002,1928-10-06
4540 Wentworth Ave.,1928.000000000000000,-87.631623000000005,41.811199000000002,1928-10-06
Menard & Milwaukee Ave,1928.000000000000000,-87.773122790000002,41.981553849999997,1928-10-06
713 Rush St.,1928.000000000000000,-87.625266999999994,41.895325000000000,1928-10-07
3441 State St.,1928.000000000000000,-87.626315000000005,41.832143000000002,1928-10-07
Halsted and Randolph,1928.000000000000000,-87.647445200000007,41.884403409999997,1928-10-08
161 E 115th st,1928.000000000000000,-87.618892000000002,41.685262999999999,1928-10-12
2113 Archer ave,1928.000000000000000,-87.632210999999998,41.853946000000001,1928-10-14
1944 W. Madison St.,1928.000000000000000,-87.675259999999994,41.881436999999998,1928-10-15
1944 W. Madison St.,1928.000000000000000,-87.675259999999994,41.881436999999998,1928-10-15
703 s. Halsted St,1928.000000000000000,-87.646908760000002,41.872996180000001,1928-10-16
809 S. State St,1928.000000000000000,-87.627215000000007,41.871586999999998,1928-10-16
707 W. 53rd St.,1928.000000000000000,-87.646766999999997,41.873038000000001,1928-10-17
4637 Prairie ave.,1928.000000000000000,-87.619415000000004,41.810431000000001,1928-10-19
4105 N. Keystone Ave.,1928.000000000000000,-87.729113999999996,41.955716000000002,1928-10-20
S.W. corner of Crawford Ave and Harrison ST,1928.000000000000000,-87.725486759999995,41.873267800000001,1928-10-20
1320 S. Racine,1928.000000000000000,-87.656783000000004,41.864868000000001,1928-10-20
55 E. 44th St.,1928.000000000000000,-87.624289000000005,41.814563000000000,1928-10-21
55 E. 44th St.,1928.000000000000000,-87.624289000000005,41.814563000000000,1928-10-21
604 E. 39th St.,1928.000000000000000,-87.612317000000004,41.824036999999997,1928-10-22
604 E. 39th St.,1928.000000000000000,-87.612317000000004,41.824036999999997,1928-10-22
5529 S. Ashland,1928.000000000000000,-87.664382000000003,41.793211999999997,1928-10-22
1329 S. State St.,1928.000000000000000,-87.627115000000003,41.865157000000004,1928-10-22
44th Pl. & Halsted St.,1928.000000000000000,-87.645578380000003,41.813370659999997,1928-10-23
820 W. Lake st.,1928.000000000000000,-87.648247999999995,41.885770000000001,1928-10-23
Monroe St. and Ashland Ave.,1928.000000000000000,-87.666778559999997,41.880137920000003,1928-10-24
Monroe St. and Ashland Ave.,1928.000000000000000,-87.666778559999997,41.880137920000003,1928-10-24
1903 W. North ave,1928.000000000000000,-87.675280999999998,41.910362999999997,1928-10-25
Ogden & Kedzie Ave,1928.000000000000000,-87.705445290000000,41.857847290000002,1928-10-26
Sangamon & Madison,1928.000000000000000,-87.650856970000007,41.881671609999998,1928-10-26
1128 W. 13th St.,1928.000000000000000,-87.655096999999998,41.865437000000000,1928-10-28
7338 S. Racine Ave,1928.000000000000000,-87.654183000000003,41.760306999999997,1928-10-28
618 S. Halsted st.,1928.000000000000000,-87.647373999999999,41.873978999999999,1928-10-28
700 Garfield Ave.,1928.000000000000000,-87.642885000000007,41.794437000000002,1928-10-28
4706 Calumet Ave,1928.000000000000000,-87.618283000000005,41.809164000000003,1928-10-30
16th St. and Michigan Ave.,1928.000000000000000,-87.624013419999997,41.860308430000003,1928-10-30
1417 S. Morgan St.,1928.000000000000000,-87.650715000000005,41.862960999999999,1928-10-31
Ashland ave. in Flournoy st.,1928.000000000000000,-87.666563990000000,41.872916289999999,1928-10-31
Devon & Milwaukee aves.,1928.000000000000000,-87.787735459999993,41.997279370000001,1928-11-01
2910 N. Halsted St.,1928.000000000000000,-87.649282999999997,41.935074000000000,1928-11-01
2910 N. Halsted St.,1928.000000000000000,-87.649282999999997,41.935074000000000,1928-11-01
8846 Buffalo Ave.,1928.000000000000000,-87.544583000000003,41.734755000000000,1928-11-01
3949 Sheridan Rd,1928.000000000000000,-87.654252000000000,41.953878000000003,1928-11-01
2359 N. Moody ave.,1928.000000000000000,-87.779409889999997,41.922716170000001,1928-11-02
Avers & Lawrence Ave,1928.000000000000000,-87.724220750000001,41.968137830000003,1928-11-02
Jackson Blvd & Loomis St.,1928.000000000000000,-87.661821840000002,41.877677540000001,1928-11-03
3147 Logan Blvd.,1928.000000000000000,-87.705838999999997,41.927914999999999,1928-11-04
3129 Giles Ave,1928.000000000000000,-87.619282999999996,41.837822000000003,1928-11-04
2705 Union ave.,1928.000000000000000,-87.643815000000004,41.844406999999997,1928-11-04
5th & Central Park aves.,1928.000000000000000,-87.715616229999995,41.875584549999999,1928-11-05
2455 N. Racine Ave.,1928.000000000000000,-87.658315000000002,41.926527000000000,1928-11-05
2455 N. Racine Ave.,1928.000000000000000,-87.658315000000002,41.926527000000000,1928-11-05
210 S. State st.,1928.000000000000000,-87.627882999999997,41.879258999999998,1928-11-06
Irving Park blvd and Kolmar,1928.000000000000000,-87.741622919999998,41.953394500000002,1928-11-07
44th st. & Ashland ave.,1928.000000000000000,-87.665040489999996,41.813930409999998,1928-11-07
5213 So. Halsted St.,1928.000000000000000,-87.645115000000004,41.799436000000000,1928-11-08
847 W. 51st st.,1928.000000000000000,-87.646536999999995,41.801414000000001,1928-11-09
38th and Rockwell Sts.,1928.000000000000000,-87.689759730000006,41.824676599999997,1928-11-10
38th and Rockwell Sts.,1928.000000000000000,-87.689759730000006,41.824676599999997,1928-11-10
14th st. & Michigan ave.,1928.000000000000000,-87.624077799999995,41.864063880000003,1928-11-11
214 W Elm,1928.000000000000000,-87.634280000000004,41.902900000000002,1928-11-11
2000 Addison St.,1928.000000000000000,-87.678684000000004,41.947037000000002,1928-11-11
2000 Addison St.,1928.000000000000000,-87.678684000000004,41.947037000000002,1928-11-11
4135 Prarie Ave.,1928.000000000000000,-87.619677999999993,41.819530000000000,1928-11-11
4135 Prarie Ave.,1928.000000000000000,-87.619677999999993,41.819530000000000,1928-11-11
4301 So. State St.,1928.000000000000000,-87.626098999999996,41.816361999999998,1928-11-11
12256 S. Halstead St.,1928.000000000000000,-87.641926999999995,41.671329999999998,1928-11-12
2401 Roosevelt Rd.,1928.000000000000000,-87.686304000000007,41.866463000000003,1928-11-12
State st. and Pershing Rd.,1928.000000000000000,-87.626438140000005,41.823637239999996,1928-11-14
4706 S State,1928.000000000000000,-87.626283000000001,41.808987000000002,1928-11-15
629 S Ashland,1928.000000000000000,-87.645386000000002,41.865537000000003,1928-11-16
2923 Michigan Ave,1928.000000000000000,-87.623315000000005,41.841456000000001,1928-11-16
Fulton & Peoria sts.,1928.000000000000000,-87.649805549999996,41.886735729999998,1928-11-16
2534 N. Long ave.,1928.000000000000000,-87.761301000000003,41.926962000000003,1928-11-16
4821 S. State st.,1928.000000000000000,-87.625815000000003,41.806955000000002,1928-11-17
Archer and Sawyer,1928.000000000000000,-87.705359459999997,41.813242719999998,1928-11-17
5100 W. 63rd St,1928.000000000000000,-87.749684000000002,41.778436999999997,1928-11-17
4501 Calumet,1928.000000000000000,-87.618015000000000,41.812846999999998,1928-11-17
4752 S. Lincoln st.,1928.000000000000000,-87.668279999999996,41.666119999999999,1928-11-17
49th St.  & Ashland Ave,1928.000000000000000,-87.664761540000001,41.804845909999997,1928-11-18
651 Ohio St,1928.000000000000000,-87.645161999999999,41.892162999999996,1928-11-18
5522 Michigan av,1928.000000000000000,-87.622652000000002,41.793982999999997,1928-11-19
5522 Michigan,1928.000000000000000,-87.622652000000002,41.793982999999997,1928-11-19
Lawrence and Sacramento ave.,1928.000000000000000,-87.703664300000000,41.968456910000000,1928-11-19
4425 Federal st.,1928.000000000000000,-87.628118999999998,41.814348000000003,1928-11-20
1143 14th St.,1928.000000000000000,-87.652758000000006,41.863363000000000,1928-11-21
2854 N. Clark St.,1928.000000000000000,-87.646061000000003,41.934007999999999,1928-11-23
3727 Lawrence ave.,1928.000000000000000,-87.721656999999993,41.968162999999997,1928-11-23
2952 S. LaSalle st.,1928.000000000000000,-87.630218999999997,41.839660000000002,1928-11-24
2993 Milwaukee Ave.,1928.000000000000000,-87.718109999999996,41.935825000000001,1928-11-24
4158 Prairie Ave,1928.000000000000000,-87.620025999999996,41.819164999999998,1928-11-25
"622 E, 57th St.",1928.000000000000000,-87.622720000000001,41.791080000000001,1928-11-25
3501 S California,1928.000000000000000,-87.694614999999999,41.829940999999998,1928-11-26
40th St & Cottage Grove Ave,1928.000000000000000,-87.606847290000005,41.821510500000002,1928-11-26
3220 Indiana Ave,1928.000000000000000,-87.622057999999996,41.836049000000003,1928-11-26
51st & Peoria Sts,1928.000000000000000,-87.647702690000003,41.801438890000000,1928-11-27
475 S. Western Ave,1928.000000000000000,-87.686115000000001,41.875323000000002,1928-11-27
1543 W. Flournoy St,1928.000000000000000,-87.664527000000007,41.872762999999999,1928-11-28
2311 S. Central Park ave.,1928.000000000000000,-87.714714999999998,41.849583000000003,1928-11-28
9002 Greenbay Rd.,1928.000000000000000,-87.541683000000006,41.731831999999997,1928-11-29
920 N. Wells St.,1928.000000000000000,-87.634483000000003,41.899527999999997,1928-12-01
920 N. Wells St.,1928.000000000000000,-87.634483000000003,41.899527999999997,1928-12-01
314 E. 51st St.,1928.000000000000000,-87.618914000000004,41.802236999999998,1928-12-02
314 E. 51st St.,1928.000000000000000,-87.618914000000004,41.802236999999998,1928-12-02
3203 S. Paulina St.,1928.000000000000000,-87.667914999999994,41.835749999999997,1928-12-03
31st & Normal ave.,1928.000000000000000,-87.639012339999994,41.838154770000003,1928-12-04
1130 N. LaSalle st.,1928.000000000000000,-87.633082999999999,41.902653000000001,1928-12-05
1269 Clybourn ave.,1928.000000000000000,-87.641238000000001,41.905200000000001,1928-12-06
3250 S. Wentworth Ave.,1928.000000000000000,-87.631810999999999,41.835484000000001,1928-12-07
3250 S. Wentworth Ave.,1928.000000000000000,-87.631810999999999,41.835484000000001,1928-12-07
Madison St. & Rockwell St.,1928.000000000000000,-87.691068650000005,41.881048550000003,1928-12-07
Fulton st. and Oakley Blvd.,1928.000000000000000,-87.684159280000003,41.886655859999998,1928-12-07
458 E. 37th st.,1928.000000000000000,-87.615195000000000,41.827637000000003,1928-12-08
4508 Drexel Blvd,1928.000000000000000,-87.604583000000005,41.812938000000003,1928-12-08
1154 S. Western Ave,1928.000000000000000,-87.686283000000003,41.867142999999999,1928-12-08
5730 Calumet Ave.,1928.000000000000000,-87.617683000000000,41.790500999999999,1928-12-09
171 E. Walton Pl.,1928.000000000000000,-87.622882000000004,41.899863000000003,1928-12-10
1250 W. Hastings st.,1928.000000000000000,-87.657718000000003,41.864437000000002,1928-12-11
"127th st., 50 ft. West of Wallace st.",1928.000000000000000,-87.636716370000002,41.663166140000001,1928-12-12
41st & Wabash,1928.000000000000000,-87.624764440000007,41.820119280000000,1928-12-13
3248 Indiana ave.,1928.000000000000000,-87.622034999999997,41.835617999999997,1928-12-14
821 N. LaSalle St.,1928.000000000000000,-87.632514999999998,41.897345000000001,1928-12-14
S.W. corner of Byron St & Kildare Ave,1928.000000000000000,-87.735421660000000,41.951511449999998,1928-12-14
47th and Ashland Ave.,1928.000000000000000,-87.664911750000002,41.808460670000002,1928-12-16
47th and Ashland Ave.,1928.000000000000000,-87.664911750000002,41.808460670000002,1928-12-16
3930 N. Nordica Ave,1928.000000000000000,-87.803717000000006,41.951427000000002,1928-12-16
330 S. Leavitt St.,1928.000000000000000,-87.681646000000001,41.877115000000003,1928-12-16
58th st. and S. park,1928.000000000000000,-87.615773680000004,41.789216920000001,1928-12-17
939 Milwaukee ave.,1928.000000000000000,-87.660803000000001,41.899836000000001,1928-12-17
1421 Taylor st.,1928.000000000000000,-87.662439000000006,41.869197000000000,1928-12-17
61 st and Halsted,1928.000000000000000,-87.644827370000002,41.783265059999998,1928-12-19
3203 S. Wells st.,1928.000000000000000,-87.632615000000001,41.836120000000001,1928-12-20
4706 St. Lawrence ave.,1928.000000000000000,-87.611582999999996,41.809269999999998,1928-12-20
1701 S. Union st.,1928.000000000000000,-87.644615000000002,41.859046999999997,1928-12-21
Avondale & Hamilin aves.,1928.000000000000000,-87.722396849999996,41.947856889999997,1928-12-21
1942 N. Keeler ave.,1928.000000000000000,-87.731583000000001,41.916086000000000,1928-12-22
Lake st. & Western ave.,1928.000000000000000,-87.686476709999994,41.884531209999999,1928-12-23
Lake st. & Western ave.,1928.000000000000000,-87.686476709999994,41.884531209999999,1928-12-23
Lake Shore Center Drive north of 58th st,1928.000000000000000,-87.579274179999999,41.790400820000002,1928-12-23
4342 State,1928.000000000000000,-87.626407999999998,41.815817000000003,1928-12-23
5442 Dearborn St,1928.000000000000000,-87.626982999999996,41.795616000000003,1928-12-23
814 W. 63rd St,1928.000000000000000,-87.645106319999996,41.779776890000001,1928-12-23
639 W. 63rd St.,1928.000000000000000,-87.641182000000001,41.779662999999999,1928-12-23
814 W. 63rd St.,1928.000000000000000,-87.645106319999996,41.779776890000001,1928-12-23
2758 W. Adams St.,1928.000000000000000,-87.694232999999997,41.848436999999997,1928-12-23
68th and Ashland,1928.000000000000000,-87.661499980000002,41.770239449999998,1928-12-24
5039 Michigan Ave.,1928.000000000000000,-87.622515000000007,41.803061999999997,1928-12-24
5039 Michigan Ave.,1928.000000000000000,-87.622515000000007,41.803061999999997,1928-12-24
"1st fl., rear 4725 Prairie ave.",1928.000000000000000,-87.619386000000006,41.808858999999998,1928-12-24
4506 S. State St.,1928.000000000000000,-87.626371000000006,41.812848000000002,1928-12-25
Goethe & Clark sts.,1928.000000000000000,-87.631523610000002,41.905742570000001,1928-12-25
4114 Washington Blvd.,1928.000000000000000,-87.728594999999999,41.882216999999997,1928-12-25
Aberdeen St. and Jackson Blvd.,1928.000000000000000,-87.654590610000000,41.877805360000004,1928-12-26
Aberdeen St. and Jackson Blvd.,1928.000000000000000,-87.654590610000000,41.877805360000004,1928-12-26
3573 So. Halstead St.,1928.000000000000000,-87.645915000000002,41.828800999999999,1928-12-26
518 S. Wabash ave.,1928.000000000000000,-87.626182999999997,41.875419000000001,1928-12-26
Fulton St. & Oakley Blvd,1928.000000000000000,-87.684159280000003,41.886655859999998,1928-12-26
Between 629/631 N. Racine Ave,1928.000000000000000,-87.657266000000007,41.893265999999997,1928-12-27
757 So. Clark St.,1928.000000000000000,-87.630439999999993,41.872771000000000,1928-12-27
2501 Maypole ave.,1928.000000000000000,-87.688789000000000,41.883647000000003,1928-12-28
6459 Rhodes,1928.000000000000000,-87.611756999999997,41.777461000000002,1928-12-28
2152 Caton St.,1928.000000000000000,-87.681201999999999,41.912036999999998,1928-12-29
63rd & Wood St.,1928.000000000000000,-87.669053079999998,41.779232839999999,1928-12-30
Kostner ave & Washington Blvd.,1928.000000000000000,-87.735357280000002,41.881783440000000,1928-12-31
Humbolt blvd at Armitage,1928.000000000000000,-87.701990600000002,41.917399430000003,1928-12-31
572 E 35th st,1928.000000000000000,-87.612264999999994,41.831336999999998,1928-12-31
Kostner Ave & Washington Blvd.,1928.000000000000000,-87.735357280000002,41.881783440000000,1928-12-31
6800 Cottage Grove,1928.000000000000000,-87.605883000000006,41.771163000000001,1928-12-31
Ashland & Lunt Ave,1929.000000000000000,-87.669997219999999,42.008871669999998,1929-01-01
Polk & Morgan sts.,1929.000000000000000,-87.651178840000000,41.871877710000000,1929-01-01
between 2638 & 2640 Superior st.,1929.000000000000000,-87.692753999999994,41.894894999999998,1929-01-01
1315 Fulton St.,1929.000000000000000,-87.659553000000002,41.886462999999999,1929-01-02
4459 Indiana Ave,1929.000000000000000,-87.670125999999996,41.812964999999998,1929-01-02
3401 N. Cicero,1929.000000000000000,-87.746814000000001,41.942656999999997,1929-01-04
3401 N. Cicero,1929.000000000000000,-87.746814000000001,41.942656999999997,1929-01-04
4843 Winthrop Ave,1929.000000000000000,-87.657359000000000,41.970166999999996,1929-01-04
4220 Champlain,1929.000000000000000,-87.610583000000005,41.818075999999998,1929-01-05
4053 Prairie,1929.000000000000000,-87.619714999999999,41.821047000000000,1929-01-05
"4732 Calumet ave, 2nd fl.",1929.000000000000000,-87.618283000000005,41.808737999999998,1929-01-06
8 W. 24th st.,1929.000000000000000,-87.628502999999995,41.849336999999998,1929-01-06
6558 S. Western ave.,1929.000000000000000,-87.683725999999993,41.774565000000003,1929-01-07
1921 W. North ave.,1929.000000000000000,-87.675858000000005,41.910362999999997,1929-01-08
14th & State Sts.,1929.000000000000000,-87.627382280000006,41.863968000000000,1929-01-09
3039 Lincoln ave.,1929.000000000000000,-87.664524999999998,41.936931000000001,1929-01-11
2159 W. Harrison St,1929.000000000000000,-87.680294000000004,41.873863000000000,1929-01-13
2842 Lincoln Ave,1929.000000000000000,-87.659903999999997,41.933236000000001,1929-01-13
Harrison and State Sts.,1929.000000000000000,-87.627596859999997,41.874450150000001,1929-01-13
416 N. Ashland Ave,1929.000000000000000,-87.667282999999998,41.889234000000002,1929-01-13
3523 W. North Ave.,1929.000000000000000,-87.714686000000000,41.909863000000001,1929-01-14
326 W. Madison St.,1929.000000000000000,-87.636082999999999,41.882036999999997,1929-01-14
Harrison & Dearborn sts.,1929.000000000000000,-87.629184719999998,41.874498090000003,1929-01-15
1357 N. Clark St,1929.000000000000000,-87.631371000000001,41.906936999999999,1929-01-16
35th St. and Michigan Ave.,1929.000000000000000,-87.623283860000001,41.830976360000001,1929-01-18
35th St. and Michigan Ave.,1929.000000000000000,-87.623283860000001,41.830976360000001,1929-01-18
"1834 S. Ashland ave., 2nd fl.",1929.000000000000000,-87.666283000000007,41.856726999999999,1929-01-25
Ogden & Washtenaw,1929.000000000000000,-87.693321699999998,41.862130250000000,1929-01-26
2008 W. Roosevelt Rd,1929.000000000000000,-87.676601000000005,41.866937000000000,1929-01-26
3300 S. Wallace st.,1929.000000000000000,-87.641479000000004,41.834359999999997,1929-01-26
373 E. 55th St.,1929.000000000000000,-87.616822999999997,41.794362999999997,1929-01-26
Whipple St. and Jackson Blvd.,1929.000000000000000,-87.702333929999995,41.877310080000001,1929-01-27
Kostner Ave. and Washington Blvd.,1929.000000000000000,-87.735357280000002,41.881783440000000,1929-01-27
Michigan & 43rd,1929.000000000000000,-87.623047830000004,41.816377240000001,1929-01-27
3252 S. Halsted st.,1929.000000000000000,-87.646417999999997,41.835386000000000,1929-01-29
711 Federal st.,1929.000000000000000,-87.629459999999995,41.873294000000001,1929-01-30
4915 S. Ashland Ave,1929.000000000000000,-87.664694999999995,41.804622000000002,1929-01-31
Keeler Ave. and Lake St.,1929.000000000000000,-87.730572219999999,41.885649460000003,1929-02-02
Keeler Ave. and Lake St.,1929.000000000000000,-87.730572219999999,41.885649460000003,1929-02-02
2844 S. Wells st.,1929.000000000000000,-87.633183000000002,41.841963999999997,1929-02-02
1358 W. 22nd st.,1929.000000000000000,-87.660141999999993,41.852578999999999,1929-02-02
3512 Calumet Ave,1929.000000000000000,-87.618573999999995,41.830759999999998,1929-02-03
1842 W Grand av,1929.000000000000000,-87.673088000000007,41.891036999999997,1929-02-04
4849 Calumet Ave.,1929.000000000000000,-87.617914999999996,41.806609000000002,1929-02-04
4849 Calumet Ave.,1929.000000000000000,-87.617914999999996,41.806609000000002,1929-02-04
5800 S. Francisco Ave.,1929.000000000000000,-87.696275000000000,41.788057000000002,1929-02-04
5800 S. Francisco Ave.,1929.000000000000000,-87.696275000000000,41.788057000000002,1929-02-04
3221 Walnut St.,1929.000000000000000,-87.706856999999999,41.885247999999997,1929-02-09
3221 Walnut St.,1929.000000000000000,-87.706856999999999,41.885247999999997,1929-02-09
4427 Prairie ave 3rd apt.,1929.000000000000000,-87.619515000000007,41.814247000000002,1929-02-12
2339 W. Madison st.,1929.000000000000000,-87.684984000000000,41.881062999999997,1929-02-12
1000 N. Trumbull Ave.,1929.000000000000000,-87.712982999999994,41.899340000000002,1929-02-14
2122 N. Clark St.,1929.000000000000000,-87.637653999999998,41.920614000000000,1929-02-14
2122 N. Clark St.,1929.000000000000000,-87.637653999999998,41.920614000000000,1929-02-14
2122 N. Clark St.,1929.000000000000000,-87.637653999999998,41.920614000000000,1929-02-14
519 E. 37th St.,1929.000000000000000,-87.613748000000001,41.827362999999998,1929-02-14
2122 N. Clarke St.,1929.000000000000000,-87.637653999999998,41.920614000000000,1929-02-14
519 E. 37th,1929.000000000000000,-87.613748000000001,41.827362999999998,1929-02-14
2122 N. Clark St.,1929.000000000000000,-87.637653999999998,41.920614000000000,1929-02-14
2122 N. Clark st.,1929.000000000000000,-87.637653999999998,41.920614000000000,1929-02-14
2122 N. Clark St.,1929.000000000000000,-87.637653999999998,41.920614000000000,1929-02-14
2038 W. Chicago ave.,1929.000000000000000,-87.678010999999998,41.896096000000000,1929-02-17
7830 Morgan st.,1929.000000000000000,-87.649083000000005,41.751801000000000,1929-02-17
1101 N. LaSalle st.,1929.000000000000000,-87.632715000000005,41.901963000000002,1929-02-19
4056 Indiana ave.,1929.000000000000000,-87.621728000000004,41.820995000000003,1929-02-20
5601 Madison St.,1929.000000000000000,-87.765002999999993,41.880149000000003,1929-02-21
5601 Madison St.,1929.000000000000000,-87.765002999999993,41.880149000000003,1929-02-21
5501 Kenwood Ave,1929.000000000000000,-87.593192000000002,41.794969000000002,1929-02-21
5151 Archer Ave.,1929.000000000000000,-87.732163999999997,41.800229000000002,1929-02-21
Clarkk & School Sts.,1929.000000000000000,-87.652165890000006,41.941792100000001,1929-02-22
34 E. Oak St,1929.000000000000000,-87.627100999999996,41.900849000000001,1929-02-23
49th St. & Ashland Ave.,1929.000000000000000,-87.664761540000001,41.804845909999997,1929-02-23
737 S. Campbell Ave,1929.000000000000000,-87.688415000000006,41.871800000000000,1929-02-25
4627 Indiana Ave.,1929.000000000000000,-87.621083999999996,41.810552999999999,1929-02-26
4150 Vincennes Ave,1929.000000000000000,-87.613817999999995,41.819093000000002,1929-03-01
47th st and Princeton,1929.000000000000000,-87.633347509999993,41.808956479999999,1929-03-02
416 E. 48th Pl.,1929.000000000000000,-87.615786000000000,41.806837000000002,1929-03-02
2340 W. 22nd Place,1929.000000000000000,-87.684214999999995,41.851294000000003,1929-03-07
533 E. 40th St.,1929.000000000000000,-87.613550000000004,41.821063000000002,1929-03-09
5111 Wentworth Ave.,1929.000000000000000,-87.630515000000003,41.801634999999997,1929-03-10
2933 Prarie Ave.,1929.000000000000000,-87.548000000000002,41.641599999999997,1929-03-10
3760 Ellis Ave.,1929.000000000000000,-87.607056000000000,41.826999000000001,1929-03-10
6604 S. State,1929.000000000000000,-87.625349000000000,41.774420999999997,1929-03-10
Lawndale & Douglas Blvd,1929.000000000000000,-87.717633250000006,41.862705550000001,1929-03-10
606 Root St.,1929.000000000000000,-87.641199999999998,41.819136999999998,1929-03-11
3440 Prairie Ave,1929.000000000000000,-87.620715000000004,41.832220999999997,1929-03-11
3140 Indiana Ave.,1929.000000000000000,-87.622083000000003,41.837606999999998,1929-03-14
3140 Indiana Ave.,1929.000000000000000,-87.622083000000003,41.837606999999998,1929-03-14
3833 Cottage Grove Ave,1929.000000000000000,-87.607476000000005,41.825448999999999,1929-03-14
1032 Orleans st.,1929.000000000000000,-87.637505000000004,41.901471000000001,1929-03-15
4712 Calumet Ave,1929.000000000000000,-87.618283000000005,41.809066000000001,1929-03-17
Clark St & North Ave,1929.000000000000000,-87.631695269999994,41.911124149999999,1929-03-17
2027 Charleston St.,1929.000000000000000,-87.678464000000005,41.919862999999999,1929-03-18
2027 Charleston St.,1929.000000000000000,-87.678464000000005,41.919862999999999,1929-03-18
5105 S. State St.,1929.000000000000000,-87.625709000000001,41.801676999999998,1929-03-18
2911 S. Dearborn St.,1929.000000000000000,-87.627905999999996,41.839837000000003,1929-03-19
6130 S. Ada St.,1929.000000000000000,-87.658483000000004,41.782570999999997,1929-03-20
4945 Wabash Ave.,1929.000000000000000,-87.624167000000000,41.804774999999999,1929-03-21
5215 S Halsted,1929.000000000000000,-87.645115000000004,41.799402000000001,1929-03-22
3047 Racine Ave,1929.000000000000000,-87.658715000000001,41.937390999999998,1929-03-22
51st st. & Ashland ave.,1929.000000000000000,-87.664718629999996,41.801150960000001,1929-03-22
2713 Indiana Ave.,1929.000000000000000,-87.621860999999996,41.844133999999997,1929-03-23
4709 Evans Ave,1929.000000000000000,-87.607600000000005,41.809229999999999,1929-03-23
6940 Indiana,1929.000000000000000,-87.620383000000004,41.768096999999997,1929-03-24
5113 Calumet Ave,1929.000000000000000,-87.617604999999998,41.801741999999997,1929-03-24
1400 N. Artesian Ave,1929.000000000000000,-87.688582999999994,41.906739000000002,1929-03-25
3658 N. Crawford Ave.,1929.000000000000000,-87.728679999999997,42.004860000000001,1929-03-25
1839 S. Wood St.,1929.000000000000000,-87.670815000000005,41.856589000000000,1929-03-26
Greenview ave & Irivng Park Blvd.,1929.000000000000000,-87.667508130000002,41.954335999999998,1929-03-27
Ohn St. and Oakley Blvd.,1929.000000000000000,-87.684309479999996,41.892118920000001,1929-03-29
2221 Oakdale Ave.,1929.000000000000000,-87.683794500000005,41.934816880000000,1929-03-29
26th and Rockwell,1929.000000000000000,-87.690317629999996,41.844724939999999,1929-03-30
Desplaines St & Harrison St.,1929.000000000000000,-87.643861770000001,41.874354289999999,1929-03-30
111th St. and Trumbull Ave.,1929.000000000000000,-87.706882949999994,41.691421339999998,1929-04-01
Paullina & Washington,1929.000000000000000,-87.669353490000006,41.883205269999998,1929-04-01
51st St. & Wabash Ave,1929.000000000000000,-87.624270920000001,41.801886770000003,1929-04-01
5220 Blackstone Ave,1929.000000000000000,-87.590656999999993,41.800609000000001,1929-04-02
1638 N. Austin ave.,1929.000000000000000,-87.775413999999998,41.910347000000002,1929-04-05
3219 Ellis ave,1929.000000000000000,-87.611016000000006,41.835752999999997,1929-04-06
39th St. and Cottage Grove Ave.,1929.000000000000000,-87.606954569999999,41.823925060000001,1929-04-06
35 W. 31st st.,1929.000000000000000,-87.627510999999998,41.838163000000002,1929-04-07
Oak st. & Michigan Blvd.,1929.000000000000000,-87.624163629999998,41.900711899999997,1929-04-09
7th & Michigan ave,1929.000000000000000,-87.624185089999997,41.873123999999997,1929-04-09
3855 Chicago ave.,1929.000000000000000,-87.722886000000003,41.895263000000000,1929-04-10
47th St. and Racine Ave.,1929.000000000000000,-87.655169959999995,41.808556629999998,1929-04-10
47th St. and Racine Ave.,1929.000000000000000,-87.655169959999995,41.808556629999998,1929-04-10
146 W. 33rd St.,1929.000000000000000,-87.629750000000001,41.834736999999997,1929-04-10
146 W. 33rd St.,1929.000000000000000,-87.629750000000001,41.834736999999997,1929-04-10
73rd & Halsted st.,1929.000000000000000,-87.644269469999998,41.761436860000003,1929-04-11
8855 Buffalo Ave,1929.000000000000000,-87.544214999999994,41.734616000000003,1929-04-11
3648 Vincennes Ave,1929.000000000000000,-87.611653000000004,41.828079000000002,1929-04-11
7639 Dobson Ave,1929.000000000000000,-87.599074000000002,41.756067999999999,1929-04-12
3329 Broadway,1929.000000000000000,-87.644290999999996,41.942878000000000,1929-04-13
3329 Broadway,1929.000000000000000,-87.644290999999996,41.942878000000000,1929-04-13
160 E. Superior st.,1929.000000000000000,-87.623621999999997,41.895837000000000,1929-04-13
3737 Federal st.,1929.000000000000000,-87.628725000000003,41.828124000000003,1929-04-14
4120 S. State st.,1929.000000000000000,-87.626525000000001,41.819574000000003,1929-04-15
Roosevelt Rd. & Fairfield ave.,1929.000000000000000,-87.694652079999997,41.866524779999999,1929-04-16
9122 Mackinaw Ave,1929.000000000000000,-87.543082999999996,41.729723999999997,1929-04-17
West End & Kilpatrick aves.,1929.000000000000000,-87.742824549999995,41.883093440000003,1929-04-18
5806 Lake St.,1929.000000000000000,-87.770187000000007,41.888036999999997,1929-04-20
2039 W. Madison st.,1929.000000000000000,-87.678092000000007,41.881163000000001,1929-04-24
Jackson Blvd. & Ogden ave.,1929.000000000000000,-87.670683859999997,41.877565709999999,1929-04-24
Central Park ave. & Washington Blvd.,1929.000000000000000,-87.715744970000003,41.881447950000002,1929-04-25
Harrison St. and Kedzie Ave.,1929.000000000000000,-87.705960270000006,41.873635290000003,1929-04-27
1040 W. 18th st.,1929.000000000000000,-87.652572000000006,41.858136999999999,1929-04-27
237 W. 26th st.,1929.000000000000000,-87.632982999999996,41.848123000000001,1929-04-28
860 E. 63rd st.,1929.000000000000000,-87.603921999999997,41.780563999999998,1929-04-28
43rd St. and St. Lawrence Ave.,1929.000000000000000,-87.611653799999999,41.816569149999999,1929-05-01
43rd St. and St. Lawrence Ave.,1929.000000000000000,-87.611653799999999,41.816569149999999,1929-05-01
62nd St. & Ashland Ave,1929.000000000000000,-87.664203639999997,41.781184979999999,1929-05-01
Hoxie Ave. at 135th St.,1929.000000000000000,-87.560563090000002,41.650003929999997,1929-05-02
Hoxie Ave. at 135th St.,1929.000000000000000,-87.560563090000002,41.650003929999997,1929-05-02
Madison & Aberdeen Sts,1929.000000000000000,-87.654526230000002,41.881607709999997,1929-05-02
2155 Maypole Ave,1929.000000000000000,-87.680502000000004,41.883808000000002,1929-05-02
1410 W. 49th st.,1929.000000000000000,-87.660353000000001,41.805137000000002,1929-05-03
1023 W. Polk St.,1929.000000000000000,-87.651979999999995,41.871763000000001,1929-05-05
31st Place & Racine av.,1929.000000000000000,-87.655963900000003,41.836987729999997,1929-05-05
7157 Vincennes,1929.000000000000000,-87.628279000000006,41.764361999999998,1929-05-08
79th and Western Ave,1929.000000000000000,-87.682721610000002,41.749991690000002,1929-05-08
6041 Champlain ave.,1929.000000000000000,-87.609515000000002,41.785032000000001,1929-05-08
5539 S. Ashland ave.,1929.000000000000000,-87.664373999999995,41.793087999999997,1929-05-08
3705 Halsted St.,1929.000000000000000,-87.645814999999999,41.826936000000003,1929-05-09
3705 Halsted St.,1929.000000000000000,-87.645814999999999,41.826936000000003,1929-05-09
18th & Morgan Sts.,1929.000000000000000,-87.650899890000005,41.858023090000003,1929-05-09
48th st. & Michigan ave.,1929.000000000000000,-87.622833249999999,41.807277100000000,1929-05-10
5858 N. Artesian ave.,1929.000000000000000,-87.690984000000000,41.987831999999997,1929-05-10
1536 W. 14th St.,1929.000000000000000,-87.665977999999996,41.863436999999998,1929-05-11
233 E. 46th St.,1929.000000000000000,-87.684777999999994,41.881062999999997,1929-05-12
3409 Grenshaw St.,1929.000000000000000,-87.710967999999994,41.867162999999998,1929-05-13
1029 Jackson Blvd.,1929.000000000000000,-87.652758000000006,41.877730000000000,1929-05-14
2510 N. McVickers ave.,1929.000000000000000,-87.777182999999994,41.925904000000003,1929-05-14
673 Diversey Parkway,1929.000000000000000,-87.645874000000006,41.932600999999998,1929-05-14
Laramie Ave. and Van Buren St.,1929.000000000000000,-87.754712100000006,41.874737750000001,1929-05-15
43 W. 45th St.,1929.000000000000000,-87.638800000000003,41.812600000000003,1929-05-15
55th st. & Kimbark ave.,1929.000000000000000,-87.594873910000004,41.794960250000003,1929-05-17
55th & Kimbark Ave.,1929.000000000000000,-87.594873910000004,41.794960250000003,1929-05-17
55th St. and Kimbark Ave,1929.000000000000000,-87.594873910000004,41.794960250000003,1929-05-17
47th St. and Ashland Ave.,1929.000000000000000,-87.664911750000002,41.808460670000002,1929-05-19
47th St. and Ashland Ave.,1929.000000000000000,-87.664911750000002,41.808460670000002,1929-05-19
Keeler and Elston Ave.,1929.000000000000000,-87.731859679999999,41.962378119999997,1929-05-19
Keeler and Elston Ave.,1929.000000000000000,-87.731859679999999,41.962378119999997,1929-05-19
Keeler & Elston aves.,1929.000000000000000,-87.731859679999999,41.962378119999997,1929-05-19
3307 Roosevelt Rd.,1929.000000000000000,-87.708400999999995,41.866262999999996,1929-05-21
"1712 W. Lake st., 3rd fl.",1929.000000000000000,-87.669916999999998,41.885437000000003,1929-05-22
333 Polk st.,1929.000000000000000,-87.637459000000007,41.871899999999997,1929-05-22
202 E. Garfield Blvd.,1929.000000000000000,-87.620590000000007,41.794837000000001,1929-05-25
730 Milwaukee Ave,1929.000000000000000,-87.653902000000002,41.895113000000002,1929-05-25
265 Alexander st.,1929.000000000000000,-87.632968000000005,41.851326999999998,1929-05-26
1857 Madison St.,1929.000000000000000,-87.673072000000005,41.881200000000000,1929-05-26
1903 Ruble St.,1929.000000000000000,-87.643614999999997,41.856862999999997,1929-05-26
5240 Sheridan Rd,1929.000000000000000,-87.759304000000000,41.975337000000003,1929-05-27
Western & North aves.,1929.000000000000000,-87.687270639999994,41.910261849999998,1929-05-28
109 E. Marquette ST,1929.000000000000000,-87.621708999999996,41.772762999999998,1929-05-28
59th & Normal Blvd,1929.000000000000000,-87.637596130000006,41.787025030000002,1929-05-29
1847 S. Fairfield ave.,1929.000000000000000,-87.694166999999993,41.856594000000001,1929-05-30
361 W. Madison St,1929.000000000000000,-87.637483000000003,41.881762999999999,1929-05-30
1024 so. Racine Ave.,1929.000000000000000,-87.656882999999993,41.869019000000002,1929-05-30
2431 Thomas st,1929.000000000000000,-87.687819000000005,41.901063000000001,1929-05-31
2431 Thomas,1929.000000000000000,-87.687819000000005,41.901063000000001,1929-05-31
2431 Thomas St.,1929.000000000000000,-87.687819000000005,41.901063000000001,1929-05-31
4819 Calumet ave.,1929.000000000000000,-87.617914999999996,41.807070000000003,1929-05-31
4402 Michigan Ave.,1929.000000000000000,-87.623169000000004,41.814529999999998,1929-05-31
3945 Cottage Grove ave.,1929.000000000000000,-87.606682000000006,41.822414999999999,1929-06-01
2551 Maypole ave.,1929.000000000000000,-87.690095999999997,41.883563000000002,1929-06-01
848 Taylor St.,1929.000000000000000,-87.648186999999993,41.869808999999997,1929-06-01
848 Taylor St.,1929.000000000000000,-87.648186999999993,41.869808999999997,1929-06-01
8141 Drexel ave.,1929.000000000000000,-87.645280000000000,41.779916000000000,1929-06-02
Leavitt St & Argyle Ave,1929.000000000000000,-87.684202189999993,41.972301719999997,1929-06-03
4000 Roosevelt Rd.,1929.000000000000000,-87.725381999999996,41.866337000000001,1929-06-07
Robey St. and Grand Ave.,1929.000000000000000,-87.676906590000002,41.890793129999999,1929-06-08
Robey St. and Grand Ave.,1929.000000000000000,-87.676906590000002,41.890793129999999,1929-06-08
1412 W 14thh st,1929.000000000000000,-87.665710000000004,41.863436999999998,1929-06-09
543 67th st,1929.000000000000000,-87.611439000000004,41.772891999999999,1929-06-09
Lotus ave between Madison and Monroe sts.,1929.000000000000000,-87.761664390000007,41.879706560000002,1929-06-09
2120 Washington Blvd.,1929.000000000000000,-87.682249549999995,41.883189289999997,1929-06-09
5155 Archer ave.,1929.000000000000000,-87.732287999999997,41.800206000000003,1929-06-12
544 E. 40th St.,1929.000000000000000,-87.612938999999997,41.821536999999999,1929-06-13
40th st and Langley,1929.000000000000000,-87.609765530000004,41.821462529999998,1929-06-14
3947 Lake st.,1929.000000000000000,-87.724988999999994,41.885263000000002,1929-06-14
Grand & Long Aves,1929.000000000000000,-87.760827539999994,41.917766669999999,1929-06-16
4737 S. Harding Ave,1929.000000000000000,-87.722115000000002,41.807192999999998,1929-06-16
Ogden av and St Louis,1929.000000000000000,-87.712569239999993,41.855210249999999,1929-06-17
2818 Arthington st.,1929.000000000000000,-87.696562999999998,41.870313000000003,1929-06-19
63rd st. & Morgan st.,1929.000000000000000,-87.649526600000002,41.779536870000001,1929-06-19
5614 Drexel,1929.000000000000000,-87.603962999999993,41.792842000000000,1929-06-19
3247 Vernon,1929.000000000000000,-87.616382999999999,41.834763000000002,1929-06-19
2225 S. Western ave.,1929.000000000000000,-87.681576000000007,41.857737000000000,1929-06-19
803 w. 74th St.,1929.000000000000000,-87.644569000000004,41.759563000000000,1929-06-20
79th and Morgan sts.,1929.000000000000000,-87.648839949999996,41.750391909999998,1929-06-21
1749 Caroll ave,1929.000000000000000,-87.670688999999996,41.887663000000003,1929-06-23
3420 Calumet Ave.,1929.000000000000000,-87.618223999999998,41.832596000000002,1929-06-24
3420 Calumet Ave.,1929.000000000000000,-87.618223999999998,41.832596000000002,1929-06-24
"3030 Prairie ave, 3rd fl.",1929.000000000000000,-87.620783000000003,41.838349000000001,1929-06-24
97th St. and Torrence Ave.,1929.000000000000000,-87.559854979999997,41.718975430000000,1929-06-27
97th St. and Torrence Ave.,1929.000000000000000,-87.559854979999997,41.718975430000000,1929-06-27
5635 Division st.,1929.000000000000000,-87.767137000000005,41.901963000000002,1929-06-27
5544 Clark St.,1929.000000000000000,-87.668813000000000,41.982855000000001,1929-06-30
5544 Clark St.,1929.000000000000000,-87.668813000000000,41.982855000000001,1929-06-30
1370 Dean St.,1929.000000000000000,-87.671087999999997,41.907198000000001,1929-07-01
4334 Calumet Ave.,1929.000000000000000,-87.618482999999998,41.815939999999998,1929-07-02
1219 S Morgan,1929.000000000000000,-87.650814999999994,41.866554999999998,1929-07-03
2501 Burling St.,1929.000000000000000,-87.647316000000004,41.927331000000002,1929-07-03
2016 Dearborn,1929.000000000000000,-87.628854000000004,41.855206000000003,1929-07-04
6248 Langley ave.,1929.000000000000000,-87.608582999999996,41.781323999999998,1929-07-04
1317 W. Taylor St,1929.000000000000000,-87.659730999999994,41.869262999999997,1929-07-04
Warren av and Paulina,1929.000000000000000,-87.669332030000007,41.882310640000000,1929-07-06
3652 Wabash Ave.,1929.000000000000000,-87.625083000000004,41.828235999999997,1929-07-06
Grand & Normandy aves.,1929.000000000000000,-87.792241570000002,41.923482509999999,1929-07-07
5348 Prairie Ave.,1929.000000000000000,-87.619483000000002,41.797524000000003,1929-07-07
253 N. Oakley Ave.,1929.000000000000000,-87.683914999999999,41.886066999999997,1929-07-07
200 So. Kilbourn Ave.,1929.000000000000000,-87.737983000000000,41.877662999999998,1929-07-07
8302 S. Paulina St,1929.000000000000000,-87.665869999999998,41.742826999999998,1929-07-07
Chicago ave. & Noble sts.,1929.000000000000000,-87.662401200000005,41.896112080000002,1929-07-07
5753 S. Bishop St.,1929.000000000000000,-87.660662000000002,41.789499999999997,1929-07-08
Monroe and Jefferson sts.,1929.000000000000000,-87.642617229999999,41.880537320000002,1929-07-09
Halsted st. & Vincennes ave.,1929.000000000000000,-87.643625740000004,41.737247539999998,1929-07-10
923 W 63rd st,1929.000000000000000,-87.647530000000003,41.779563000000003,1929-07-10
831 Maxwell St.,1929.000000000000000,-87.647212999999994,41.864663000000000,1929-07-10
45th St. and Indiana Ave.,1929.000000000000000,-87.621288300000003,41.812794910000001,1929-07-13
45th St. and Indiana Ave.,1929.000000000000000,-87.621288300000003,41.812794910000001,1929-07-13
400 N Wells St.,1929.000000000000000,-87.634182999999993,41.889341000000002,1929-07-13
2225 Wentworth Ave,1929.000000000000000,-87.685415000000006,41.851360000000000,1929-07-14
1011 S. Paulina st.,1929.000000000000000,-87.668803999999994,41.868955000000000,1929-07-16
39th St. & Western Ave,1929.000000000000000,-87.684137820000004,41.822981640000002,1929-07-20
30th st. & Shields ave.,1929.000000000000000,-87.635364530000004,41.839641510000000,1929-07-21
Madison and elizabeth,1929.000000000000000,-87.658731939999996,41.881639659999998,1929-07-21
4533 Calumet Ave,1929.000000000000000,-87.618015000000000,41.812354999999997,1929-07-21
Washington Blvd. & Leavitt St.,1929.000000000000000,-87.681562900000003,41.883045510000002,1929-07-26
S.W. corner of Patomac and Damen Aves,1929.000000000000000,-87.677464490000006,41.904864230000001,1929-07-26
16 E. 42nd St.,1929.000000000000000,-87.625730000000004,41.818437000000003,1929-07-26
4526 Calumet Ave.,1929.000000000000000,-87.618382999999994,41.812463000000001,1929-07-27
3144 Giles Ave.,1929.000000000000000,-87.619637999999995,41.837580000000003,1929-07-28
5609 Prairie Ave.,1929.000000000000000,-87.619000000000000,41.792630000000003,1929-07-28
4627 Federal St.,1929.000000000000000,-87.628041999999994,41.810648999999998,1929-07-28
66th and Hoyne Ave,1929.000000000000000,-87.676155570000006,41.773744139999998,1929-07-29
41st Pl. and Kedzie Ave.,1929.000000000000000,-87.704350950000006,41.818072379999997,1929-07-30
3622 Federal St.,1929.000000000000000,-87.629135000000005,41.829447999999999,1929-07-30
Madison and Aberdeen Sts,1929.000000000000000,-87.654526230000002,41.881607709999997,1929-07-30
Madison & Aberdeen sts.,1929.000000000000000,-87.654526230000002,41.881607709999997,1929-07-30
Austin & Grand ave.,1929.000000000000000,-87.775504589999997,41.920417090000001,1929-07-31
52nd Halsted St.,1929.000000000000000,-87.645235060000005,41.799647329999999,1929-08-01
709 E. Oakwood Blvd.,1929.000000000000000,-87.646957999999998,41.932836999999999,1929-08-02
219 E. 44th st.,1929.000000000000000,-87.620945000000006,41.814588999999998,1929-08-03
22nd st. and Wentworth ave.,1929.000000000000000,-87.631995680000003,41.852796859999998,1929-08-03
4636 Armitage Ave.,1929.000000000000000,-87.742272999999997,41.917136999999997,1929-08-03
4443 Ellis Ave,1929.000000000000000,-87.601571000000007,41.814264000000001,1929-08-03
11500 Sangamon st.,1929.000000000000000,-87.646815000000004,41.683463000000003,1929-08-04
2223 Wentworth ave.,1929.000000000000000,-87.625656000000006,41.852341000000003,1929-08-04
4547 S. State St.,1929.000000000000000,-87.625967000000003,41.812102000000003,1929-08-05
4616 S. State St.,1929.000000000000000,-87.626283000000001,41.810617000000001,1929-08-06
"Elm st, between Larrabee st. & Cambridge ave.",1929.000000000000000,-87.642703060000002,41.902628389999997,1929-08-07
Ardmore & Milwaukee Aves.,1929.000000000000000,-87.777585979999998,41.986514350000000,1929-08-08
Ardmore & Milwaukee Aves,1929.000000000000000,-87.777585979999998,41.986514350000000,1929-08-08
748 E. 75th St.,1929.000000000000000,-87.606198000000006,41.758737000000004,1929-08-08
Ogden Ave. & Taylor st.,1929.000000000000000,-87.680811879999993,41.869001570000002,1929-08-08
3606 Wabash ave.,1929.000000000000000,-87.625022000000001,41.829605999999998,1929-08-08
4325 So. Paulina St.,1929.000000000000000,-87.667385999999993,41.815359000000001,1929-08-09
2900 W Armitage,1929.000000000000000,-87.699740000000006,41.917636999999999,1929-08-10
1651 Fulton St.,1929.000000000000000,-87.668280999999993,41.886763000000002,1929-08-11
2115 N. Austin Aves,1929.000000000000000,-87.775333000000003,41.918407999999999,1929-08-12
245 E. 31st St.,1929.000000000000000,-87.620352999999994,41.838262999999998,1929-08-12
1656 W. Erie st.,1929.000000000000000,-87.668531999999999,41.893436999999999,1929-08-13
31st St. and Racine Ave.,1929.000000000000000,-87.656028269999993,41.837882989999997,1929-08-15
31st St. and Racine Ave.,1929.000000000000000,-87.656028269999993,41.837882989999997,1929-08-15
4527 Evans Ave.,1929.000000000000000,-87.608085000000003,41.812626000000002,1929-08-15
2106 N. Mason Ave,1929.000000000000000,-87.774495000000002,41.918165000000002,1929-08-15
2645 Washington Blvd.,1929.000000000000000,-87.691109999999995,41.882863000000000,1929-08-18
5906 W. Chicago Ave.,1929.000000000000000,-87.772647000000006,41.894924000000003,1929-08-19
"218 E. 39th st, 2nd fl.",1929.000000000000000,-87.620897999999997,41.823937000000001,1929-08-19
Racine Ave & School St.,1929.000000000000000,-87.658989430000005,41.941648450000002,1929-08-21
4511 Washington Blvd.,1929.000000000000000,-87.738373999999993,41.881762999999999,1929-08-22
2608 Carmen Ave,1929.000000000000000,-87.694348000000005,41.974136999999999,1929-08-24
74th and Carpenter St.,1929.000000000000000,-87.650256159999998,41.759532139999997,1929-08-25
Irving Park blvd and Ridgeway av,1929.000000000000000,-87.721409800000004,41.953538119999997,1929-08-26
Euene & N. Wells st.,1929.000000000000000,-87.634763719999995,41.912848720000000,1929-08-28
470 Ogden,1929.000000000000000,-87.659318999999996,41.890953000000003,1929-08-29
45th St and Lavergne Ave,1929.000000000000000,-87.748081679999999,41.811115630000003,1929-08-30
77th st. & Ashland ave.,1929.000000000000000,-87.663409709999996,41.753897680000001,1929-08-31
6414 Milwaukee Ave,1929.000000000000000,-87.788366999999994,41.997577000000000,1929-08-31
509 N Clark st,1929.000000000000000,-87.630915000000002,41.891128999999999,1929-09-01
45th and Prairie,1929.000000000000000,-87.619678969999995,41.812810910000003,1929-09-02
4541 S. Ashland Ave.,1929.000000000000000,-87.664873000000000,41.811438000000003,1929-09-02
4541 S. Ashland Ave.,1929.000000000000000,-87.664873000000000,41.811438000000003,1929-09-02
Polk St. & Western Ave,1929.000000000000000,-87.686154840000000,41.871222600000003,1929-09-02
661 diversey Parkway,1929.000000000000000,-87.645632000000006,41.932616000000003,1929-09-05
33rd Place & Morgan st.,1929.000000000000000,-87.651028629999999,41.833726310000003,1929-09-05
5525 S. Spalding Ave,1929.000000000000000,-87.705786000000003,41.792983999999997,1929-09-06
3203 Prairie av,1929.000000000000000,-87.620414999999994,41.836413999999998,1929-09-07
Halsted & Harrison Sts.,1929.000000000000000,-87.647101879999994,41.874306359999999,1929-09-07
51st st. & Sacramento Blvd.,1929.000000000000000,-87.698943610000001,41.800751060000003,1929-09-08
63 E 36th Place,1929.000000000000000,-87.643476000000007,41.881706000000001,1929-09-08
741 Milwaukee ave.,1929.000000000000000,-87.653915999999995,41.895477000000000,1929-09-08
2407 Prairie Ave,1929.000000000000000,-87.620384000000001,41.849024000000000,1929-09-08
1431 So. State St.,1929.000000000000000,-87.627060999999998,41.863134000000002,1929-09-09
71 E. 42nd St.,1929.000000000000000,-87.623987999999997,41.818162999999998,1929-09-11
71 E. 42nd St.,1929.000000000000000,-87.623987999999997,41.818162999999998,1929-09-11
48th St. & Langley Ave.,1929.000000000000000,-87.608928680000005,41.807564990000003,1929-09-12
2252 Southport ave.,1929.000000000000000,-87.636934999999994,41.851667999999997,1929-09-14
1139 Cherry St,1929.000000000000000,-87.652754000000002,41.902206999999997,1929-09-15
39th st. & Hermitage ave.,1929.000000000000000,-87.669031619999998,41.823205500000000,1929-09-15
445 N. Clark St.,1929.000000000000000,-87.630915000000002,41.890281999999999,1929-09-16
1247 W. Taylor St.,1929.000000000000000,-87.658555000000007,41.869262999999997,1929-09-16
"3447 Rhodes ave, 2nd fl.",1929.000000000000000,-87.613114999999993,41.831862000000001,1929-09-17
3447 Rhodes Ave,1929.000000000000000,-87.613114999999993,41.831862000000001,1929-09-17
Pine Grove av and Diversey Parkway,1929.000000000000000,-87.641286850000000,41.932837499999998,1929-09-21
4319 Langley Ave.,1929.000000000000000,-87.608991000000003,41.816375999999998,1929-09-21
"4358 Kenmore Ave, 1st apt.",1929.000000000000000,-87.656459999999996,41.961056999999997,1929-09-21
450 S. State st.,1929.000000000000000,-87.627832999999995,41.876288000000002,1929-09-22
1944 W. 21st Pl.,1929.000000000000000,-87.674486999999999,41.853237000000000,1929-09-22
6222 Woodlawn ave.,1929.000000000000000,-87.596383000000003,41.781824000000000,1929-09-23
5615 Prairie Ave,1929.000000000000000,-87.618994999999998,41.792538000000000,1929-09-24
442 Elm St,1929.000000000000000,-87.640593999999993,41.902836999999998,1929-09-25
1151 E. 47th St,1929.000000000000000,-87.597967999999995,41.809463000000001,1929-09-26
4911 Calumet ave.  1st fl.,1929.000000000000000,-87.617897999999997,41.805399000000001,1929-09-27
6506 Loomis Blvd.,1929.000000000000000,-87.659469999999999,41.775664999999996,1929-09-27
6506 Loomis Blvd.,1929.000000000000000,-87.659469999999999,41.775664999999996,1929-09-27
5528 S. Kenneth ave.,1929.000000000000000,-87.734352000000001,41.792526000000002,1929-09-27
522 So. Aberdeen St.,1929.000000000000000,-87.654700000000005,41.881279999999997,1929-09-28
25 W. Madison st.,1929.000000000000000,-87.628584000000004,41.881912999999997,1929-09-29
4340 Michigan Ave,1929.000000000000000,-87.623182999999997,41.815747000000002,1929-09-29
"4619 Evans ave, 1st fl.",1929.000000000000000,-87.607614999999996,41.810870000000001,1929-09-30
404 E. 51st st.,1929.000000000000000,-87.616397000000006,41.802236999999998,1929-09-30
30th St. and Cottage Grove Ave.,1929.000000000000000,-87.613971230000004,41.839705449999997,1929-09-30
4747 Forrestville ave.,1929.000000000000000,-87.612466999999995,41.808598000000003,1929-10-05
17 E. 34th St.,1929.000000000000000,-87.625399000000002,41.832709000000001,1929-10-05
4164 Vincennes Ave,1929.000000000000000,-87.613832000000002,41.818966000000003,1929-10-06
50 E. 47th St.,1929.000000000000000,-87.624215000000007,41.809437000000003,1929-10-08
50 E. 47th St.,1929.000000000000000,-87.624215000000007,41.809437000000003,1929-10-08
542 E. 44th st.,1929.000000000000000,-87.613101000000000,41.815036999999997,1929-10-10
3201 S. State St.,1929.000000000000000,-87.626365000000007,41.836486999999998,1929-10-10
"1848 Augusta st., 3rd fl.",1929.000000000000000,-87.673901000000001,41.899737000000002,1929-10-11
433 E. 119th St.,1929.000000000000000,-87.618340000000003,41.678100000000001,1929-10-12
836 E. 81st St.,1929.000000000000000,-87.603663999999995,41.747757000000000,1929-10-12
836 E. 81st St.,1929.000000000000000,-87.603663999999995,41.747757000000000,1929-10-12
3244 E. 89th St.,1929.000000000000000,-87.545337000000004,41.733936999999997,1929-10-12
1815 S. Union Ave,1929.000000000000000,-87.644615000000002,41.857368000000001,1929-10-12
1119 W. Madison st.,1929.000000000000000,-87.655161000000007,41.881462999999997,1929-10-13
91st & Burley ave.,1929.000000000000000,-87.545671459999994,41.730137890000002,1929-10-16
4625 Van Buren St.,1929.000000000000000,-87.740886000000003,41.874932999999999,1929-10-18
4821 Federal St.,1929.000000000000000,-87.628315000000001,41.806921000000003,1929-10-19
4821 Federal st.,1929.000000000000000,-87.628315000000001,41.806921000000003,1929-10-19
800 Lakeside Pl.,1929.000000000000000,-87.650283999999999,41.968336999999998,1929-10-19
2813 S. State St.,1929.000000000000000,-87.626514999999998,41.843024999999997,1929-10-19
2813 S. State St.,1929.000000000000000,-87.626514999999998,41.843024999999997,1929-10-19
1226 Blue Island Ave,1929.000000000000000,-87.653812000000002,41.866667999999997,1929-10-20
3714 Lake Park Ave.,1929.000000000000000,-87.606157999999994,41.828156000000000,1929-10-21
2241 S. State,1929.000000000000000,-87.682742000000005,41.890163000000001,1929-10-21
441E. 42nd St.,1929.000000000000000,-87.636921999999998,41.817200000000000,1929-10-22
2950 N. Clark St,1929.000000000000000,-87.647548000000000,41.935920000000003,1929-10-23
6551 S. Washtenaw Ave.,1929.000000000000000,-87.690663999999998,41.774583999999997,1929-10-23
1248 W. Adams st.,1929.000000000000000,-87.658382000000003,41.879137000000000,1929-10-23
5205 So. Kenneth Ave.,1929.000000000000000,-87.734115000000003,41.798386000000001,1929-10-25
739 Oakwood Blvd,1929.000000000000000,-87.609057429999993,41.822613850000003,1929-10-25
921 Maxwell St,1929.000000000000000,-87.650239999999997,41.864562999999997,1929-10-26
921 Maxwell St.,1929.000000000000000,-87.650239999999997,41.864562999999997,1929-10-26
1068 W. 13th st.,1929.000000000000000,-87.655967000000004,41.865437000000000,1929-10-27
26 E. 31st. St.,1929.000000000000000,-87.625726000000000,41.838464999999999,1929-10-27
3534 McLean Ave,1929.000000000000000,-87.714843999999999,41.918337000000001,1929-10-27
Oakwood and Drexel blvds,1929.000000000000000,-87.606117729999994,41.822773759999997,1929-10-30
847 Taylor St.,1929.000000000000000,-87.648050999999995,41.869363000000000,1929-10-30
3517 S. State St.,1929.000000000000000,-87.626315000000005,41.830711999999998,1929-10-30
2554 Logan Blvd.,1929.000000000000000,-87.691913000000000,41.928936999999998,1929-11-01
4355 Wentworth Ave.,1929.000000000000000,-87.630983000000001,41.814979999999998,1929-11-03
3511 S. Wells St,1929.000000000000000,-87.632502000000002,41.828696000000001,1929-11-04
4306 Crystal ST.,1929.000000000000000,-87.734015999999997,41.903623000000003,1929-11-07
21 W. 17th St.,1929.000000000000000,-87.627955000000000,41.858862999999999,1929-11-08
21 W. 17th St.,1929.000000000000000,-87.627955000000000,41.858862999999999,1929-11-08
Sedgwick & Locust Sts.,1929.000000000000000,-87.638776300000004,41.898907149999999,1929-11-11
54388 S. Winchester,1929.000000000000000,-87.673282999999998,41.795040000000000,1929-11-13
"4553 S. Michigan ave, 1st apt.",1929.000000000000000,-87.622714999999999,41.812038999999999,1929-11-13
1629 W 33rd pl,1929.000000000000000,-87.666369000000003,41.833129999999997,1929-11-14
3815 State St.,1929.000000000000000,-87.626215000000002,41.825132000000004,1929-11-17
3815 State St.,1929.000000000000000,-87.626215000000002,41.825132000000004,1929-11-17
1958 Humboldt Blvd.,1929.000000000000000,-87.702583000000004,41.916640999999998,1929-11-18
1958 Humboldt Blvd.,1929.000000000000000,-87.702583000000004,41.916640999999998,1929-11-18
7328 S. Maplewood ave.,1929.000000000000000,-87.686982999999998,41.760432000000002,1929-11-20
2701 Milwaukee Ave.,1929.000000000000000,-87.709629000000007,41.930605999999997,1929-11-21
5337 Montrose ave.,1929.000000000000000,-87.760991000000004,41.960433999999999,1929-11-24
9901 Wentworth Ave,1929.000000000000000,-87.628304999999997,41.713957000000001,1929-11-24
2418 W. North,1929.000000000000000,-87.687961999999999,41.910437000000002,1929-11-24
551 E. 67th st. 1st apt.,1929.000000000000000,-87.611341999999993,41.772900000000000,1929-11-26
1804 N. Halsted St.,1929.000000000000000,-87.648583000000002,41.914015999999997,1929-11-26
509 E. 44th St.,1929.000000000000000,-87.613662000000005,41.814762999999999,1929-11-27
509 E. 44th St.,1929.000000000000000,-87.613662000000005,41.814762999999999,1929-11-27
1301 N. State St.,1929.000000000000000,-87.628749999999997,41.906300000000002,1929-11-28
1301 N. State St.,1929.000000000000000,-87.628749999999997,41.906300000000002,1929-11-28
9002 Burley Ave.,1929.000000000000000,-87.545873999999998,41.731825000000001,1929-11-29
87 W. Randolph St.,1929.000000000000000,-87.630461999999994,41.884363000000000,1929-11-29
3842 W. North,1929.000000000000000,-87.723275999999998,41.910037000000003,1929-11-30
457 E. 31st St.,1929.000000000000000,-87.615061999999995,41.838363000000001,1929-12-03
457 E. 31st St.,1929.000000000000000,-87.615061999999995,41.838363000000001,1929-12-03
500 E. 37th St.,1929.000000000000000,-87.614215000000002,41.827637000000003,1929-12-06
500 E. 37th St.,1929.000000000000000,-87.614215000000002,41.827637000000003,1929-12-06
6357 Rhodes ave 2nd fl.,1929.000000000000000,-87.611815000000007,41.779285999999999,1929-12-07
"4331 Michigan ave, 3rd fl.",1929.000000000000000,-87.623133659999993,41.815945450000001,1929-12-07
6221 Rhodes Ave.,1929.000000000000000,-87.611890000000002,41.781644999999997,1929-12-07
6221 Rhodes Ave.,1929.000000000000000,-87.611890000000002,41.781644999999997,1929-12-07
1358 Belmont Ave.,1929.000000000000000,-87.662726000000006,41.939878999999998,1929-12-07
3208 Dearborn St.,1929.000000000000000,-87.628083000000004,41.835963999999997,1929-12-07
1527 E. 85th st.,1929.000000000000000,-87.587204999999997,41.740394000000002,1929-12-08
1402 Warner ave.,1929.000000000000000,-87.664445000000001,41.957236999999999,1929-12-10
3109 W. Lexington,1929.000000000000000,-87.703778000000000,41.871763000000001,1929-12-11
21 W. 17th St.,1929.000000000000000,-87.627955000000000,41.858862999999999,1929-12-12
21 W. 17th St.,1929.000000000000000,-87.627955000000000,41.858862999999999,1929-12-12
1305 Larabee St.,1929.000000000000000,-87.643114999999995,41.904947999999997,1929-12-12
2824 Chicago ave.,1929.000000000000000,-87.697603999999998,41.895837000000000,1929-12-12
2258 W. 21st St,1929.000000000000000,-87.682931999999994,41.881337000000002,1929-12-15
3152 N. Laramie,1929.000000000000000,-87.756883000000002,41.938138000000002,1929-12-15
1717 N. Shore Ave.,1929.000000000000000,-87.673237319999998,42.003386720000002,1929-12-17
1717 N. Shore Ave.,1929.000000000000000,-87.673237319999998,42.003386720000002,1929-12-17
1235 S. Sangamon st.,1929.000000000000000,-87.649799999999999,41.862040000000000,1929-12-17
State & Madison,1929.000000000000000,-87.627832889999993,41.881975150000002,1929-12-18
1300 N.Wells st.,1929.000000000000000,-87.634697000000003,41.905830000000002,1929-12-20
5131 Prairie,1929.000000000000000,-87.619197000000000,41.801431999999998,1929-12-22
5131 Prairie Ave,1929.000000000000000,-87.619197000000000,41.801431999999998,1929-12-22
2368 e 71st st,1929.000000000000000,-87.685141000000002,41.851863000000002,1929-12-26
14 N. Sacramento Blvd.,1929.000000000000000,-87.701383000000007,41.881464000000001,1929-12-27
14 N. Sacramento,1929.000000000000000,-87.701383000000007,41.881464000000001,1929-12-27
1200 Fulton St,1929.000000000000000,-87.656822199999993,41.886560009999997,1929-12-27
14 N. Sacramento Blvd.,1929.000000000000000,-87.701383000000007,41.881464000000001,1929-12-27
1735 N winchester,1929.000000000000000,-87.676114999999996,41.912978000000003,1929-12-29
2210 N. Western Ave,1929.000000000000000,-87.687684000000004,41.922164000000002,1929-12-29
446 N Western,1929.000000000000000,-87.737072999999995,41.885880999999998,1929-12-30
2745 N Ashland Av,1929.000000000000000,-87.668452259999995,41.931432739999998,1929-12-30
455 N. Hermitage Ave.,1929.000000000000000,-87.670553999999996,41.890121999999998,1929-12-31
2324 N. Kedzie,1929.000000000000000,-87.682914999999994,41.849569000000002,1929-12-31
7048 Stewart Ave.,1930.000000000000000,-87.634763719999995,41.766094379999998,1930-01-01
2025 James st.,1930.000000000000000,-87.675196000000000,41.799762999999999,1930-01-02
551 E. 43rd St.,1930.000000000000000,-87.612350000000006,41.816598999999997,1930-01-02
5336 Drexel Blvd.,1930.000000000000000,-87.604083000000003,41.798879999999997,1930-01-02
"5409 Calumet ave, 1st apt.",1930.000000000000000,-87.617489000000006,41.796340999999998,1930-01-03
3312 Wabash Ave,1930.000000000000000,-87.625195000000005,41.834476000000002,1930-01-03
4049 Jackson Blvd.,1930.000000000000000,-87.726738999999995,41.876963000000003,1930-01-04
5207 Indiana ave.,1930.000000000000000,-87.620814999999993,41.799835999999999,1930-01-05
5207 Indiana Ave,1930.000000000000000,-87.620814999999993,41.799835999999999,1930-01-05
5532 Elston ave.,1930.000000000000000,-87.762614999999997,41.981743000000002,1930-01-06
5563 W. Adams,1930.000000000000000,-87.763621000000001,41.878262999999997,1930-01-06
5302 Calumet Ave.,1930.000000000000000,-87.617883000000006,41.798231999999999,1930-01-07
5302 Calumet Ave.,1930.000000000000000,-87.617883000000006,41.798231999999999,1930-01-07
5642 Lake Park Ave.,1930.000000000000000,-87.588254000000006,41.792596000000003,1930-01-07
Lincoln Ave and Diversey Parkway,1930.000000000000000,-87.658731939999996,41.932550159999998,1930-01-07
4825 Indiana ave.,1930.000000000000000,-87.620986000000002,41.806984000000000,1930-01-08
1041 W. 34th Place,1930.000000000000000,-87.652026000000006,41.831462999999999,1930-01-08
4522 Prairie ave.,1930.000000000000000,-87.619856999999996,41.812497000000000,1930-01-09
3509 W. Adams St.,1930.000000000000000,-87.713858999999999,41.878163000000001,1930-01-10
3102 W. Harrison st.,1930.000000000000000,-87.703626999999997,41.873837000000002,1930-01-11
4049 Jackson Blvd.,1930.000000000000000,-87.726738999999995,41.876963000000003,1930-01-14
4049 W. Jackson,1930.000000000000000,-87.726738999999995,41.876963000000003,1930-01-14
2426 Diversey ave.,1930.000000000000000,-87.688719000000006,41.932336999999997,1930-01-16
2627 s. Dearborn St.,1930.000000000000000,-87.627915000000002,41.844914000000003,1930-01-19
4600 block of Federal St.,1930.000000000000000,-87.628240590000004,41.810283970000000,1930-01-20
4600 block of Federal St.,1930.000000000000000,-87.628240590000004,41.810283970000000,1930-01-20
1951 Larrabbee St,1930.000000000000000,-87.643415000000005,41.917375999999997,1930-01-21
25 N. Bishop St,1930.000000000000000,-87.663515000000004,41.881914999999999,1930-01-22
3021 Vernon Ave,1930.000000000000000,-87.615385000000003,41.840716999999998,1930-01-23
4956 S. Marshfield Ave,1930.000000000000000,-87.666224999999997,41.803938000000002,1930-01-24
436 W 63rd st,1930.000000000000000,-87.635959000000000,41.780037000000000,1930-01-27
90th st. & Buffalo Ave.,1930.000000000000000,-87.544319630000004,41.731995439999999,1930-01-27
4803 Federal St.,1930.000000000000000,-87.628337000000002,41.807248000000001,1930-01-28
2943 Wabash Ave,1930.000000000000000,-87.625015000000005,41.841403999999997,1930-01-28
1659 Erie St,1930.000000000000000,-87.668593999999999,41.893163000000001,1930-01-29
5227 Calumet Ave.,1930.000000000000000,-87.617553000000001,41.799781000000003,1930-01-29
5227 Calumet Ave.,1930.000000000000000,-87.617553000000001,41.799781000000003,1930-01-29
"2707 Federal st., 1st ft.",1930.000000000000000,-87.629946000000004,41.842036999999998,1930-01-29
211 E. Delaware Pl.,1930.000000000000000,-87.621374000000003,41.899163000000001,1930-01-29
423 E 45th St.,1930.000000000000000,-87.615710000000007,41.812890000000003,1930-01-30
"between Maypole ave & Lake st., in Wood st.",1930.000000000000000,-87.671864029999995,41.885170209999998,1930-01-31
22nd St B/T State and Dearborn Sts,1930.000000000000000,-87.627575399999998,41.852924729999998,1930-01-31
2603 Milwaukee Ave,1930.000000000000000,-87.708095000000000,41.929723000000003,1930-02-01
Leland av and Broadway,1930.000000000000000,-87.658581729999995,41.967196530000002,1930-02-02
1807 S. State St,1930.000000000000000,-87.626998999999998,41.857629000000003,1930-02-02
4715 S. Federal St.,1930.000000000000000,-87.628415000000004,41.808860000000003,1930-02-02
2709 W. 71st st.,1930.000000000000000,-87.691024999999996,41.764462999999999,1930-02-04
3758 Wallace St.,1930.000000000000000,-87.641283000000001,41.826112000000002,1930-02-04
522 S. Kildare,1930.000000000000000,-87.732900000000001,41.876280000000001,1930-02-04
1138 S. Marshfield Ave.,1930.000000000000000,-87.667720000000003,41.869680000000002,1930-02-08
6255 eberhandt,1930.000000000000000,-87.613015000000004,41.781115999999997,1930-02-10
1351 N. Leavitt St.,1930.000000000000000,-87.682015000000007,41.906412000000003,1930-02-10
5138 S. Michigan Ave.,1930.000000000000000,-87.622844999999998,41.801143000000003,1930-02-10
5138 S. Michigan Ave.,1930.000000000000000,-87.622844999999998,41.801143000000003,1930-02-10
2523 Fulton St,1930.000000000000000,-87.689628999999996,41.886462999999999,1930-02-10
4848 Belleplaines Ave,1930.000000000000000,-87.748517000000007,41.955337000000000,1930-02-11
2006 W. 22 Pl.,1930.000000000000000,-87.676123000000004,41.851422999999997,1930-02-12
2006 W 22 Pl.,1930.000000000000000,-87.676123000000004,41.851422999999997,1930-02-12
711 Jackson Blvd.,1930.000000000000000,-87.644493999999995,41.877862999999998,1930-02-13
5720 Calumet Ave.,1930.000000000000000,-87.617683000000000,41.790655000000001,1930-02-13
5720 Calumet Ave.,1930.000000000000000,-87.617683000000000,41.790655000000001,1930-02-13
4420 Wabash Ave.,1930.000000000000000,-87.624753999999996,41.814289000000002,1930-02-13
1413 Austin ave.,1930.000000000000000,-87.775315000000006,41.906064999999998,1930-02-14
2242 Wabash ave.,1930.000000000000000,-87.625271999999995,41.852080000000001,1930-02-16
5121 S. Homan Ave.,1930.000000000000000,-87.708489999999998,41.800244999999997,1930-02-16
5121 S. Homan Ave.,1930.000000000000000,-87.708489999999998,41.800244999999997,1930-02-16
3705 S. State St,1930.000000000000000,-87.626315000000005,41.827198000000003,1930-02-16
1019 w. 20th Pl,1930.000000000000000,-87.651904999999999,41.854436000000000,1930-02-16
2344 S. State St,1930.000000000000000,-87.627183000000002,41.850242000000001,1930-02-16
3803 Rhodes ave.,1930.000000000000000,-87.614215000000002,41.825515000000003,1930-02-17
3714 Cottage Grove Ave.,1930.000000000000000,-87.608833000000004,41.827343999999997,1930-02-18
22nd St. and Wentworth Ave.,1930.000000000000000,-87.631995680000003,41.852796859999998,1930-02-18
22nd St. and Wentworth Ave.,1930.000000000000000,-87.631995680000003,41.852796859999998,1930-02-18
235 N. Ashland,1930.000000000000000,-87.666815000000000,41.886341000000002,1930-02-18
3849 N. Kilbourne Ave.,1930.000000000000000,-87.740713999999997,41.950763000000002,1930-02-20
5747 Prarie Ave.,1930.000000000000000,-87.618915000000001,41.790239999999997,1930-02-20
1129 S. Wood St.,1930.000000000000000,-87.671215000000004,41.867739999999998,1930-02-20
3041 Cottage Crove St.,1930.000000000000000,-87.613506000000001,41.839222999999997,1930-02-21
629 W. Madison st.,1930.000000000000000,-87.666334000000006,41.873378000000002,1930-02-22
3348 S. State st.,1930.000000000000000,-87.626857000000001,41.833730000000003,1930-02-24
1598 Clybourn Ave.,1930.000000000000000,-87.649458999999993,41.910685000000001,1930-02-24
1598 Clybourn Ave.,1930.000000000000000,-87.649458999999993,41.910685000000001,1930-02-24
1598 Clybourn ave.,1930.000000000000000,-87.649458999999993,41.910685000000001,1930-02-24
84th st. & Burley ave.,1930.000000000000000,-87.545371059999994,41.742851430000002,1930-02-24
5000 Champlain Ave,1930.000000000000000,-87.610282999999995,41.803863000000000,1930-02-24
836 Oakdale,1930.000000000000000,-87.650023000000004,41.935536999999997,1930-02-25
2030 Union St.,1930.000000000000000,-87.644177999999997,41.854968999999997,1930-02-25
"847 W. Taylor st., 3rd fl. Rear",1930.000000000000000,-87.648050999999995,41.869363000000000,1930-02-26
8 E. 43rd St.,1930.000000000000000,-87.625919999999994,41.816637000000000,1930-02-26
4534 Calumet,1930.000000000000000,-87.618382999999994,41.812339999999999,1930-02-27
1314 Hastings st,1930.000000000000000,-87.659467000000006,41.864437000000002,1930-03-02
48th St. and South Parkway,1930.000000000000000,-87.616503240000000,41.807453029999998,1930-03-02
48th St. and South Parkway,1930.000000000000000,-87.616503240000000,41.807453029999998,1930-03-02
48th Street and South Parkway,1930.000000000000000,-87.616503240000000,41.807453029999998,1930-03-02
1156 W. 79th ST.,1930.000000000000000,-87.652996999999999,41.750636999999998,1930-03-02
600 N. Springfield Ave.,1930.000000000000000,-87.723691000000002,41.891835000000000,1930-03-02
951 N. Ashland Ave,1930.000000000000000,-87.667214999999999,41.899140000000003,1930-03-04
3042 W.63rd st.,1930.000000000000000,-87.699827999999997,41.779136999999999,1930-03-05
2969 Wentworth Ave.,1930.000000000000000,-87.631514999999993,41.839993000000000,1930-03-06
2969 Wentworth Ave.,1930.000000000000000,-87.631514999999993,41.839993000000000,1930-03-06
2969 Wentworth Ave.,1930.000000000000000,-87.631514999999993,41.839993000000000,1930-03-06
1237 E. 55th St,1930.000000000000000,-87.595854000000003,41.794963000000003,1930-03-06
1467 E. 67th st.,1930.000000000000000,-87.589607000000001,41.773162999999997,1930-03-07
1309 W Harrison,1930.000000000000000,-87.659480000000002,41.874063000000000,1930-03-08
5240 Foster Ave.,1930.000000000000000,-87.667383000000001,41.891314000000001,1930-03-08
3565 Rhodes Ave,1930.000000000000000,-87.614215000000002,41.829464000000002,1930-03-08
4633 Prairie Ave.,1930.000000000000000,-87.619415000000004,41.810488999999997,1930-03-09
3334 Rhodes Ave,1930.000000000000000,-87.613483000000002,41.833264000000000,1930-03-09
2025 N. Racine Ave.,1930.000000000000000,-87.658043000000006,41.918602999999997,1930-03-10
1161 Larrabee st.,1930.000000000000000,-87.643015000000005,41.903032000000003,1930-03-11
2946 Jackson Blvd.,1930.000000000000000,-87.700265000000002,41.877536999999997,1930-03-14
3651 Vernon Ave,1930.000000000000000,-87.615314999999995,41.826096000000000,1930-03-14
7648 N. Paulina St.,1930.000000000000000,-87.673283999999995,42.020277000000000,1930-03-14
7648 N. Paulina St.,1930.000000000000000,-87.673283999999995,42.020277000000000,1930-03-14
2023 W. Taylor St.,1930.000000000000000,-87.676850999999999,41.868963000000001,1930-03-15
127 E. 35th St.,1930.000000000000000,-87.622789999999995,41.830896000000003,1930-03-15
2729 E 93 st,1930.000000000000000,-87.557595000000006,41.726197999999997,1930-03-16
4925 Warwick Ave.,1930.000000000000000,-87.750397000000007,41.948663000000003,1930-03-16
4925 Warwick Ave.,1930.000000000000000,-87.750397000000007,41.948663000000003,1930-03-16
2231 Lister ave.,1930.000000000000000,-87.674825190000007,41.922157370000001,1930-03-17
849 N. Hermitage Ave,1930.000000000000000,-87.670815000000005,41.897554000000000,1930-03-17
47th & Dearborn,1930.000000000000000,-87.627146240000002,41.809068439999997,1930-03-17
4658 Hazel Ave,1930.000000000000000,-87.652584000000004,41.965114999999997,1930-03-18
326 S. Racine Ave.,1930.000000000000000,-87.657183000000003,41.876877999999998,1930-03-21
326 S. Racine Ave.,1930.000000000000000,-87.657183000000003,41.876877999999998,1930-03-21
326 S. Racine Ave.,1930.000000000000000,-87.657183000000003,41.876877999999998,1930-03-21
45th & Oakley ave.,1930.000000000000000,-87.682313919999999,41.812043240000001,1930-03-21
850 Anacona st.,1930.000000000000000,-87.649503999999993,41.894036999999997,1930-03-22
3216 Ainslie st.,1930.000000000000000,-87.709142000000000,41.970436999999997,1930-03-22
4527 Forrestville,1930.000000000000000,-87.612515000000002,41.812547000000002,1930-03-25
46th st. & Vincennes ave.,1930.000000000000000,-87.613799569999998,41.811067649999998,1930-03-27
5830 W. Lake ST.,1930.000000000000000,-87.770606999999998,41.888036999999997,1930-04-01
2847 Madison St,1930.000000000000000,-87.697473000000002,41.880963000000001,1930-04-01
749 W. 118th St,1930.000000000000000,-87.641102000000004,41.679563000000002,1930-04-05
29 W. 43rd St.,1930.000000000000000,-87.626964999999998,41.816363000000003,1930-04-05
1340 Newberry Ave.,1930.000000000000000,-87.648083000000000,41.865051999999999,1930-04-12
1435 S State,1930.000000000000000,-87.627054000000001,41.863036000000001,1930-04-13
4338 Langley Ave,1930.000000000000000,-87.609342999999996,41.816071999999998,1930-04-13
4779 Lincoln av,1930.000000000000000,-87.688063000000000,41.968243000000001,1930-04-14
4610 Calumet Ave,1930.000000000000000,-87.618367000000006,41.810903000000003,1930-04-14
2604 Wentworth,1930.000000000000000,-87.632082999999994,41.845337999999998,1930-04-15
1268 Blue Island,1930.000000000000000,-87.654228000000003,41.866197000000000,1930-04-16
3828 Oketo av,1930.000000000000000,-87.812213999999997,41.949362999999998,1930-04-17
1854 W. 17th St,1930.000000000000000,-87.672455999999997,41.858783000000003,1930-04-17
2137 W. Adams St.,1930.000000000000000,-87.680554999999998,41.878563000000000,1930-04-19
2137 W. Adams St.,1930.000000000000000,-87.680554999999998,41.878563000000000,1930-04-19
542 N. Wells St.,1930.000000000000000,-87.634282999999996,41.891843999999999,1930-04-19
542 N. Wells St.,1930.000000000000000,-87.634282999999996,41.891843999999999,1930-04-19
2900 S. Wells St.,1930.000000000000000,-87.633173999999997,41.841056000000002,1930-04-20
2900 S. Wells St.,1930.000000000000000,-87.633173999999997,41.841056000000002,1930-04-20
559 W. 13th St,1930.000000000000000,-87.747360000000000,41.863999999999997,1930-04-20
2900 S. Wells,1930.000000000000000,-87.633173999999997,41.841056000000002,1930-04-20
2900 S. Wells ST,1930.000000000000000,-87.633173999999997,41.841056000000002,1930-04-20
1541 W. 63rd st.,1930.000000000000000,-87.663315999999995,41.779362999999996,1930-04-21
4718 Wabash,1930.000000000000000,-87.624583000000001,41.808866999999999,1930-04-23
769 W. Monroe St.,1930.000000000000000,-87.646953999999994,41.880363000000003,1930-04-23
"3643 Wentworth ave, 2nd fl.",1930.000000000000000,-87.631268000000006,41.828305999999998,1930-04-24
4517 S St Louis,1930.000000000000000,-87.711093000000005,41.811290000000000,1930-04-24
4207 S State St.,1930.000000000000000,-87.626114999999999,41.818055000000001,1930-04-24
37th pl. & Wabash ave.,1930.000000000000000,-87.624850269999996,41.826467460000003,1930-04-25
Ogden Ave. and Washington Blvd.,1930.000000000000000,-87.664611339999993,41.882837830000000,1930-04-26
Ogden Ave. and Washington Blvd.,1930.000000000000000,-87.664611339999993,41.882837830000000,1930-04-26
646 Garfield Ave,1930.000000000000000,-87.641733000000002,41.794517999999997,1930-04-27
74th and Ashland Ave,1930.000000000000000,-87.663516999999999,41.759340070000000,1930-04-30
1812 N. Clark St,1930.000000000000000,-87.634186999999997,41.915013999999999,1930-04-30
1812 N. Clark St,1930.000000000000000,-87.634186999999997,41.915013999999999,1930-04-30
5809 S. Rockwell St.,1930.000000000000000,-87.688599999999994,41.788029999999999,1930-05-03
5809 S. Rockwell St.,1930.000000000000000,-87.688599999999994,41.788029999999999,1930-05-03
5419 Ingleside Ave,1930.000000000000000,-87.602615000000000,41.797327000000003,1930-05-03
355 W. Madison St.,1930.000000000000000,-87.637320000000003,41.881762999999999,1930-05-05
355 W. Madison St.,1930.000000000000000,-87.637320000000003,41.881762999999999,1930-05-05
1233 Carmen ave.,1930.000000000000000,-87.660634999999999,41.974463000000000,1930-05-08
22nd st. & Michigan,1930.000000000000000,-87.623820300000006,41.852860800000002,1930-05-09
3258 N. Clark st.,1930.000000000000000,-87.651566000000003,41.940928000000000,1930-05-12
3258 N. Clark St.,1930.000000000000000,-87.651566000000003,41.940928000000000,1930-05-12
45th St. and Vincennes Ave.,1930.000000000000000,-87.613949779999999,41.812938850000002,1930-05-12
45th St. and Vincennes Ave.,1930.000000000000000,-87.613949779999999,41.812938850000002,1930-05-12
3258 N. Clark St.,1930.000000000000000,-87.651566000000003,41.940928000000000,1930-05-12
3258 N. Clark St.,1930.000000000000000,-87.651566000000003,41.940928000000000,1930-05-12
5055 Federal St.,1930.000000000000000,-87.627915000000002,41.802768000000000,1930-05-12
5801 Indiana Ave.,1930.000000000000000,-87.620507000000003,41.789152000000001,1930-05-13
5801 Indiana Ave.,1930.000000000000000,-87.620507000000003,41.789152000000001,1930-05-13
Milwaukee ave. near Byron st.,1930.000000000000000,-87.744777200000001,41.951878489999999,1930-05-13
113 W. 113th st.,1930.000000000000000,-87.626110999999995,41.688763000000002,1930-05-15
3304 Oconto ave.,1930.000000000000000,-87.808194999999998,41.939995000000003,1930-05-16
5142 S Winchester,1930.000000000000000,-87.673439999999999,41.800410999999997,1930-05-17
5435 S. Halsted St,1930.000000000000000,-87.645015000000001,41.794986000000002,1930-05-18
22 W 18th st,1930.000000000000000,-87.627933999999996,41.857937000000000,1930-05-21
53rd & LaSalle Sts.,1930.000000000000000,-87.629592419999994,41.798143660000001,1930-05-21
5506 S. State St.,1930.000000000000000,-87.625883000000002,41.794089000000000,1930-05-22
1315 W. 78th Street,1930.000000000000000,-87.655959999999993,41.752163000000003,1930-05-24
3308 Wabash ave.,1930.000000000000000,-87.625193999999993,41.834507000000002,1930-05-24
1011 Grand Ave.,1930.000000000000000,-87.652713000000006,41.890962999999999,1930-05-25
5858 Archer ave.,1930.000000000000000,-87.760893999999993,41.796087000000000,1930-05-25
"2940 State st., 2nd fl.",1930.000000000000000,-87.627041000000006,41.840893000000001,1930-05-25
5619 Wentworth ave.,1930.000000000000000,-87.630262999999999,41.792251999999998,1930-05-26
6630 Rhodes Ave,1930.000000000000000,-87.612049999999996,41.774265999999997,1930-05-26
1940 n. California Ave,1930.000000000000000,-87.697383000000002,41.916454999999999,1930-05-27
6018 Dorchester,1930.000000000000000,-87.591656999999998,41.785662000000002,1930-05-29
3150 N Racine,1930.000000000000000,-87.659083999999993,41.939225000000000,1930-05-31
4808 Prarie Ave.,1930.000000000000000,-87.619682999999995,41.807240000000000,1930-06-02
717 W. Grand Ave.,1930.000000000000000,-87.646230000000003,41.891063000000003,1930-06-02
4145 Kenmore Ave,1930.000000000000000,-87.655978000000005,41.957137000000003,1930-06-02
1415 Augusta St.,1930.000000000000000,-87.663199000000006,41.899662999999997,1930-06-02
4842 Indiana Ave,1930.000000000000000,-87.621340000000004,41.806711000000000,1930-06-02
8 W. Delaware Pl.,1930.000000000000000,-87.628697000000003,41.899337000000003,1930-06-04
4335 S St Lawrence,1930.000000000000000,-87.611414999999994,41.816088999999998,1930-06-06
3945 N. Natchez ave.,1930.000000000000000,-87.788814000000002,41.951915999999997,1930-06-07
731 W Madison,1930.000000000000000,-87.646850000000001,41.881663000000003,1930-06-07
5704 W. Madison St.,1930.000000000000000,-87.768332999999998,41.880336999999997,1930-06-07
4807 S. Kedvale Ave.,1930.000000000000000,-87.727014999999994,41.805754999999998,1930-06-07
5324 Winthrop Ave.,1930.000000000000000,-87.657983999999999,41.978709000000002,1930-06-07
5324 Winthrop Ave.,1930.000000000000000,-87.657983999999999,41.978709000000002,1930-06-07
3501 Wabash Ave.,1930.000000000000000,-87.624314999999996,41.830948999999997,1930-06-08
1115 S. Troy St,1930.000000000000000,-87.704215000000005,41.867916999999998,1930-06-09
2320 S. Homan,1930.000000000000000,-87.684527000000003,41.873762999999997,1930-06-10
4845 S. May st.,1930.000000000000000,-87.653814999999994,41.806069999999998,1930-06-15
1537 N Keystone,1930.000000000000000,-87.727514999999997,41.908746999999998,1930-06-15
2572 N. Clark St.,1930.000000000000000,-87.642723000000004,41.929008000000003,1930-06-16
2572 N. Clark St.,1930.000000000000000,-87.642723000000004,41.929008000000003,1930-06-16
2720 W. 24th Pl,1930.000000000000000,-87.693270999999996,41.847537000000003,1930-06-16
1648 W. 18th st.,1930.000000000000000,-87.667557000000002,41.857937000000000,1930-06-19
2027 Canalport Ave.,1930.000000000000000,-87.645757000000003,41.854857000000003,1930-06-19
4704 Wabash Ave.,1930.000000000000000,-87.624583000000001,41.809097000000001,1930-06-21
2339 Greenleaf Ave,1930.000000000000000,-87.688955000000007,42.009720999999999,1930-06-21
8043 Rhodes Ave,1930.000000000000000,-87.611014999999995,41.748558000000003,1930-06-21
1304 E. 72st.,1930.000000000000000,-87.593307499999995,41.764301830000001,1930-06-22
821 N. Clark St.,1930.000000000000000,-87.631052999999994,41.897140000000000,1930-06-25
821 N. Clark St.,1930.000000000000000,-87.631052999999994,41.897140000000000,1930-06-25
714 W. 14th Place,1930.000000000000000,-87.645311000000007,41.862515000000002,1930-06-25
4818 Vincennes Ave.,1930.000000000000000,-87.614024000000001,41.807245000000002,1930-06-27
4060 Dearborn St.,1930.000000000000000,-87.627707000000001,41.822253000000003,1930-06-28
19 W. Adams St,1930.000000000000000,-87.628330000000005,41.879322000000002,1930-06-28
1935 W. 35th st.,1930.000000000000000,-87.674342999999993,41.830263000000002,1930-06-30
4545 Evans Ave,1930.000000000000000,-87.608069000000000,41.812331000000000,1930-06-30
1800 W. 63rd ST,1930.000000000000000,-87.669282999999993,41.779536999999998,1930-07-01
339 E. 42nd St.,1930.000000000000000,-87.618116999999998,41.818263000000002,1930-07-01
8807  Parnell Ave,1930.000000000000000,-87.637300999999994,41.734068000000001,1930-07-03
35th st. & Calumet ave.,1930.000000000000000,-87.618477339999998,41.831072290000002,1930-07-04
42nd st. Ashland ave.,1930.000000000000000,-87.665212150000002,41.817096880000001,1930-07-04
916 S Racine Ave.,1930.000000000000000,-87.656929000000005,41.870258999999997,1930-07-05
3208 Wabash Ave,1930.000000000000000,-87.625184000000004,41.835402000000002,1930-07-05
5953 S. Maplewood Ave,1930.000000000000000,-87.687262000000004,41.785553000000000,1930-07-05
2740 Spaulding ave.,1930.000000000000000,-87.710420999999997,41.931308999999999,1930-07-05
6004 Cottage Grove,1930.000000000000000,-87.606183000000001,41.785696999999999,1930-07-05
6004 Cottage Grove,1930.000000000000000,-87.606183000000001,41.785696999999999,1930-07-05
6004 Cottage Grove Ave.,1930.000000000000000,-87.606183000000001,41.785696999999999,1930-07-05
6004 Cottage Grove Ave.,1930.000000000000000,-87.606183000000001,41.785696999999999,1930-07-05
214 E. 58th St.,1930.000000000000000,-87.620340999999996,41.789437000000000,1930-07-05
660 E. 50th St.,1930.000000000000000,-87.609553000000005,41.804136999999997,1930-07-05
2327 w. Harrison,1930.000000000000000,-87.707712000000001,41.923406999999997,1930-07-06
4756 Cottage Grove Ave,1930.000000000000000,-87.606683000000004,41.808233000000001,1930-07-06
1319 Milwaukee ave.,1930.000000000000000,-87.670034999999999,41.905810000000002,1930-07-07
3140 S. State St.,1930.000000000000000,-87.626960999999994,41.837488000000000,1930-07-07
Madison and Throop St.,1930.000000000000000,-87.659525869999996,41.881543809999997,1930-07-08
Madison and Throop St.,1930.000000000000000,-87.659525869999996,41.881543809999997,1930-07-08
3804 W. 26th st.,1930.000000000000000,-87.719997000000006,41.844436999999999,1930-07-08
7353 Yale ave 1st Fl.,1930.000000000000000,-87.630714999999995,41.760846999999998,1930-07-10
1533 W. 13th St.,1930.000000000000000,-87.666060000000002,41.864963000000003,1930-07-10
4152 Indiana Ave.,1930.000000000000000,-87.621630999999994,41.819204999999997,1930-07-14
4152 Indiana Ave.,1930.000000000000000,-87.621630999999994,41.819204999999997,1930-07-14
315 S. Lincoln,1930.000000000000000,-87.668379999999999,41.669420000000002,1930-07-15
315 S. Lincoln St.,1930.000000000000000,-87.668379999999999,41.669420000000002,1930-07-15
2434 S. Crawford Ave.,1930.000000000000000,-87.721699999999998,41.727919999999997,1930-07-16
2434 S. Crawford Ave.,1930.000000000000000,-87.721699999999998,41.727919999999997,1930-07-16
2345 W. 111th St.,1930.000000000000000,-87.680081999999999,41.691662999999998,1930-07-18
4447 Michigan Ave.,1930.000000000000000,-87.622765000000001,41.813940000000002,1930-07-19
4447 Michigan Ave.,1930.000000000000000,-87.622765000000001,41.813940000000002,1930-07-19
4511 Evans Ave.,1930.000000000000000,-87.608097999999998,41.812888000000001,1930-07-19
4926 Sheridan,1930.000000000000000,-87.655084000000002,41.972113999999998,1930-07-21
449 N. Elizabeth St.,1930.000000000000000,-87.658816000000002,41.890304000000000,1930-07-21
513 E. 35th St.,1930.000000000000000,-87.613760999999997,41.831063000000000,1930-07-21
513 E. 35th St.,1930.000000000000000,-87.613760999999997,41.831063000000000,1930-07-21
228 N. Campbell ave.,1930.000000000000000,-87.689183000000000,41.885227000000000,1930-07-21
1458 Adams ST,1930.000000000000000,-87.663320546384284,41.879078999999997,1930-07-24
543 S. Dearborn st. 2nd fl,1930.000000000000000,-87.629014999999995,41.875048999999997,1930-07-25
4256 Roosevelt Rd.,1930.000000000000000,-87.731796000000003,41.866236999999998,1930-07-26
264 N. Kedzie Ave.,1930.000000000000000,-87.706429000000000,41.885851000000002,1930-07-27
264 N. Kedzie Ave.,1930.000000000000000,-87.706429000000000,41.885851000000002,1930-07-27
56th Street and Cornell Ave.,1930.000000000000000,-87.585432530000006,41.793392490000002,1930-07-28
56th Street and Cornell Ave.,1930.000000000000000,-87.585432530000006,41.793392490000002,1930-07-28
Washburn and Racine Aves.,1930.000000000000000,-87.656672000000000,41.866109309999999,1930-07-29
3703 Vincennes Ave.,1930.000000000000000,-87.611483000000007,41.827280999999999,1930-07-30
3703 Vincennes Ave.,1930.000000000000000,-87.611483000000007,41.827280999999999,1930-07-30
2343 Ohio St.,1930.000000000000000,-87.685830999999993,41.891962999999997,1930-07-30
2343 Ohio St.,1930.000000000000000,-87.685830999999993,41.891962999999997,1930-07-30
3425 W. 31st.,1930.000000000000000,-87.711061999999998,41.836252999999999,1930-07-30
1125 Belden Ave.,1930.000000000000000,-87.656780999999995,41.923287999999999,1930-07-31
42nd St. & Ashland Ave,1930.000000000000000,-87.665212150000002,41.817096880000001,1930-07-31
1829 S. State St.,1930.000000000000000,-87.626983999999993,41.857467999999997,1930-08-02
1824 W. 46 th ST.,1930.000000000000000,-87.670771000000002,41.810536999999997,1930-08-03
6157 Justine st.,1930.000000000000000,-87.662858999999997,41.782091000000001,1930-08-03
611 W. 26th St.,1930.000000000000000,-87.641972999999993,41.845263000000003,1930-08-03
1848 S. Racine Ave.,1930.000000000000000,-87.656582999999998,41.857317999999999,1930-08-05
208 S. California Ave.,1930.000000000000000,-87.696382999999997,41.878203999999997,1930-08-06
5023 N. Kostnar,1930.000000000000000,-87.737814000000000,41.972293000000001,1930-08-06
4300 Drexel Blvd.,1930.000000000000000,-87.604682999999994,41.816763000000002,1930-08-08
5323 Calumet ave.,1930.000000000000000,-87.617514999999997,41.797908999999997,1930-08-08
3517 Giles Ave.,1930.000000000000000,-87.619102999999996,41.830672999999997,1930-08-10
3517 Giles Ave.,1930.000000000000000,-87.619102999999996,41.830672999999997,1930-08-10
1501 Hastings St.,1930.000000000000000,-87.664685000000006,41.863954000000000,1930-08-10
4924 Melrose st.,1930.000000000000000,-87.750077000000005,41.939836999999997,1930-08-10
Hoyne ave. & Pierce st.,1930.000000000000000,-87.679846290000000,41.909303729999998,1930-08-12
508 N. Franklin st.,1930.000000000000000,-87.635718999999995,41.891083000000002,1930-08-15
508 N. Franklin St.,1930.000000000000000,-87.635718999999995,41.891083000000002,1930-08-15
Orleans and Wendell sts.,1930.000000000000000,-87.637338639999996,41.901222969999999,1930-08-16
11204 S. Spaulding Ave. ""file 4751"",1930.000000000000000,-87.703306999999995,41.689435000000003,1930-08-16
3856 Dearborn St.,1930.000000000000000,-87.627782999999994,41.824500999999998,1930-08-17
3856 Dearborn St.,1930.000000000000000,-87.627782999999994,41.824500999999998,1930-08-17
4738 Calumet Ave,1930.000000000000000,-87.618283000000005,41.808639999999997,1930-08-17
4529 Justine St.,1930.000000000000000,-87.663683000000006,41.811622000000000,1930-08-17
3627 S. LaSalle St.,1930.000000000000000,-87.629564000000002,41.828662999999999,1930-08-17
569 W. Madison st.,1930.000000000000000,-87.641822000000005,41.881762999999999,1930-08-18
3809 Fulton ST,1930.000000000000000,-87.721194999999994,41.886662999999999,1930-08-18
312 e 57th st,1930.000000000000000,-87.618612999999996,41.791237000000002,1930-08-20
1119 Branch St,1930.000000000000000,-87.648193000000006,41.849837999999998,1930-08-20
"8400 Buffalo ave, 2nd fl.",1930.000000000000000,-87.544382999999996,41.742762999999997,1930-08-21
in 43rd st. between Prairie & Claumet ave.,1930.000000000000000,-87.619013789999997,41.816457200000002,1930-08-21
8400 Buffalo Ave,1930.000000000000000,-87.544382999999996,41.742762999999997,1930-08-21
4719 Michigan ave.,1930.000000000000000,-87.622614999999996,41.808869999999999,1930-08-21
Addison st. & Western ave.,1930.000000000000000,-87.688257690000000,41.946691860000001,1930-08-21
38 W. 45th pl.,1930.000000000000000,-87.632040000000003,41.811799999999998,1930-08-22
119 S. Green St.,1930.000000000000000,-87.648285999999999,41.880173999999997,1930-08-22
Lake & Oakley Blvd.,1930.000000000000000,-87.684009079999996,41.884706940000001,1930-08-22
3624 Michigan Ave,1930.000000000000000,-87.623383000000004,41.828648000000001,1930-08-23
2959 s Dearborn,1930.000000000000000,-87.627716000000007,41.839669000000001,1930-08-24
610 E 49th st,1930.000000000000000,-87.610894000000002,41.805937000000000,1930-08-24
610 E. 49th st.,1930.000000000000000,-87.610894000000002,41.805937000000000,1930-08-24
1623 Peoria,1930.000000000000000,-87.648594000000003,41.859592999999997,1930-08-27
3810 W. 16th St,1930.000000000000000,-87.720845999999995,41.859037000000001,1930-08-27
4628 S. Spaulding Ave,1930.000000000000000,-87.706652000000005,41.809325999999999,1930-08-27
847 Miller St.,1930.000000000000000,-87.652015000000006,41.871259999999999,1930-08-28
847 Miller St.,1930.000000000000000,-87.652015000000006,41.871259999999999,1930-08-28
110 S. Peoria st.,1930.000000000000000,-87.649782999999999,41.880259000000002,1930-08-28
338 W 25th Pl,1930.000000000000000,-87.635408999999996,41.846536999999998,1930-08-29
Roosevelt rd and Throop,1930.000000000000000,-87.659139629999999,41.866924269999998,1930-08-30
604 E. 49th st.,1930.000000000000000,-87.611086000000000,41.805937000000000,1930-08-30
5615 Calumet av,1930.000000000000000,-87.617395000000002,41.792622000000001,1930-09-01
9551 Ave. M.,1930.000000000000000,-87.537514999999999,41.722130000000000,1930-09-02
9551 Ave. M.,1930.000000000000000,-87.537514999999999,41.722130000000000,1930-09-02
9130 Mackinaw Ave,1930.000000000000000,-87.543082999999996,41.729601000000002,1930-09-04
61 W. Delaware PL,1930.000000000000000,-87.630398000000000,41.898563000000003,1930-09-06
Ashland Ave and Cornelia St.,1930.000000000000000,-87.668817039999993,41.945143770000001,1930-09-06
359 E. 47th St.,1930.000000000000000,-87.617593999999997,41.809263000000001,1930-09-06
817 W. 72nd St,1930.000000000000000,-87.645071000000002,41.763263000000002,1930-09-08
5300 W. Division St.,1930.000000000000000,-87.758381999999997,41.902337000000003,1930-09-08
Wabash av and Pershing Rd,1930.000000000000000,-87.624785900000006,41.823669219999999,1930-09-09
5600 Broadway,1930.000000000000000,-87.660284000000004,41.983741000000002,1930-09-09
2346 S. Canal St,1930.000000000000000,-87.638582999999997,41.849733000000001,1930-09-09
6560 S. Western Ave.,1930.000000000000000,-87.683723999999998,41.774534000000003,1930-09-10
6560 S. Western Ave.,1930.000000000000000,-87.683723999999998,41.774534000000003,1930-09-10
5700 Dickens Ave.,1930.000000000000000,-87.768384999999995,41.918137000000002,1930-09-10
5700 Dickens Ave.,1930.000000000000000,-87.768384999999995,41.918137000000002,1930-09-10
1431 N. Campbell Ave.,1930.000000000000000,-87.689414999999997,41.907249000000000,1930-09-11
1431 N. Campbell Ave.,1930.000000000000000,-87.689414999999997,41.907249000000000,1930-09-11
4337 Indiana Ave.,1930.000000000000000,-87.621215000000007,41.815855999999997,1930-09-11
4337 Indiana Ave.,1930.000000000000000,-87.621215000000007,41.815855999999997,1930-09-11
4618 Federal st,1930.000000000000000,-87.628412999999995,41.810808999999999,1930-09-12
1022 W. Erie St.,1930.000000000000000,-87.651692999999995,41.893441000000003,1930-09-12
4146 Indiana Ave,1930.000000000000000,-87.621635999999995,41.819304000000002,1930-09-12
4732 Calumet ave.,1930.000000000000000,-87.618283000000005,41.808737999999998,1930-09-12
2018 Cleveland ave.,1930.000000000000000,-87.641407000000001,41.918711000000002,1930-09-13
11142 Eggleston Ave.,1930.000000000000000,-87.634083000000004,41.691674999999996,1930-09-13
4056 Sheridan Rd.,1930.000000000000000,-87.654784000000006,41.955841999999997,1930-09-13
1369 Belmont,1930.000000000000000,-87.662919000000002,41.939596000000002,1930-09-14
4326 Armitage av,1930.000000000000000,-87.734829000000005,41.917237000000000,1930-09-14
349 W. Chestnut,1930.000000000000000,-87.637472000000002,41.898063000000000,1930-09-14
1638 W. 33rd St.,1930.000000000000000,-87.666573999999997,41.834296000000002,1930-09-14
9012 Buffalo Ave,1930.000000000000000,-87.544483000000000,41.731665999999997,1930-09-15
127 S. Morgan,1930.000000000000000,-87.651780000000002,41.879990999999997,1930-09-16
3113 Giles av,1930.000000000000000,-87.619296000000006,41.838068000000000,1930-09-17
3912 Normandy Ave.,1930.000000000000000,-87.793959000000001,41.951318000000001,1930-09-17
5120 S. Justine St.,1930.000000000000000,-87.663758000000001,41.800848999999999,1930-09-20
2943 indiana ave.,1930.000000000000000,-87.621791000000002,41.841146999999999,1930-09-20
3117 Normal Ave.,1930.000000000000000,-87.638793000000007,41.837789999999998,1930-09-22
6437 Stewart Ave,1930.000000000000000,-87.634815000000003,41.777467999999999,1930-09-23
944 E. 47th St,1930.000000000000000,-87.602913000000001,41.809682000000002,1930-09-24
Monticello and Wilson Ave,1930.000000000000000,-87.719242570000006,41.964532089999999,1930-09-24
2243 Cottage Grove Ave,1930.000000000000000,-87.625640000000004,41.852054000000003,1930-09-24
2519 1/2 Devon,1930.000000000000000,-87.693027999999998,41.997563000000000,1930-09-26
5116 Indiana Ave,1930.000000000000000,-87.621183000000002,41.801560000000002,1930-09-26
745 W. 54th PL,1930.000000000000000,-87.643842000000006,41.795116000000000,1930-09-28
3204 Giles Ave.,1930.000000000000000,-87.619583000000006,41.836396999999998,1930-09-29
3204 Giles Ave.,1930.000000000000000,-87.619583000000006,41.836396999999998,1930-09-29
222 S. Halsted St.,1930.000000000000000,-87.647482999999994,41.878463000000004,1930-09-30
855 W. 70th St.,1930.000000000000000,-87.646185000000003,41.766863000000001,1930-10-05
855 W. 70th St.,1930.000000000000000,-87.646185000000003,41.766863000000001,1930-10-05
7617 S Wood,1930.000000000000000,-87.668215000000004,41.755383999999999,1930-10-06
947 Leland Ave.,1930.000000000000000,-87.653862000000004,41.967162999999999,1930-10-06
947 Leland Ave.,1930.000000000000000,-87.653862000000004,41.967162999999999,1930-10-06
208 N Artesian,1930.000000000000000,-87.687983000000003,41.884971999999998,1930-10-07
1136 Argyle st.,1930.000000000000000,-87.658423999999997,41.973396999999999,1930-10-07
513 N Sangamon,1930.000000000000000,-87.650899999999993,41.882820000000002,1930-10-08
5858 Stony Island,1930.000000000000000,-87.586827999999997,41.789603000000000,1930-10-08
20 E. 31st St,1930.000000000000000,-87.625893000000005,41.838459999999998,1930-10-12
3174 Milwaukee ave.,1930.000000000000000,-87.723267000000007,41.938589999999998,1930-10-12
4341 Forrestville ave,1930.000000000000000,-87.612615000000005,41.815931999999997,1930-10-12
4728 Ingleside Ave.,1930.000000000000000,-87.602950000000007,41.808593999999999,1930-10-13
4728 Ingleside Ave.,1930.000000000000000,-87.602950000000007,41.808593999999999,1930-10-13
3757 Rhodes Ave,1930.000000000000000,-87.614215000000002,41.826282999999997,1930-10-13
9331 Woodland Ave,1930.000000000000000,-87.594680999999994,41.725259999999999,1930-10-15
6731 S. State,1930.000000000000000,-87.624881000000002,41.772055000000002,1930-10-15
3600 S. Halsted,1930.000000000000000,-87.646270000000001,41.828553999999997,1930-10-17
5132 S. Wabash Ave.,1930.000000000000000,-87.624460999999997,41.801278000000003,1930-10-18
5132 S. Wabash Ave.,1930.000000000000000,-87.624460999999997,41.801278000000003,1930-10-18
1447 Taylor St.,1930.000000000000000,-87.663286999999997,41.869163000000000,1930-10-18
513 N. Sangamon,1930.000000000000000,-87.650899999999993,41.882820000000002,1930-10-18
837 E. 61st St.,1930.000000000000000,-87.605339000000001,41.783903000000002,1930-10-21
7605 S. Peoria,1930.000000000000000,-87.646415000000005,41.755885999999997,1930-10-21
205 N. Kolmar ave.,1930.000000000000000,-87.739014999999995,41.883391000000003,1930-10-23
836 n. racine ave.,1930.000000000000000,-87.657715999999994,41.897322000000003,1930-10-24
64th St. and University Ave.,1930.000000000000000,-87.597126959999997,41.779120829999997,1930-10-25
64th St. and University Ave.,1930.000000000000000,-87.597126959999997,41.779120829999997,1930-10-25
1959 S. Spaulding Ave.,1930.000000000000000,-87.707582000000002,41.854816999999997,1930-10-26
1959 S. Spaulding Ave.,1930.000000000000000,-87.707582000000002,41.854816999999997,1930-10-26
2554 Maypole Ave,1930.000000000000000,-87.690173000000001,41.883837000000000,1930-10-27
434 S. Loomis St.,1930.000000000000000,-87.661983000000006,41.875979999999998,1930-10-28
434 S. Loomis St.,1930.000000000000000,-87.661983000000006,41.875979999999998,1930-10-28
4319 S. State St,1930.000000000000000,-87.626074000000003,41.816133000000001,1930-11-01
5406 Jackson Blvd.,1930.000000000000000,-87.759725000000003,41.876736999999999,1930-11-01
1044 W. 14th St,1930.000000000000000,-87.651598000000007,41.863636999999997,1930-11-02
411 Bowen ave.,1930.000000000000000,-87.616113999999996,41.819178999999998,1930-11-02
1082 N. Marshfield,1930.000000000000000,-87.668882999999994,41.901834000000001,1930-11-02
3443  S. Morgan,1930.000000000000000,-87.650814999999994,41.831431000000002,1930-11-02
6029 N. Austin,1930.000000000000000,-87.777714000000003,41.990696000000000,1930-11-02
5719 N. Austin,1930.000000000000000,-87.777814000000006,41.985149000000000,1930-11-02
1455 S. Springfield,1930.000000000000000,-87.722359999999995,41.861522000000001,1930-11-03
468 W. 28th St.,1930.000000000000000,-87.639522999999997,41.843736999999997,1930-11-07
468 W. 28th St.,1930.000000000000000,-87.639522999999997,41.843736999999997,1930-11-07
4531 Indiana Ave,1930.000000000000000,-87.621115000000003,41.812286000000000,1930-11-07
10520 Ewung Ave,1930.000000000000000,-87.535482999999999,41.704135000000001,1930-11-07
6238 Ellis Ave.,1930.000000000000000,-87.601242999999997,41.781571999999997,1930-11-07
6238 Ellis Ave.,1930.000000000000000,-87.601242999999997,41.781571999999997,1930-11-07
70th Pl. and Oglesby Ave.,1930.000000000000000,-87.568180560000002,41.767118670000002,1930-11-08
70th Pl. and Oglesby Ave.,1930.000000000000000,-87.568180560000002,41.767118670000002,1930-11-08
4603 S. Federal St.,1930.000000000000000,-87.628050000000002,41.811086000000003,1930-11-08
4603 S. Federal St.,1930.000000000000000,-87.628050000000002,41.811086000000003,1930-11-08
4125 W. 18th st.,1930.000000000000000,-87.727958000000001,41.856862999999997,1930-11-08
4101 W. 18th St,1930.000000000000000,-87.727501000000004,41.856862999999997,1930-11-08
Kedzie and Madison,1930.000000000000000,-87.706110480000007,41.881000630000003,1930-11-09
41st & Michigan,1930.000000000000000,-87.623155120000007,41.820135270000002,1930-11-09
6534 Vernon ave.,1930.000000000000000,-87.614483000000007,41.775939999999999,1930-11-11
3232 Union av,1930.000000000000000,-87.643947999999995,41.835633000000001,1930-11-12
1941 w. grand ave.,1930.000000000000000,-87.675523999999996,41.890763000000000,1930-11-13
3313 Lowe Av,1930.000000000000000,-87.642304999999993,41.834048000000003,1930-11-14
Lawndale av between Eddy st and Addison,1930.000000000000000,-87.719929219999997,41.945846000000003,1930-11-14
5539 Glenwood ave.,1930.000000000000000,-87.664714000000004,41.982832000000002,1930-11-14
N.W. corner of Roosevelt Rd. Halsted St.,1930.000000000000000,-87.647123339999993,41.867307779999997,1930-11-14
5428 Byron st.,1930.000000000000000,-87.762787000000003,41.951636999999998,1930-11-15
5601 Blackstone,1930.000000000000000,-87.590114999999997,41.793146999999998,1930-11-16
Grand Ave. and Dearborn St.,1930.000000000000000,-87.629656789999999,41.891575830000001,1930-11-16
Grand Ave. and Dearborn St.,1930.000000000000000,-87.629656789999999,41.891575830000001,1930-11-16
445 E. 43st,1930.000000000000000,-87.615044119999993,41.816441210000001,1930-11-16
1809 Patterson ave.,1930.000000000000000,-87.674657999999994,41.947854000000000,1930-11-16
1748 Augusta st.,1930.000000000000000,-87.671424999999999,41.899737000000002,1930-11-16
3557 S. LaSalle St.,1930.000000000000000,-87.629602000000006,41.829847000000001,1930-11-16
4301 Wentworth ave.,1930.000000000000000,-87.631015000000005,41.816257999999998,1930-11-17
2705 Frances,1930.000000000000000,-87.694374999999994,41.919114999999998,1930-11-19
3243 N. Western Ave,1930.000000000000000,-87.687740000000005,41.940575000000003,1930-11-19
4540 Wallace,1930.000000000000000,-87.640883000000002,41.811472000000002,1930-11-20
5137 S Wentworth,1930.000000000000000,-87.630515000000003,41.801569000000001,1930-11-21
255 W. 31st St,1930.000000000000000,-87.633375999999998,41.838062999999998,1930-11-22
1921 W. 22nd St.,1930.000000000000000,-87.674014999999997,41.852063000000001,1930-11-23
29th and Indiana,1930.000000000000000,-87.622039319999999,41.841975460000000,1930-11-25
3209 S Morgan,1930.000000000000000,-87.650914999999998,41.835889000000002,1930-11-26
724 W 31st st,1930.000000000000000,-87.644695999999996,41.838236999999999,1930-11-27
341 E. 42nd St,1930.000000000000000,-87.618089999999995,41.818263000000002,1930-11-27
71st St. and Cottage Grove Ave.,1930.000000000000000,-87.605495450000006,41.765678260000001,1930-11-27
71st St. and Cottage Grove Ave.,1930.000000000000000,-87.605495450000006,41.765678260000001,1930-11-27
818 W. Randolph St.,1930.000000000000000,-87.648154000000005,41.884636999999998,1930-11-29
3940 N. Monticello ave.,1930.000000000000000,-87.719183999999998,41.952674000000002,1930-12-01
2962 S. State,1930.000000000000000,-87.627021999999997,41.840415999999998,1930-12-02
1748 Washburne,1930.000000000000000,-87.670634000000007,41.866036999999999,1930-12-03
2019 Lincoln Ave,1930.000000000000000,-87.639232000000007,41.918804999999999,1930-12-04
3300 W. Harrison st.,1930.000000000000000,-87.708483000000001,41.873837000000002,1930-12-04
718 S. Claremont ave.,1930.000000000000000,-87.685159999999996,41.872598000000004,1930-12-05
4731 S.  Justine St.,1930.000000000000000,-87.663515000000004,41.807690000000001,1930-12-05
